"Поисковая фраза","Поисковая система","Визиты","Посетители","Отказы","Глубина просмотра","Время на сайте"
"Итого и средние","","10171","6595","0.18936191131648805","1.5544194277848786","00:01:22"
"метотехника","Яндекс","899","307","0.06674082313681869","1.7975528364849833","00:01:41"
"калькулятор металла","Яндекс","162","12","0.030864197530864196","1.0740740740740742","00:00:41"
"метатехника","Яндекс","132","37","0.015151515151515152","1.4924242424242424","00:00:31"
"титан","Яндекс","82","78","0.04878048780487805","1.2926829268292683","00:00:28"
"калькулятор хн78т","Яндекс","69","2","0.07246376811594203","1.1304347826086956","00:01:29"
"проволока дкрм 0,5 бт нх9,5-мнмц 43-0,5 2 гост1790-2016","Яндекс","69","1","0.043478260869565216","1.1014492753623188","00:00:53"
"метотехника калькулятор","Яндекс","68","20","0.0588235294117647","1.2647058823529411","00:01:01"
"вольфрам","Яндекс","64","62","0.09375","1.359375","00:00:44"
"порошок птс птм","Яндекс","59","1","0.01694915254237288","1.0338983050847457","00:00:16"
"калькулятор сплавов","Яндекс","55","11","0.10909090909090909","1.018181818181818","00:00:24"
"метотехника ооо","Яндекс","54","1","0.0","1.0555555555555556","00:00:46"
"сорта молибдена","Яндекс","43","1","0.023255813953488372","1.1162790697674418","00:01:21"
"термопара вр5/20, 0,05 мм(50мкм)","Яндекс","43","1","0.023255813953488372","1.0465116279069768","00:00:55"
"калькулятор никеля","Яндекс","42","7","0.023809523809523808","1.0952380952380953","00:00:28"
"никель","Яндекс","41","40","0.0975609756097561","1.3170731707317074","00:00:58"
"фехраль квадратная проволока гост","Яндекс","39","1","0.0","1.6923076923076923","00:01:48"
"молибден","Яндекс","38","35","0.10526315789473684","1.4736842105263157","00:00:43"
"нмжмц28-2,5-1,5","Яндекс","38","1","0.0","1.0526315789473684","00:00:16"
"олово анод ту","Яндекс","37","1","0.1081081081081081","1.2432432432432432","00:01:14"
"калькулятор металлопроката по плотности","Яндекс","36","6","0.08333333333333331","1.1388888888888888","00:00:53"
"метотехника металл","Яндекс","36","21","0.027777777777777776","2.4166666666666665","00:01:21"
"молибден мчвп гост","Яндекс","35","1","0.0","1.0571428571428572","00:00:44"
"Ниобиевый круг НТ-47 ф10 мм","Яндекс","29","1","0.0","1.1379310344827587","00:00:16"
"калькулятор металла по плотности","Яндекс","29","3","0.0","1.0","00:00:15"
"максимальная рабочая температура фехралевой проволоки","Яндекс","29","1","0.3448275862068966","1.1724137931034482","00:01:43"
"калькулятор молибдена","Яндекс","28","12","0.10714285714285714","1.2857142857142858","00:02:08"
"где найти твердый сплав","Яндекс","27","26","0.0","2.259259259259259","00:00:40"
"метатехника официальный сайт","Яндекс","27","9","0.0","2.6296296296296298","00:00:50"
"cr","Яндекс","26","25","0.0","1.5384615384615385","00:00:29"
"89220259564","Яндекс","25","1","0.04","5.56","00:02:53"
"нихромовая нить","Яндекс","25","25","0.96","1.0","00:00:00"
"метал калькулятор","Яндекс","24","1","0.08333333333333331","1.125","00:01:54"
"метотех","Яндекс","24","10","0.125","2.2916666666666665","00:00:22"
"Нагревательный кабель metotech ru","Яндекс","23","23","0.9565217391304348","1.0","00:00:00"
"рений в штабиках сечением 5,5*5,5 производство","Яндекс","23","1","0.0","1.0","00:00:15"
"никель это","Яндекс","22","20","0.045454545454545456","1.7272727272727273","00:00:32"
"ост 1 90000-70","Яндекс","22","19","0.09090909090909091","1.5454545454545454","00:02:01"
"титан характеристики","Яндекс","22","22","0.0","1.6818181818181819","00:00:35"
"кобальт","Яндекс","21","21","0.19047619047619047","1.380952380952381","00:01:20"
"роль хрома в стали.","Яндекс","20","1","0.0","6.05","00:11:12"
"rfkmrekznjh vtnjnt[","Яндекс","19","1","0.05263157894736842","1.0","00:00:16"
"калькулятор тугоплавких металлов","Яндекс","19","3","0.0","1.0526315789473684","00:01:52"
"металлургическая доска объявлений - покупка и продажа металла и металлопроката.","Яндекс","19","1","0.3157894736842105","6.526315789473684","00:03:22"
"ту 48-13-16-91","Яндекс","19","4","0.0","1.2105263157894737","00:00:41"
"х275ю5т круг","Яндекс","19","1","0.0","1.263157894736842","00:01:31"
"metotech calc","Яндекс","18","1","0.0","1.0555555555555556","00:01:28"
"www metotech ru","Яндекс","18","1","0.05555555555555555","1.0555555555555556","00:01:12"
"ту 48-19-39-85","Яндекс","18","12","0.2777777777777778","1.2777777777777777","00:02:21"
"как расплавить кобальт","Яндекс","17","16","0.0","1.4705882352941178","00:00:23"
"ту 48-19-284-7","Яндекс","17","1","0.0","2.0","00:00:32"
"ту 48-21-783-85","Яндекс","17","10","0.0","1.5294117647058822","00:02:07"
"доска объявлений металлопрокат","Яндекс","16","5","0.375","6.9375","00:03:43"
"калькулятор металла никель","Яндекс","16","7","0.0","1.1875","00:00:24"
"нп2 лента","Яндекс","15","1","0.0","1.0","00:00:15"
"ост 1 90013-81","Яндекс","15","15","0.26666666666666666","1.2","00:01:20"
"ост 1 90173-75","Яндекс","15","12","0.33333333333333326","1.6","00:03:42"
"тантал","Яндекс","15","15","0.2","1.0666666666666667","00:00:12"
"вольфрам цена биржа","Яндекс","14","13","0.7142857142857143","1.8571428571428572","00:00:43"
"титан элемент","Яндекс","14","12","0.0","1.5714285714285714","00:00:30"
"ту 48-19-27-88","Яндекс","14","10","0.07142857142857142","1.4285714285714286","00:00:20"
"ту 48-19-272-83","Яндекс","14","7","0.0","1.0","00:00:15"
"ту 48-21-284-73 скачать","Яндекс","14","2","0.21428571428571427","1.0","00:00:11"
"ТУ 48-21-14-2007","Яндекс","13","1","0.0","1.1538461538461537","00:00:35"
"Титан","Яндекс","13","13","0.07692307692307693","1.2307692307692308","00:00:19"
"мельхиор это сплав каких металлов","Яндекс","13","13","0.6923076923076923","1.2307692307692308","00:00:13"
"монель металл состав сплава","Яндекс","13","4","0.0","1.8461538461538463","00:00:32"
"ост 1 90000-70 штамповки и поковки из титановых сплавов","Яндекс","13","13","0.0","1.3076923076923077","00:00:39"
"расчет нагревателя из нихрома","Яндекс","13","5","0.0","1.1538461538461537","00:02:20"
"рений","Яндекс","13","13","0.0","1.1538461538461537","00:00:41"
"ту 48 19 72 92","Яндекс","13","1","0.0","1.4615384615384615","00:00:37"
"калькулятор металла онлайн","Яндекс","12","1","0.0","1.0","00:00:17"
"метатех москва","Яндекс","12","1","0.0","1.75","00:00:25"
"метотехника нихромовая проволока","Яндекс","12","6","0.0","1.3333333333333333","00:00:22"
"пруток  молибденовый (мч)","Яндекс","12","2","0.0","1.0833333333333333","00:00:32"
"ti характеристики","Яндекс","11","11","0.0","2.5454545454545454","00:01:15"
"Где найти твердый сплав","Яндекс","11","10","0.0","3.1818181818181817","00:00:50"
"калькулятор вольфрама","Яндекс","11","8","0.0","1.1818181818181819","00:00:25"
"калькулятор спиралей","Яндекс","11","2","0.0","1.0909090909090908","00:00:21"
"метотехника нихром","Яндекс","11","6","0.0","3.3636363636363638","00:04:44"
"молибден марки","Яндекс","11","1","0.0","1.0909090909090908","00:00:33"
"монель","Яндекс","11","9","0.2727272727272727","2.0","00:02:10"
"нпк метотехника","Яндекс","11","9","0.09090909090909091","1.6363636363636365","00:00:38"
"проволока фехраль","Яндекс","11","11","1.0","1.0","00:00:00"
"титан металл","Яндекс","11","11","0.09090909090909091","1.0909090909090908","00:00:18"
"ту 48-19-203-85","Яндекс","11","10","0.0","1.4545454545454546","00:01:04"
"ту 48-19-259-85","Яндекс","11","10","0.0","1.6363636363636365","00:01:59"
"ту 48-19-472-90","Яндекс","11","9","0.2727272727272727","1.9090909090909092","00:03:41"
"ту 48-4-374-76","Яндекс","11","8","0.0","1.7272727272727273","00:04:47"
"info@metotech.ru","Яндекс","10","7","0.0","2.3","00:02:01"
"metotech.ru","Яндекс","10","8","0.3","2.7","00:00:57"
"калькулятор драгметаллов из листа","Яндекс","10","1","0.0","1.1","00:00:39"
"карбид зачем нужен","Яндекс","10","10","0.0","3.2","00:00:57"
"монель что это за материал","Яндекс","10","10","0.0","1.7","00:01:48"
"ост 1 90013-81 сплавы титановые марки","Яндекс","10","8","0.1","1.1","00:01:47"
"ост 1 90015-77","Яндекс","10","9","0.4","1.0","00:00:09"
"ост 1 90027-71","Яндекс","10","9","0.2","1.1","00:00:23"
"ферромолибден","Яндекс","10","3","0.4","1.2","00:00:20"
"ферросплавы","Яндекс","10","10","0.1","1.3","00:00:53"
"metotech калькулятор","Яндекс","9","2","0.0","1.1111111111111112","00:00:41"
"Вольфрам","Яндекс","9","9","0.0","1.0","00:00:20"
"Кобальт","Яндекс","9","9","0.1111111111111111","1.4444444444444444","00:00:20"
"калькулятор металлы и сплавы","Яндекс","9","3","0.1111111111111111","1.0","00:00:20"
"калькулятор проволоки","Яндекс","9","2","0.0","1.1111111111111112","00:00:43"
"карбид железа","Яндекс","9","1","0.0","1.3333333333333333","00:00:19"
"нагревательный кабель metotech ru","Яндекс","9","9","1.0","1.0","00:00:00"
"производители маломагнитных сталей","Яндекс","9","1","0.1111111111111111","2.4444444444444446","00:01:02"
"содержание никеля в алюмели","Яндекс","9","1","0.2222222222222222","1.2222222222222223","00:00:29"
"титан металл свойства","Яндекс","9","9","0.0","1.0","00:00:14"
"ту 1140-077-00187240-10","Яндекс","9","1","0.1111111111111111","1.0","00:00:14"
"ту 3567-022-66158671-2016","Яндекс","9","4","0.2222222222222222","2.111111111111111","00:03:08"
"ту 48-19-106-91","Яндекс","9","7","0.1111111111111111","1.1111111111111112","00:00:24"
"ту 48-19-251-85","Яндекс","9","7","0.1111111111111111","1.4444444444444444","00:01:17"
"ту 48-19-72-92","Яндекс","9","8","0.1111111111111111","3.2222222222222223","00:05:23"
"ту 48-21-17-80","Яндекс","9","7","0.0","2.5555555555555554","00:03:16"
"цирконий","Яндекс","9","9","0.2222222222222222","1.0","00:00:11"
"цирконий листы","Яндекс","9","2","0.0","1.1111111111111112","00:00:16"
"05х12н5к14м5тв-вд","Яндекс","8","1","0.125","1.0","00:00:13"
"Молибден","Яндекс","8","7","0.0","1.875","00:00:32"
"зачем нужен карбид","Яндекс","8","8","0.0","3.125","00:05:01"
"калькулятор метотехника","Яндекс","8","5","0.125","1.125","00:00:32"
"калькулятор расчета молибдена","Яндекс","8","2","0.125","2.0","00:00:43"
"калькулятор спирали","Яндекс","8","2","0.125","1.0","00:00:17"
"константан","Яндекс","8","7","0.25","1.625","00:03:06"
"корбит это простыми словами","Яндекс","8","8","0.0","3.0","00:00:44"
"метотехника москва","Яндекс","8","6","0.125","2.25","00:04:10"
"ост 1 90006-86","Яндекс","8","8","0.25","2.0","00:03:23"
"печь электросопротивления","Яндекс","8","1","0.0","1.0","00:00:15"
"проволока нихром фехраль","Яндекс","8","1","0.0","2.375","00:02:46"
"термопарная проволока","Яндекс","8","1","0.0","1.125","00:00:16"
"титановый лист metotech ru","Яндекс","8","8","0.375","1.0","00:00:09"
"ту 48-19-228-76","Яндекс","8","3","0.125","1.375","00:00:27"
"ту 48-19-254-91","Яндекс","8","6","0.25","1.375","00:00:18"
"ту 48-19-76-90","Яндекс","8","5","0.125","2.375","00:01:51"
"ферроникель гост","Яндекс","8","8","0.25","1.25","00:04:59"
"фехраль фольга 0,3","Яндекс","8","1","0.125","1.25","00:05:04"
"Cr","Яндекс","7","7","0.0","2.0","00:00:30"
"Фехралевая проволока диаметр количество в бухте фехраль марка стали","Яндекс","7","7","0.0","1.7142857142857142","00:01:45"
"алюмель 1,5 механические свойства","Яндекс","7","2","0.0","1.0","00:00:17"
"ванадий электролитический вэл- 1","Яндекс","7","2","0.0","1.1428571428571428","00:00:18"
"вольфрам цена на бирже","Яндекс","7","7","0.7142857142857143","2.2857142857142856","00:01:16"
"вольфрамовая нить","Яндекс","7","7","0.2857142857142857","1.1428571428571428","00:00:11"
"длина спирали онлайн калькулятор","Яндекс","7","7","0.42857142857142855","1.1428571428571428","00:04:25"
"калькулятор металла в граммах","Яндекс","7","1","0.0","1.0","00:00:18"
"калькулятор металла вт16","Яндекс","7","1","0.0","1.0","00:00:15"
"мототехника металл","Яндекс","7","2","0.0","1.8571428571428572","00:01:27"
"нихрома","Яндекс","7","7","0.0","1.5714285714285714","00:00:31"
"ост 1 90000","Яндекс","7","7","0.2857142857142857","1.4285714285714286","00:03:30"
"ост 1 90050-72","Яндекс","7","7","0.14285714285714285","1.0","00:00:12"
"ост 1 90173","Яндекс","7","7","0.2857142857142857","1.2857142857142858","00:00:10"
"ост 1 92062-90","Яндекс","7","6","0.2857142857142857","1.0","00:00:10"
"ост 190013-81","Яндекс","7","7","0.2857142857142857","2.0","00:00:26"
"посчитать вес тантала","Яндекс","7","1","0.0","1.1428571428571428","00:00:18"
"рений металл","Яндекс","7","7","0.14285714285714285","1.0","00:00:15"
"сколько стоит титан","Яндекс","7","7","0.5714285714285714","1.0","00:00:06"
"титан лист","Яндекс","7","7","0.42857142857142855","1.0","00:00:09"
"титан метал","Яндекс","7","6","0.0","1.1428571428571428","00:00:17"
"титан металл свойства и применение","Яндекс","7","7","0.0","1.0","00:00:16"
"титановый пруток metotech ru","Яндекс","7","7","0.5714285714285714","1.0","00:00:06"
"ту 14-1-3225-81","Яндекс","7","6","0.0","1.1428571428571428","00:03:19"
"ту 3568-011-66158671-2013","Яндекс","7","4","0.0","1.1428571428571428","00:00:31"
"ту 48-19-284-84","Яндекс","7","6","0.14285714285714285","3.4285714285714284","00:07:15"
"ту 48-21-128-72","Яндекс","7","5","0.0","1.1428571428571428","00:00:45"
"фехралевая проволока диаметр количество в бухте фехраль марка стали","Яндекс","7","7","0.7142857142857143","1.4285714285714286","00:00:23"
"цена вольфрама на бирже","Яндекс","7","7","0.7142857142857143","1.4285714285714286","00:00:13"
"Ti  характеристики","Яндекс","6","5","0.0","1.8333333333333333","00:00:38"
"Вольфрам это металл","Яндекс","6","4","0.16666666666666663","1.0","00:00:16"
"вольфрам лме","Яндекс","6","2","0.16666666666666663","1.3333333333333333","00:00:17"
"калькулятор металла слиток","Яндекс","6","3","0.16666666666666663","1.1666666666666667","00:00:28"
"калькулятор металла хн78т","Яндекс","6","2","0.0","1.0","00:00:23"
"калькулятор металла хн78т это","Яндекс","6","1","0.0","1.0","00:00:20"
"калькулятор нихром","Яндекс","6","2","0.0","1.0","00:00:23"
"калькулятор припоя","Яндекс","6","6","0.16666666666666663","1.0","00:00:21"
"круг от4-1 кр 65 ост1.90266-86""м"" ост1.90266-86","Яндекс","6","1","0.0","1.5","00:00:21"
"круг ф 7мм вт-1-0 ост 1-90173-75 купить","Яндекс","6","1","0.0","1.3333333333333333","00:02:00"
"метотехнтка калькулятор","Яндекс","6","1","0.16666666666666663","1.5","00:05:45"
"олово","Яндекс","6","6","0.16666666666666663","1.1666666666666667","00:00:29"
"олово это металл или нет","Яндекс","6","6","0.0","3.0","00:01:04"
"ост 1 90006","Яндекс","6","5","0.33333333333333326","1.3333333333333333","00:02:20"
"ост 1 90013","Яндекс","6","6","0.16666666666666663","1.8333333333333333","00:08:20"
"ост 1.90201-75","Яндекс","6","4","0.0","1.8333333333333333","00:07:01"
"расчёт нихромовой спирали по мощности онлайн калькулятор","Яндекс","6","4","0.0","1.0","00:00:20"
"рений металл свойства и применение","Яндекс","6","6","0.0","1.1666666666666667","00:00:51"
"рений что это за металл","Яндекс","6","6","0.16666666666666663","1.0","00:00:12"
"стоимость титана","Яндекс","6","6","0.33333333333333326","1.0","00:00:09"
"тантал свойства и применение","Яндекс","6","6","0.0","1.5","00:01:18"
"титан листы metotech ru","Яндекс","6","6","0.5","1.0","00:00:07"
"титан цена","Яндекс","6","6","0.5","1.0","00:00:07"
"ту 14-22-57-92","Яндекс","6","5","0.0","2.0","00:02:55"
"ту 48-19-245","Яндекс","6","1","0.0","1.0","00:00:15"
"ту 48-19-27-88 вольфрам лантанированный в виде прутков","Яндекс","6","6","0.0","1.1666666666666667","00:00:17"
"ту 48-19-57-91","Яндекс","6","6","0.16666666666666663","1.0","00:00:13"
"ту 48-21-145-72","Яндекс","6","4","0.16666666666666663","1.1666666666666667","00:00:15"
"ту 48-4-373-76","Яндекс","6","6","0.0","1.5","00:04:13"
"ту никелевые трубы","Яндекс","6","1","0.0","1.0","00:00:16"
"ту48-19-272","Яндекс","6","1","0.16666666666666663","1.3333333333333333","00:03:06"
"хн60вт калькулятор металла","Яндекс","6","3","0.0","1.0","00:00:29"
"цирконий это","Яндекс","6","6","0.0","1.0","00:00:15"
"яе0.021.057 ту","Яндекс","6","5","0.16666666666666663","1.5","00:00:55"
"1-92062-90","Яндекс","5","1","0.2","1.0","00:00:14"
"metotech","Яндекс","5","2","0.0","1.0","00:00:27"
"Никель","Яндекс","5","5","0.0","1.4","00:00:33"
"Титан характеристики","Яндекс","5","5","0.0","1.0","00:00:22"
"бтвт 450","Яндекс","5","3","0.0","3.2","00:08:35"
"ванадий","Яндекс","5","5","0.0","2.6","00:03:23"
"вольфрам металл","Яндекс","5","5","0.8","1.0","00:00:03"
"вольфрам цена","Яндекс","5","5","0.6","1.0","00:00:06"
"вольфрамовый штабик 12х12мм вш","Яндекс","5","2","0.0","1.2","00:00:16"
"где используется мельхиор","Яндекс","5","4","0.2","4.8","00:03:46"
"длинна витка","Rambler","5","1","0.0","1.2","00:05:46"
"европейский спот-рынк стоимость сурьмы","Яндекс","5","1","0.6","1.4","00:05:03"
"калькулятор металлопродукции с плотностью","Яндекс","5","3","0.0","1.0","00:00:15"
"калькулятор молибдена онлайн калькулятор","Яндекс","5","3","0.0","1.4","00:06:31"
"калькулятор ниобий","Яндекс","5","1","0.2","1.0","00:00:16"
"кобальтовый штабик","Яндекс","5","1","0.2","1.0","00:00:17"
"коррозионностойкие, жаростойкие и высокопрочные стали в среде крепкой щелочи","Яндекс","5","1","0.0","1.0","00:00:14"
"марки молибдена","Яндекс","5","2","0.0","11.4","00:20:03"
"марки титана","Яндекс","5","4","0.4","1.2","00:00:17"
"метотехника сайт","Яндекс","5","3","0.0","2.2","00:02:05"
"метотехника титан","Яндекс","5","2","0.0","2.8","00:01:41"
"молибден гост","Яндекс","5","2","0.0","1.4","00:01:10"
"молибден это","Яндекс","5","5","0.2","1.4","00:01:29"
"монель-металл это","Яндекс","5","5","0.0","1.0","00:00:17"
"ниобий","Яндекс","5","5","0.0","2.6","00:03:42"
"нихромовый кабель в изоляции","Яндекс","5","1","0.0","1.0","00:00:15"
"ост 1 90050","Яндекс","5","5","0.0","1.0","00:00:15"
"ост 1 90107-73 прутки кованые из титановых сплавов","Яндекс","5","5","0.0","1.4","00:02:07"
"ост 1 90201-75","Яндекс","5","4","0.2","1.2","00:00:34"
"ост 1.90107-73","Яндекс","5","3","0.0","1.4","00:00:18"
"ост1 90000-70","Яндекс","5","5","0.0","1.0","00:00:15"
"ост1 90013-81","Яндекс","5","4","0.2","1.0","00:00:12"
"ост1 90173-75","Яндекс","5","5","0.2","1.0","00:00:12"
"ост1.90201-75","Яндекс","5","3","0.2","2.0","00:00:22"
"ост190015-77","Яндекс","5","1","0.2","1.4","00:01:10"
"порошковые материалы","Яндекс","5","5","0.6","1.0","00:00:06"
"почему падает эдс термопары при работе","Яндекс","5","1","0.0","1.0","00:00:14"
"прецензионные стали и сплавы","Яндекс","5","2","0.2","2.4","00:04:18"
"проволока 1,5 мм нмцатк","Яндекс","5","1","0.2","1.0","00:00:23"
"рассчитать вес свинца 262х200х70мм","Яндекс","5","1","0.0","1.8","00:08:46"
"сви-1 ту48-19-221-83","Яндекс","5","1","0.4","1.6","00:00:18"
"свойства титана металла","Яндекс","5","5","0.0","1.4","00:06:49"
"сталь на лондонской бирже","Яндекс","5","5","1.0","1.0","00:00:00"
"трубамет.ру доска объявлений","Яндекс","5","1","1.0","1.0","00:00:00"
"ту 14-1-3223-81","Яндекс","5","5","0.2","1.4","00:00:17"
"ту 1870-258-00196109-01","Яндекс","5","3","0.0","1.4","00:01:13"
"ту 48-19-102-82","Яндекс","5","4","0.0","1.0","00:00:16"
"ту 48-19-247-93","Яндекс","5","5","0.2","1.0","00:00:12"
"ту 48-19-39-95","Яндекс","5","5","0.0","4.0","00:06:25"
"ту 48-21-284-73","Яндекс","5","4","0.0","1.8","00:01:25"
"ту 48-21-33-72","Яндекс","5","2","0.0","1.0","00:00:19"
"фехраль","Яндекс","5","5","0.2","1.6","00:00:52"
"цена вольфрама","Яндекс","5","5","0.6","1.0","00:00:07"
"цена на сталь на лондонской бирже график","Яндекс","5","5","0.4","2.0","00:01:40"
"цена тантала на бирже металлов","Яндекс","5","3","0.4","1.4","00:00:15"
"что такое молибден","Яндекс","5","5","0.4","1.0","00:00:08"
"яео.021.105 ту","Яндекс","5","4","0.2","7.2","00:02:37"
"75 элемент таблицы менделеева","Яндекс","4","3","0.25","1.25","00:00:15"
"ti-por поритсый титан","Яндекс","4","1","0.0","1.0","00:00:11"
"ЗС Барьер","Яндекс","4","1","0.25","1.0","00:00:19"
"ОСТ 1 92062-90","Яндекс","4","3","0.0","1.5","00:03:02"
"ТУ 48-4-374-76","Яндекс","4","3","0.0","1.5","00:02:06"
"ванадий цена на бирже","Яндекс","4","4","0.75","1.25","00:00:04"
"ванадий электролитический купить","Яндекс","4","2","0.0","2.0","00:01:49"
"ванадий это","Яндекс","4","4","0.0","1.0","00:00:15"
"взрывозащищенный нагревательный кабель","Яндекс","4","1","0.0","2.25","00:03:59"
"виды термопар","Яндекс","4","4","0.0","1.25","00:00:58"
"вольфрам калькулятор","Яндекс","4","1","0.0","2.0","00:00:49"
"вольфрам что это за металл","Яндекс","4","3","0.0","1.25","00:00:18"
"где используют константан","Яндекс","4","4","0.0","2.75","00:01:47"
"гост на ферроникель","Яндекс","4","2","0.25","1.25","00:00:30"
"гпрхм-1,5-нд нп2 расшифровка","Яндекс","4","1","0.25","1.5","00:01:56"
"длина спирали","Яндекс","4","4","0.75","1.0","00:00:04"
"калькулятор лента 79нм","Яндекс","4","2","0.0","1.0","00:00:17"
"калькулятор металла вольфрам","Яндекс","4","3","0.25","1.75","00:00:17"
"калькулятор электротехнической стали","Яндекс","4","4","0.25","2.25","00:00:38"
"котировки железной руды на лондонской бирже","Яндекс","4","4","0.75","1.25","00:00:14"
"лист титановый","Яндекс","4","4","0.25","1.0","00:00:13"
"лондонская биржа цветных металлов цены","Яндекс","4","4","1.0","1.0","00:00:00"
"мельхиор свойства","Яндекс","4","3","0.0","1.0","00:00:15"
"мельхиор состав","Яндекс","4","4","0.25","1.0","00:00:11"
"металл титан свойства","Яндекс","4","4","0.0","1.0","00:00:15"
"молибден где содержится в технике","Яндекс","4","4","0.0","3.25","00:01:06"
"молибден металлический мш-1 (штабик) (ту 48-19-102-82)","Яндекс","4","2","0.0","3.75","00:01:11"
"молибден свойства","Яндекс","4","4","0.5","1.0","00:00:07"
"молибден цена","Яндекс","4","4","0.0","1.5","00:00:20"
"молибден что это","Яндекс","4","4","0.5","1.25","00:02:06"
"молибден что это такое","Яндекс","4","4","0.5","1.0","00:00:07"
"молибденовый пруток калькулятор","Яндекс","4","1","0.25","1.5","00:00:55"
"мототехника калькулятор спиралей","Яндекс","4","1","0.25","18.25","00:09:11"
"ниобий применение","Яндекс","4","3","0.25","1.25","00:01:31"
"нихром что это за сплав","Яндекс","4","4","1.0","1.0","00:00:00"
"нихромовая нить купить","Яндекс","4","4","1.0","1.0","00:00:00"
"нм23хю","Яндекс","4","3","0.0","1.5","00:04:03"
"олово как называется","Яндекс","4","4","0.0","2.5","00:00:51"
"олово состав","Яндекс","4","4","0.0","1.0","00:00:15"
"онлайн расчёт спирали для нагревателя","Яндекс","4","3","0.0","2.5","00:02:37"
"ооо ""метотехника""","Яндекс","4","3","0.25","3.75","00:03:09"
"ооо нпк метотехника","Яндекс","4","4","0.25","1.75","00:07:40"
"ооо нпк метотехника сайт","Яндекс","4","1","0.25","1.25","00:00:14"
"ост 1 900013","Яндекс","4","1","0.25","1.0","00:00:11"
"ост 1 90218-76","Яндекс","4","4","0.5","1.5","00:00:31"
"ост 1-90173-75","Яндекс","4","4","0.0","1.75","00:00:32"
"ост 1-92062-90","Яндекс","4","4","0.0","1.0","00:00:15"
"ост 1.90050-92.","Яндекс","4","1","0.25","3.5","00:04:51"
"ост 90000","Яндекс","4","4","0.25","1.0","00:00:11"
"ост 90000-70","Яндекс","4","4","0.25","1.0","00:00:11"
"ост1 92062-90","Яндекс","4","4","0.25","1.25","00:00:31"
"полоса ванадиевая вн м-1","Яндекс","4","2","0.25","1.0","00:00:11"
"проволока никелевая чс","Яндекс","4","2","0.0","2.25","00:07:42"
"пруток вольфрамовый","Яндекс","4","4","1.0","1.0","00:00:02"
"расчет спирали из нихрома калькулятор","Яндекс","4","3","0.25","1.0","00:00:14"
"расчет спирали онлайн калькулятор","Яндекс","4","3","0.25","1.25","00:01:52"
"расчёт закрытых нагревателей для муфельной печи","Яндекс","4","1","0.0","3.0","00:34:06"
"расчёт нагревателя из нихромовой проволоки онлайн","Яндекс","4","3","0.0","2.0","00:12:44"
"рений цена на бирже","Яндекс","4","3","0.75","1.5","00:00:02"
"самый тугоплавкий металл","Яндекс","4","4","0.25","1.0","00:00:14"
"сколько стоит вольфрам на лондонской бирже","Яндекс","4","2","0.5","2.25","00:00:38"
"скупка насосов grundfos","Яндекс","4","4","0.75","1.5","00:01:34"
"состав титана","Яндекс","4","4","0.25","1.25","00:00:32"
"сталь 96 это","Яндекс","4","1","0.25","2.0","00:00:27"
"тантал металл свойства","Яндекс","4","4","0.0","1.0","00:00:15"
"тантал металл цена на бирже","Яндекс","4","4","0.5","3.25","00:00:41"
"тантал сверхпроводник или нет","Яндекс","4","4","0.0","1.25","00:00:25"
"температура плавления титана","Яндекс","4","4","0.25","1.0","00:00:11"
"термопары виды","Яндекс","4","4","0.75","1.0","00:00:03"
"титан материал","Яндекс","4","4","0.0","1.0","00:00:15"
"титан металл цена","Яндекс","4","4","1.0","1.0","00:00:00"
"титан пруток metotech ru","Яндекс","4","4","0.0","1.0","00:00:15"
"титан характеристика металла","Яндекс","4","4","0.0","1.0","00:00:15"
"титан что за металл его характеристики","Яндекс","4","4","0.0","1.0","00:01:56"
"титан это металл","Яндекс","4","4","0.25","1.0","00:00:11"
"титановые прутки metotech ru","Яндекс","4","4","0.5","1.0","00:00:07"
"титановые трубы metotech ru","Яндекс","4","4","0.25","1.0","00:00:11"
"ту 1-5-357-95 читать","Яндекс","4","3","0.25","2.25","00:07:18"
"ту 14-1-1714-76","Яндекс","4","2","0.0","1.75","00:00:53"
"ту 18121 или 18101","Яндекс","4","1","0.0","1.0","00:00:20"
"ту 48-13-14-87","Яндекс","4","3","0.25","1.5","00:00:18"
"ту 48-19-259-95","Яндекс","4","2","0.5","1.0","00:00:07"
"ту 48-19-272-77","Яндекс","4","2","0.0","1.5","00:08:12"
"ту 48-19-417-86","Яндекс","4","4","0.0","1.0","00:00:15"
"ту 48-19-69-80","Яндекс","4","4","0.0","2.0","00:02:09"
"ту 48-21-144-90","Яндекс","4","4","0.25","1.0","00:00:13"
"ту 48-4-335-86","Яндекс","4","4","0.25","1.25","00:01:30"
"ту 95.166-83 читать","Яндекс","4","3","0.5","1.0","00:00:07"
"характеристики полоса вольфрамовая в-мп","Яндекс","4","1","0.0","2.5","00:01:12"
"хим состав мчвп","Яндекс","4","1","0.0","1.5","00:02:16"
"цена на металл на бирже лондонской сегодня","Яндекс","4","4","0.75","1.5","00:00:44"
"цена тантала","Яндекс","4","4","0.75","1.0","00:00:04"
"цена титана на бирже","Яндекс","4","4","0.25","2.25","00:00:29"
"что такое никель","Яндекс","4","4","0.0","1.25","00:01:47"
"что такое тантал","Яндекс","4","4","0.0","1.25","00:00:18"
"яе0.021.105 ту","Яндекс","4","4","0.0","3.0","00:01:29"
"08кп5","Яндекс","3","3","1.0","1.0","00:00:00"
"11-89 яе0.021.105 ту","Яндекс","3","3","0.0","3.3333333333333335","00:07:52"
"13н65д29ют","Яндекс","3","1","0.0","4.333333333333333","00:00:48"
"mo металл где используется","Яндекс","3","3","0.0","2.0","00:00:26"
"monel","Яндекс","3","3","1.0","1.0","00:00:00"
"sn","Яндекс","3","3","0.0","1.0","00:00:18"
"Никель это","Яндекс","3","3","0.0","2.0","00:00:22"
"Нихром","Яндекс","3","3","0.0","1.3333333333333333","00:00:16"
"ООО ""НПК ""Метотехника""","Яндекс","3","1","0.33333333333333326","1.3333333333333333","00:00:17"
"ОСТ 1-92062-90","Яндекс","3","3","0.0","1.0","00:00:15"
"ТУ 48-19-3-78","Яндекс","3","3","0.0","1.6666666666666667","00:10:04"
"ТУ 48-19-95-92","Яндекс","3","1","0.33333333333333326","1.0","00:00:10"
"ТУ 48-21-144-90","Яндекс","3","3","0.0","1.0","00:00:14"
"Титан элемент","Яндекс","3","3","0.0","1.6666666666666667","00:00:37"
"алюмель что это","Яндекс","3","3","0.6666666666666665","1.0","00:00:05"
"анод оловянный","Яндекс","3","3","0.0","1.0","00:00:21"
"вальфрам","Яндекс","3","3","1.0","1.0","00:00:00"
"ванадий в таблице менделеева","Яндекс","3","2","0.33333333333333326","1.0","00:00:10"
"ванадий металл","Яндекс","3","3","0.33333333333333326","1.0","00:00:09"
"виды термопар и их характеристики","Яндекс","3","3","0.33333333333333326","1.0","00:00:13"
"вольфрам где используется","Яндекс","3","3","0.0","1.0","00:00:15"
"вольфрамовый порошок ws купить","Яндекс","3","1","0.33333333333333326","3.0","00:00:53"
"гост 23922-79","Яндекс","3","2","0.0","1.3333333333333333","00:05:15"
"гост 23949-80","Яндекс","3","2","0.0","1.6666666666666667","00:01:03"
"длина цилиндрической спирали","Яндекс","3","3","1.0","1.0","00:00:00"
"завод по производству вольфрамовый эссенциальный порошок","Яндекс","3","1","0.0","3.0","00:08:49"
"из каких металлов состоит копель","Яндекс","3","1","0.0","1.3333333333333333","00:00:51"
"калькулятор веса нихромовой проволоки","Яндекс","3","2","0.0","1.3333333333333333","00:02:09"
"калькулятор металла никель онлайн бесплатно расчёт веса","Яндекс","3","2","0.0","1.6666666666666667","00:00:33"
"калькулятор металла онлайн метотехника","Яндекс","3","1","0.0","1.6666666666666667","00:01:56"
"калькулятор металла с плотно","Яндекс","3","1","0.0","1.0","00:00:20"
"калькулятор металла сплав вт-9 скачать","Яндекс","3","1","0.0","1.0","00:00:15"
"калькулятор металлов метотехника","Яндекс","3","1","0.0","1.6666666666666667","00:04:52"
"калькулятор никелевого листа","Яндекс","3","1","0.0","1.0","00:00:15"
"котировка lme никель на 15.07.2026","Яндекс","3","1","0.33333333333333326","4.0","00:01:30"
"лист эи100 0,8мм по какому ТУ","Яндекс","3","1","0.33333333333333326","1.0","00:00:10"
"мельхиор марки","Яндекс","3","3","0.0","1.0","00:00:16"
"металл калькулятор","Яндекс","3","2","0.33333333333333326","1.0","00:00:10"
"металл титан все о нем","Яндекс","3","3","0.0","1.0","00:00:17"
"металлический калькулятор","Яндекс","3","1","0.33333333333333326","1.0","00:00:14"
"металлический калькулятор молибден","Яндекс","3","1","0.0","2.0","00:00:28"
"метатехника листы","Яндекс","3","1","0.0","2.0","00:00:46"
"метотехника металлопрокат","Яндекс","3","1","0.0","1.3333333333333333","00:00:18"
"мировая цена тантала","Яндекс","3","3","0.6666666666666665","1.3333333333333333","00:00:16"
"мировые цены на сурьму сегодня","Яндекс","3","1","1.0","1.0","00:00:00"
"молибден картины с объяснением","Яндекс","3","2","0.0","1.0","00:00:22"
"молибден применение","Яндекс","3","3","0.0","1.0","00:00:15"
"молибден цена на бирже","Яндекс","3","3","0.6666666666666665","2.0","00:01:02"
"нагреватели из молибдена","Яндекс","3","1","0.0","2.3333333333333335","00:01:27"
"никель что это","Яндекс","3","3","0.33333333333333326","1.0","00:00:10"
"нихром","Яндекс","3","3","0.0","1.0","00:00:24"
"нихромовая лента производство","Яндекс","3","1","0.0","1.3333333333333333","00:00:25"
"олово что это за металл","Яндекс","3","3","0.0","3.6666666666666665","00:01:16"
"ооо ""мтк ""метотехника""","Яндекс","3","1","0.0","1.6666666666666667","00:01:49"
"ооо метотехника","Яндекс","3","2","0.33333333333333326","2.0","00:00:35"
"ост 1 31244-88","Яндекс","3","3","0.33333333333333326","1.3333333333333333","00:00:17"
"ост 1 90000-70 pdf","Яндекс","3","2","0.0","1.0","00:00:17"
"ост 1 90013-71","Яндекс","3","3","0.33333333333333326","1.6666666666666667","00:01:46"
"ост 1 90107-73","Яндекс","3","3","0.0","2.0","00:06:07"
"ост 1 90173-75 pdf","Яндекс","3","3","1.0","1.0","00:00:00"
"ост 1 90173-75 прутки катаные из титановых сплавов технические требования","Яндекс","3","3","0.6666666666666665","1.0","00:00:05"
"ост 1 90201","Яндекс","3","3","0.33333333333333326","1.0","00:00:10"
"ост 1.90000-70","Яндекс","3","2","0.0","2.0","00:08:16"
"ост 1.90027-71","Яндекс","3","3","0.33333333333333326","2.0","00:01:30"
"ост 1.90173-75","Яндекс","3","3","0.6666666666666665","1.0","00:00:05"
"ост 190000-70","Яндекс","3","3","0.33333333333333326","1.6666666666666667","00:01:50"
"ост 190006-86","Яндекс","3","3","0.0","1.6666666666666667","00:00:24"
"ост 90006","Яндекс","3","3","0.0","1.0","00:00:15"
"ост 90201-75","Яндекс","3","2","0.6666666666666665","1.0","00:00:05"
"ост1 90015-77","Яндекс","3","2","0.0","1.3333333333333333","00:05:22"
"ост1-90173-75","Яндекс","3","1","0.0","2.0","00:07:52"
"покрытие кобальтом","Яндекс","3","3","0.0","1.0","00:00:18"
"получение катодного никеля","Яндекс","3","1","0.0","3.6666666666666665","00:00:36"
"порошок молибденовый мпч ту 48-19-69-80","Яндекс","3","3","0.33333333333333326","2.3333333333333335","00:00:31"
"проволока мч ту","Яндекс","3","1","0.33333333333333326","1.0","00:00:10"
"проволоку константан","Яндекс","3","1","0.0","1.0","00:00:22"
"производство вольфрама","Яндекс","3","3","0.33333333333333326","1.0","00:00:09"
"рассчитать вес анода никелевого","Яндекс","3","2","0.0","1.0","00:00:23"
"расчет мощности нагрева для камерной печи","Яндекс","3","2","0.33333333333333326","1.3333333333333333","00:00:30"
"рений применение","Яндекс","3","3","0.6666666666666665","1.0","00:00:05"
"свойства титана","Яндекс","3","3","0.0","1.3333333333333333","00:00:17"
"сколько стоит титан в россии","Яндекс","3","3","1.0","1.0","00:00:00"
"сколько стоит труба 10х13н3мфб на заводе","Яндекс","3","1","1.0","1.0","00:00:00"
"слиток из олово","Яндекс","3","1","0.0","1.0","00:00:17"
"состав циркония","Яндекс","3","3","0.0","1.0","00:00:16"
"сплав 32н4к","Яндекс","3","2","0.6666666666666665","1.0","00:00:05"
"стоимость вольфрама","Яндекс","3","3","1.0","1.0","00:00:00"
"стоимость ферробора на бирже","Яндекс","3","1","0.33333333333333326","2.0","00:00:26"
"тантал применение","Яндекс","3","3","0.0","1.0","00:00:15"
"танталовая проволока применение","Яндекс","3","3","0.33333333333333326","1.0","00:00:10"
"температура плавления циркония","Яндекс","3","3","0.0","1.0","00:00:15"
"теплопроводность циркония","Яндекс","3","3","0.0","17.0","00:20:57"
"термопара","Яндекс","3","3","0.33333333333333326","14.333333333333334","00:04:06"
"техническая хаактеристика на брикеты порошка вольфрама пвт","Яндекс","3","1","0.33333333333333326","1.6666666666666667","00:05:05"
"титан и сплавы на его основе","Яндекс","3","3","1.0","1.0","00:00:00"
"титан материал характеристики","Яндекс","3","3","0.0","1.0","00:00:16"
"титан свойства металла и его применение","Яндекс","3","3","0.0","1.0","00:00:15"
"титан свойства металла и характеристики","Яндекс","3","3","0.0","1.0","00:00:15"
"титан сплав из чего состоит","Яндекс","3","3","0.33333333333333326","1.0","00:00:10"
"титан тугоплавкий металл или нет","Яндекс","3","3","0.0","3.0","00:00:52"
"ту 1-5-357","Яндекс","3","2","0.0","1.0","00:00:15"
"ту 14-5-76-76","Яндекс","3","3","0.33333333333333326","1.6666666666666667","00:00:17"
"ту 3-1303-42-92","Яндекс","3","3","0.33333333333333326","1.3333333333333333","00:00:15"
"ту 48-19-188-91","Яндекс","3","3","0.33333333333333326","4.333333333333333","00:07:12"
"ту 48-19-215-85","Яндекс","3","2","0.0","1.0","00:00:24"
"ту 48-19-250-86","Яндекс","3","3","0.0","1.3333333333333333","00:00:20"
"ту 48-19-251-94","Яндекс","3","3","0.0","1.3333333333333333","00:00:54"
"ту 48-19-27-88 2","Яндекс","3","1","0.0","1.3333333333333333","00:06:04"
"ту 48-19-273-91","Яндекс","3","3","0.0","2.0","00:12:51"
"ту 48-19-293-78","Яндекс","3","2","0.33333333333333326","1.0","00:00:10"
"ту 48-19-3985","Яндекс","3","1","0.33333333333333326","1.0","00:00:12"
"ту 48-19-84-81","Яндекс","3","3","0.0","1.0","00:00:17"
"ту 48-4-316-74","Яндекс","3","2","0.33333333333333326","1.0","00:00:10"
"ту 48-4-334-88","Яндекс","3","2","0.6666666666666665","2.0","00:01:14"
"ту 95.166-83","Яндекс","3","1","0.0","2.3333333333333335","00:00:32"
"ту 95.311-82","Яндекс","3","3","0.0","1.3333333333333333","00:01:28"
"ту48-19-221-83","Яндекс","3","3","0.33333333333333326","2.0","00:02:28"
"ферромолибден цена на бирже","Яндекс","3","2","0.0","3.0","00:00:34"
"ферросплавы фото","Яндекс","3","3","0.33333333333333326","4.333333333333333","00:00:45"
"фехраль где используется","Яндекс","3","2","0.6666666666666665","1.0","00:00:05"
"фехраль удельное электрическое сопротивление","Яндекс","3","1","0.0","1.3333333333333333","00:00:28"
"характеристика титана","Яндекс","3","3","0.6666666666666665","1.0","00:00:05"
"химический состав олова","Яндекс","3","3","0.0","1.0","00:00:15"
"хром металл","Яндекс","3","2","0.0","3.3333333333333335","00:12:44"
"хромель алюмель","Яндекс","3","3","0.0","1.0","00:00:14"
"цена металла на бирже лондонской","Яндекс","3","3","1.0","1.0","00:00:00"
"цена молибдена","Яндекс","3","2","0.0","4.0","00:01:03"
"цена на вольфрам на мировой бирже","Яндекс","3","3","0.6666666666666665","1.3333333333333333","00:01:41"
"цена на вольфрамовые штабики сегодня на бирже","Яндекс","3","1","0.0","3.0","00:01:11"
"цена сурьмы на лондонской бирже","Яндекс","3","3","0.33333333333333326","5.333333333333333","00:01:20"
"цены на металлы на лондонской бирже лме","Яндекс","3","3","1.0","1.0","00:00:00"
"цены на сталь на бирже график лондонской","Яндекс","3","3","0.6666666666666665","1.3333333333333333","00:00:56"
"циркон металл","Яндекс","3","1","0.33333333333333326","1.3333333333333333","00:00:17"
"цирконий металл свойства и где используется","Яндекс","3","3","0.0","1.0","00:00:15"
"цирконий применение","Яндекс","3","3","0.0","1.0","00:00:20"
"""метотехника""","Яндекс","2","1","0.0","1.5","00:07:02"
"1 90000-70","Яндекс","2","2","0.5","1.0","00:00:07"
"1 тонна титана сколько стоит","Яндекс","2","2","0.5","1.0","00:00:07"
"19 июня 2026 года цена меди на лондонской бирже","Яндекс","2","1","1.0","1.0","00:00:00"
"48-21-191-72","Яндекс","2","1","0.0","2.0","00:00:09"
"70гндх","Яндекс","2","2","0.0","1.5","00:04:35"
"79957553673","Яндекс","2","1","0.5","2.0","00:01:09"
"8 961 144 78 85","Яндекс","2","2","1.0","1.0","00:00:00"
"80г20ф2ю","Яндекс","2","2","0.5","1.5","00:00:38"
"bronestali@inbox.ru","Яндекс","2","2","1.0","1.0","00:00:00"
"jcn1.90201-73","Яндекс","2","1","0.5","1.0","00:00:07"
"lme лондонская биржа цветных металлов цены","Яндекс","2","2","1.0","1.0","00:00:00"
"met объявления","Яндекс","2","1","0.0","12.5","00:01:06"
"metotech/ru","Яндекс","2","1","0.0","2.0","00:00:24"
"metotech@mail.ru","Яндекс","2","1","0.0","1.0","00:00:16"
"www.metotech.ru","Яндекс","2","1","0.5","6.5","00:01:19"
"zr химический элемент","Яндекс","2","2","0.0","1.0","00:00:15"
"zr химический элемент название","Яндекс","2","2","0.0","1.0","00:00:17"
"Вольфрам-аанадиевый сплав","Яндекс","2","1","1.0","1.0","00:00:00"
"Где используют константан","Яндекс","2","2","0.0","3.0","00:01:42"
"Голист монель","Яндекс","2","1","0.0","1.5","00:00:09"
"Изучение свойств кобальта в сплавах","Яндекс","2","2","0.0","1.0","00:00:23"
"Калькулятор металла вольфрам","Яндекс","2","1","0.0","1.0","00:00:15"
"Константан Цена за кг","Яндекс","2","1","0.0","1.0","00:01:00"
"Метотехника","Яндекс","2","2","0.5","1.5","00:00:10"
"Молибден картины с объяснением","Яндекс","2","2","0.0","1.0","00:00:47"
"ОСТ 1 90173-75","Яндекс","2","1","1.0","1.0","00:00:00"
"Сколько стоит ферросплав","Яндекс","2","1","1.0","1.0","00:00:00"
"ТУ 1870-258-00196109","Яндекс","2","1","0.5","1.0","00:00:07"
"ТУ 48-19-245-84","Яндекс","2","2","0.0","1.0","00:00:15"
"ТУ 48-19-27-88","Яндекс","2","1","0.0","1.0","00:00:16"
"ТУ 48-19-39-85","Яндекс","2","2","0.0","1.0","00:00:15"
"ТУ 48-19-39-95","Яндекс","2","2","0.0","1.0","00:00:14"
"ТУ 48-19-472-90","Яндекс","2","2","0.0","1.0","00:00:16"
"ТУ 48-19-76-90","Яндекс","2","2","0.5","1.0","00:00:07"
"ТУ48-19-2051-85","Яндекс","2","1","0.0","3.0","00:09:39"
"Цена меди lme на 25.06.26","Яндекс","2","1","1.0","1.0","00:00:00"
"алюмель","Яндекс","2","2","0.0","1.5","00:01:23"
"алюмель состав","Яндекс","2","2","0.5","1.0","00:00:07"
"бакситы цена за тонну","Яндекс","2","2","1.0","1.0","00:00:00"
"бронзовый порошок для спекания","Яндекс","2","1","0.5","1.0","00:00:07"
"в интернете покрыть железо оловом с помощью кипячения","Яндекс","2","1","0.0","1.0","00:00:20"
"в-10 ту 48-19-39-85","Яндекс","2","1","0.0","1.5","00:00:26"
"ванадий химический элемент","Яндекс","2","2","0.5","1.0","00:00:07"
"ванадий цена за 1 кг на сегодня на бирже","Яндекс","2","2","1.0","1.0","00:00:00"
"ванадиум","Яндекс","2","2","0.0","1.0","00:00:15"
"вес молибденового листа","Яндекс","2","1","0.0","1.5","00:00:18"
"вжм 4","Яндекс","2","2","0.0","1.0","00:00:22"
"влияние кобальта на магнитные свойства сплавов","Яндекс","2","1","0.0","1.0","00:00:15"
"вольфрам в таблице менделеева","Яндекс","2","2","0.0","1.0","00:00:19"
"вольфрам в-10 ту 48-19-39-85","Яндекс","2","1","0.0","1.0","00:00:15"
"вольфрам лист 3 мм","Яндекс","2","2","0.5","1.5","00:00:12"
"вольфрам марки","Яндекс","2","2","0.0","1.0","00:00:16"
"вольфрам полоса гост на химсостав","Яндекс","2","1","0.0","3.5","00:12:20"
"вольфрам самый тугоплавкий металл","Яндекс","2","2","0.0","2.5","00:01:50"
"вольфрам что это за металл и где используется","Яндекс","2","2","0.0","1.5","00:09:42"
"вольфрам что это и для чего используется","Яндекс","2","2","0.5","1.0","00:00:07"
"вольфрам это металл","Яндекс","2","2","0.0","2.5","00:00:32"
"вольфрамовый электрод","Яндекс","2","2","0.0","1.0","00:00:15"
"восстановления вольфрамовых и молибденовых частей в водороде","Яндекс","2","2","0.5","2.0","00:02:30"
"всё о титане","Яндекс","2","2","0.0","1.0","00:00:15"
"где используется титан и его сплавы","Яндекс","2","2","0.0","1.5","00:00:33"
"где используют жароупорную сталь в грм","Яндекс","2","2","0.0","2.0","00:00:44"
"где находится вольфрам","Яндекс","2","2","0.0","1.0","00:00:18"
"где применяется твердосплав","Яндекс","2","1","0.5","1.0","00:00:09"
"гост 17432-72","Яндекс","2","1","0.0","1.0","00:00:16"
"гост 19671-91","Яндекс","2","1","0.0","2.0","00:08:35"
"гост 23949-80 электроды вольфрамовые сварочные неплавящиеся","Яндекс","2","2","0.5","2.0","00:01:18"
"гост 59052004","Яндекс","2","1","0.0","1.0","00:00:19"
"гост 90201-75","Яндекс","2","1","0.0","1.0","00:00:15"
"гост на молибден","Яндекс","2","1","0.5","2.5","00:01:19"
"гост порошок вольфрама","Яндекс","2","2","0.0","1.0","00:00:19"
"гост проволока вольфрам рений","Яндекс","2","2","0.0","1.5","00:00:46"
"гост хром металлический х99н1","Яндекс","2","1","0.0","1.0","00:00:16"
"длина термопар","Яндекс","2","2","0.5","1.0","00:00:07"
"для нагревательного элемента печи плотность тока","Яндекс","2","2","0.0","1.0","00:00:15"
"допускаемая удельная поверхностная мощность ленты 2,5х30 из сплава\ х20н80 н","Яндекс","2","1","0.5","1.0","00:00:07"
"жаростойкие сплавы","Яндекс","2","2","0.0","3.0","00:02:04"
"зависимость прочности молибдена от размеров зерен","Яндекс","2","1","0.5","1.5","00:01:18"
"зависимость температуры нихромовой проволоки от тока","Яндекс","2","1","0.5","1.0","00:00:16"
"зависимость температуры нихромовой спирали от тока","Яндекс","2","1","0.0","1.0","00:00:15"
"зажим тантал для чего","Яндекс","2","1","0.5","1.0","00:00:07"
"изготовление деталей из бронзы методом порошковой металлургии","Яндекс","2","1","0.0","1.0","00:00:14"
"изготовление спиралей из фехрали","Яндекс","2","1","0.0","2.5","00:00:29"
"изготовление термопар","Яндекс","2","2","0.0","1.5","00:00:22"
"кабель электронагревательный высокотемпературный кэнв нх 600-0,5 ту 3568-011-66158671-2013","Яндекс","2","1","0.0","1.0","00:00:15"
"как обозначается молибден","Яндекс","2","2","0.0","1.0","00:00:15"
"как подключить нихромовую проволоку в изоляции к 220","Яндекс","2","1","0.0","2.0","00:03:22"
"калькулятор веса вольфрама","Яндекс","2","1","0.0","1.0","00:00:19"
"калькулятор длины спирали","Яндекс","2","2","1.0","1.0","00:00:00"
"калькулятор для расчета нагревательной спирали","Яндекс","2","1","0.0","1.0","00:00:19"
"калькулятор жаропрочных сплавов","Яндекс","2","1","0.0","1.0","00:00:36"
"калькулятор металла в миллиметрах","Яндекс","2","1","0.5","1.0","00:00:08"
"калькулятор металла для никеля","Яндекс","2","1","0.5","1.5","00:00:32"
"калькулятор металла молибден","Яндекс","2","2","0.0","1.5","00:00:15"
"калькулятор металла нихрома","Яндекс","2","1","0.0","1.5","00:03:44"
"калькулятор металлов метотех","Яндекс","2","1","0.0","2.0","00:00:40"
"калькулятор металлопроката никель","Яндекс","2","2","0.5","2.0","00:00:36"
"калькулятор молибденовой проволоки","Яндекс","2","2","0.0","1.0","00:00:24"
"калькулятор мощности спирали","Яндекс","2","2","1.0","1.0","00:00:00"
"калькулятор нихрома","Яндекс","2","2","0.5","4.0","00:02:18"
"калькулятор спирали нихром","Яндекс","2","2","0.0","1.0","00:00:16"
"калькулятор титана","Яндекс","2","1","1.0","1.0","00:00:00"
"калькулятор хн70ю","Яндекс","2","1","0.0","1.0","00:00:26"
"карбид это простыми словами","Яндекс","2","2","0.0","2.0","00:00:08"
"карбиды это","Яндекс","2","2","0.5","1.0","00:00:08"
"константан свойства","Яндекс","2","2","0.0","2.0","00:02:35"
"конструкции нагревателей из молибдена вакуумных печей","Яндекс","2","1","0.5","1.0","00:00:08"
"котировки вольфрама","Яндекс","2","2","0.5","2.0","00:00:59"
"кэнв","Яндекс","2","1","0.0","2.5","00:04:08"
"кэнв нх 1200 °с","Яндекс","2","1","0.5","1.5","00:00:11"
"лента 36нхтю гост 14117-85","Яндекс","2","1","0.0","1.0","00:00:15"
"лента мч 0,1х200","Яндекс","2","2","0.0","2.0","00:00:19"
"лента нп0эви-эт дпрнт 0,9х170 гост 19241-80","Яндекс","2","2","0.0","1.5","00:00:22"
"лента прецизионная х/к гост 14117-85","Яндекс","2","1","0.0","1.0","00:00:17"
"лист вольфрама 1,5 мм посчитать массу","Яндекс","2","1","0.0","2.5","00:00:33"
"лист танталовый марка","Яндекс","2","1","0.0","2.5","00:01:55"
"лист титана покупке титана мы","Яндекс","2","2","1.0","1.0","00:00:00"
"лист титана титана или титановых","Яндекс","2","2","0.5","1.0","00:00:07"
"лме лондонская биржа металлов цены","Яндекс","2","2","0.5","1.5","00:00:39"
"лондонская биржа металлов цены сегодня","Яндекс","2","2","1.0","1.0","00:00:00"
"максеимальная температура термопары","Яндекс","2","1","0.5","1.0","00:00:07"
"манель","Яндекс","2","2","0.0","2.0","00:00:32"
"манель металл","Яндекс","2","2","0.5","1.0","00:00:07"
"марки титана и характеристики и применение","Яндекс","2","2","0.5","1.0","00:00:08"
"материал бурового инструмента","Яндекс","2","1","0.5","1.0","00:00:07"
"материал константан","Яндекс","2","1","0.0","2.5","00:06:47"
"мельхиор калькулятор веса","Яндекс","2","2","0.0","1.0","00:00:20"
"мельхиор мнжмц30-1-1 отличие от мнжмц10-1-1","Яндекс","2","1","0.0","1.0","00:00:15"
"мельхиор состав сплава","Яндекс","2","2","0.5","1.0","00:00:07"
"мельхиор сплав","Яндекс","2","2","1.0","1.0","00:00:00"
"мельхиор что это такое","Яндекс","2","2","0.0","1.0","00:00:15"
"мельхиор это","Яндекс","2","2","0.5","1.0","00:00:07"
"мельхиоровые трубки конденсатора","Яндекс","2","2","0.0","1.0","00:00:15"
"металл монель","Яндекс","2","2","1.0","1.0","00:00:00"
"металл титан","Яндекс","2","2","0.0","1.0","00:00:18"
"металлургический калькулятор специальные стали и сплавы","Яндекс","2","2","0.5","1.0","00:00:08"
"металлургический портал бесплатная доска объявлений","Яндекс","2","2","0.5","2.0","00:03:52"
"метатехника проволока нейльзильберг","Яндекс","2","1","0.0","1.0","00:00:15"
"метотехеика калькулятор","Яндекс","2","1","0.0","1.5","00:02:27"
"метотехник","Яндекс","2","1","0.0","4.5","00:08:25"
"метотехника какой город","Яндекс","2","1","0.0","2.0","00:00:37"
"метотехника проволока","Яндекс","2","1","0.0","1.5","00:00:22"
"метотехника расчет нагревателей","Яндекс","2","1","0.0","2.5","00:12:46"
"метотехника э100","Яндекс","2","1","0.0","2.0","00:06:44"
"мировые цены на вольфрамовый концентрат","Яндекс","2","1","1.0","1.0","00:00:00"
"мировые цены на цветные металлы","Яндекс","2","1","0.5","2.0","00:09:13"
"мировые.цены. на цветные.металлы","Яндекс","2","1","0.5","1.5","00:00:04"
"модуль упругости молибдена при разных температурах","Яндекс","2","1","0.0","1.0","00:00:15"
"молибден в таблице менделеева","Яндекс","2","2","0.0","1.0","00:00:16"
"молибден механические свойства","Яндекс","2","2","0.0","1.0","00:00:16"
"молибден цена на бирже онлайн сегодня","Яндекс","2","2","0.5","3.0","00:01:03"
"молибденовые трубки","Яндекс","2","1","0.0","1.5","00:03:42"
"монель применение","Яндекс","2","2","0.0","1.5","00:02:20"
"монель состав","Яндекс","2","2","0.0","1.0","00:00:15"
"монель хим состав","Яндекс","2","2","0.0","1.0","00:00:15"
"монель-металл НМЖМЦ 28-2,5-1,5 покрытие","Яндекс","2","1","0.0","3.5","00:01:38"
"мототехника метал","Яндекс","2","1","0.5","1.5","00:00:11"
"мототехника металлопрокат","Яндекс","2","2","0.0","1.0","00:00:18"
"мч ту 8-19-203-85","Яндекс","2","1","0.0","1.5","00:00:27"
"найти ту 24.45.30-449-05785388-2020","Яндекс","2","1","0.0","1.5","00:02:45"
"никелевые порошки классификация","Яндекс","2","1","0.0","2.0","00:02:00"
"никелевый пруток купить","Яндекс","2","2","1.0","1.0","00:00:00"
"никель ПН 71","Яндекс","2","1","0.0","1.0","00:00:16"
"никель металл","Яндекс","2","1","0.0","3.0","00:30:25"
"никель это металл","Яндекс","2","2","0.5","3.0","00:00:29"
"ниобиевый пруток ту 48-19-259-85 марка мб","Яндекс","2","1","0.0","1.0","00:00:15"
"ниобий круг купить","Яндекс","2","1","0.0","3.5","00:09:44"
"ниобий металл","Яндекс","2","2","0.0","1.0","00:00:15"
"ниобий ту 48-4-334-88","Яндекс","2","1","0.0","2.5","00:02:16"
"ниобий цена за 1 кг на сегодня","Яндекс","2","1","0.0","1.0","00:00:14"
"ниобий что это","Яндекс","2","2","0.0","1.5","00:03:04"
"ниобий это","Яндекс","2","2","0.0","1.5","00:01:17"
"нихром в нитяной изоляции","Яндекс","2","1","0.0","1.0","00:00:17"
"нихром круг","Яндекс","2","2","0.5","1.0","00:00:07"
"нихром фехраль","Яндекс","2","1","0.0","1.5","00:00:18"
"нихром фото","Яндекс","2","1","0.0","1.5","00:01:26"
"нихром что это","Яндекс","2","2","0.0","1.0","00:00:14"
"нихром это","Яндекс","2","2","0.5","1.0","00:00:07"
"нихромовая проволока диаметр количество на катушке нихром марка","Яндекс","2","2","0.0","1.0","00:00:21"
"нмцат-3-1,5-0,6 ту 48-21-284-73 состав","Яндекс","2","1","0.0","2.0","00:25:53"
"нпо метотехника","Яндекс","2","2","0.0","1.5","00:00:29"
"объявления метресурс в туле","Яндекс","2","1","0.0","11.0","00:07:25"
"олова силидик","Яндекс","2","1","0.5","2.0","00:01:18"
"олово какой металл","Яндекс","2","2","0.0","1.0","00:00:15"
"олово применение","Яндекс","2","2","0.0","1.0","00:00:17"
"олово свойства","Яндекс","2","2","0.0","1.0","00:00:15"
"ост 1 90013-81 читать","Яндекс","2","2","0.0","3.0","00:09:15"
"ост 1 90013-86прутки титановые","Яндекс","2","1","0.0","1.5","00:01:11"
"ост 1 90015","Яндекс","2","2","0.0","3.5","00:03:15"
"ост 1 90022–71","Яндекс","2","2","0.0","2.0","00:11:17"
"ост 1 90024-71","Яндекс","2","2","0.5","1.5","00:00:32"
"ост 1 90027-","Яндекс","2","1","0.0","1.0","00:00:15"
"ост 1 90145 74","Яндекс","2","1","0.5","1.0","00:00:07"
"ост 1 90173-75 о","Яндекс","2","2","0.5","1.0","00:00:07"
"ост 1 90266-86","Яндекс","2","2","0.0","1.0","00:00:16"
"ост 1 92062","Яндекс","2","2","0.0","1.0","00:00:15"
"ост 1-90000-70","Яндекс","2","2","0.0","1.0","00:00:15"
"ост 1-90013 - 81","Яндекс","2","2","0.5","1.5","00:02:03"
"ост 1-90050-72","Яндекс","2","2","0.5","1.5","00:00:13"
"ост 1-90201-75","Яндекс","2","1","0.5","1.0","00:00:07"
"ост 1-92062-78","Яндекс","2","2","0.0","1.5","00:02:34"
"ост 1.90013-81","Яндекс","2","2","0.5","1.0","00:00:07"
"ост 1.90015-77","Яндекс","2","2","0.0","1.5","00:00:20"
"ост 190013","Яндекс","2","2","0.0","1.0","00:00:15"
"ост 31244","Яндекс","2","1","0.0","1.0","00:00:17"
"ост 90013-81","Яндекс","2","2","0.0","2.5","00:00:51"
"ост 90065","Яндекс","2","2","0.0","1.0","00:00:15"
"ост 90173","Яндекс","2","2","1.0","1.0","00:00:00"
"ост 92062-90","Яндекс","2","2","0.5","1.0","00:00:07"
"ост i 90027-71","Яндекс","2","1","0.0","1.0","00:00:15"
"ост поковки из титановых сплавов","Яндекс","2","1","0.5","1.0","00:00:07"
"ост1 90050-72","Яндекс","2","2","0.0","1.0","00:00:20"
"ост1 90201-75","Яндекс","2","1","0.0","1.0","00:00:15"
"ост1-92062-90","Яндекс","2","2","0.5","1.0","00:00:07"
"ост1.92062-90","Яндекс","2","1","0.0","2.0","00:00:40"
"ост190006-86","Яндекс","2","2","0.0","2.5","00:02:06"
"паста барьер термообработка","Яндекс","2","1","1.0","1.0","00:00:00"
"печи сопротивления","Яндекс","2","2","0.0","1.5","00:00:20"
"плотность циркония","Яндекс","2","2","0.5","1.0","00:00:07"
"поведение мельхиора в щелочной среде","Яндекс","2","1","0.0","1.0","00:00:15"
"поковка вт25у ост 1 90000-70","Яндекс","2","1","0.0","2.0","00:06:23"
"покрытие оловом","Яндекс","2","2","0.0","1.5","00:00:13"
"полоса мд40 ≠0,3х100 нд ту 1741-022-87598026-2017","Яндекс","2","1","0.0","3.5","00:12:07"
"полоса мч 0,2","Яндекс","2","1","0.0","3.0","00:00:40"
"полоса никелевая 2х50 нпз-м гост 6235-73","Яндекс","2","2","0.0","1.5","00:00:16"
"порошковая металлургия","Яндекс","2","2","0.0","1.0","00:00:15"
"порошок вк6 купить","Яндекс","2","1","0.0","1.5","00:00:20"
"порошок титановый вт20-2св номер ту","Яндекс","2","1","0.5","2.0","00:00:09"
"прецизионные сплавы это","Яндекс","2","1","0.5","1.0","00:00:07"
"при каких концентрация происходит пассивация никелевых анодов в электролитах никелирования","Яндекс","2","1","0.0","1.0","00:00:15"
"при холодном прессовании порошок помещается в пресс-форму и уплотняется под высоким давлением","Яндекс","2","1","0.5","1.0","00:00:07"
"проволока 0,125 40кхнм термообработка","Яндекс","2","1","0.0","2.5","00:02:19"
"продам на экспорт на китай шлак содержание ванадия 5%","Яндекс","2","1","0.5","2.5","00:02:53"
"продать оборудование вило","Яндекс","2","2","0.5","1.5","00:00:26"
"производство никеля","Яндекс","2","1","0.0","1.0","00:00:14"
"производство ниобиевого штабика","Яндекс","2","1","0.0","1.0","00:00:15"
"производство термопар","Яндекс","2","2","0.0","1.0","00:03:29"
"производство феррохрома","Яндекс","2","2","0.0","1.0","00:00:27"
"процесс проищводства вольфрама","Яндекс","2","1","0.0","1.0","00:05:25"
"пруток мч-1 3,6 метотехника","Яндекс","2","1","0.0","3.0","00:01:11"
"пятиокись ниобия сферы применения","Яндекс","2","1","0.0","1.0","00:00:16"
"рассчитать вес листа циркониевого","Яндекс","2","1","0.0","1.0","00:00:39"
"расчет длины нихрома для нагревателя онлайн калькулятор","Яндекс","2","2","0.0","1.0","00:00:21"
"расчет мощности спирали из нихрома калькулятор","Яндекс","2","2","0.0","2.5","00:00:59"
"расчет нагрева вольфрама от тока","Яндекс","2","1","0.0","1.0","00:00:15"
"расчет нагревателей электрических печей","Яндекс","2","1","0.0","1.0","00:00:15"
"расчет нагревателя из фехрали онлайн","Яндекс","2","1","0.0","1.5","00:50:32"
"расчет проволоки","Яндекс","2","1","0.0","1.5","00:12:12"
"расчет спирали","Яндекс","2","2","1.0","1.0","00:00:00"
"расчет спирали калькулятор","Яндекс","2","1","0.0","1.5","00:01:25"
"расчет температуры нагрева нихромовой проволоки","Яндекс","2","2","0.5","1.0","00:00:07"
"расчёт спиралей закалочной печи","Яндекс","2","1","0.0","1.0","00:00:15"
"режимы отжига для материала костантана","Яндекс","2","1","0.0","1.0","00:00:15"
"рениевая проволока 0.3 мм вр-20-зл ту11-84 (яео.021.050ту)","Яндекс","2","1","0.0","1.0","00:00:15"
"рений закупки","Яндекс","2","1","0.0","3.5","00:00:16"
"свойства вольфрама","Яндекс","2","2","0.0","1.0","00:00:15"
"сколько будет стоить 400 тонн титана в рублях","Яндекс","2","1","0.5","1.0","00:00:07"
"сколько стоит килограмм титана","Яндекс","2","2","0.5","1.0","00:00:07"
"сколько стоит медно никелевый сплав","Яндекс","2","2","1.0","1.0","00:00:00"
"сколько стоит сплав 49нк","Яндекс","2","1","0.0","1.0","00:00:20"
"сколько стоит сталь на лондонской бирже","Яндекс","2","2","0.5","1.5","00:00:42"
"сколько стоит тантал","Яндекс","2","2","0.0","1.0","00:00:15"
"скупка панч-11 в новосибирске","Яндекс","2","2","1.0","1.0","00:00:00"
"скупка тепловозов","Яндекс","2","2","1.0","1.0","00:00:00"
"снига термостойкие сплавы","Яндекс","2","1","0.5","1.0","00:00:08"
"сопротивление нихрома от температуры","Яндекс","2","2","0.5","1.5","00:00:25"
"сопротивление проволоки из фехрали","Яндекс","2","1","0.5","2.0","00:00:20"
"состав мельхиора","Яндекс","2","2","0.5","1.5","00:00:08"
"состав олова","Яндекс","2","2","0.0","1.0","00:00:15"
"состав олова из чего состоит","Яндекс","2","2","0.0","1.0","00:00:15"
"состав проволоки панч 11","Яндекс","2","2","0.0","1.0","00:00:15"
"состав термопары","Яндекс","2","2","0.0","1.0","00:00:15"
"сплав 16х-ви","Яндекс","2","1","0.0","2.5","00:21:33"
"сплав вжм4","Яндекс","2","2","0.0","2.0","00:23:21"
"сплав вл","Яндекс","2","2","0.0","2.0","00:00:21"
"сплав вн2а","Яндекс","2","1","0.0","9.0","00:10:18"
"сплав монель","Яндекс","2","2","0.5","1.0","00:00:07"
"сплав монель характеристики","Яндекс","2","2","0.0","1.5","00:05:29"
"сплав никеля с хромом","Яндекс","2","2","1.0","1.0","00:00:00"
"сплав нм-40а","Яндекс","2","1","0.0","1.5","00:01:51"
"сплав олова","Яндекс","2","2","0.5","1.0","00:00:07"
"сплав тав 10 предел прочности и текучести","Яндекс","2","1","0.5","1.0","00:00:09"
"сплав цм-2а","Яндекс","2","2","0.0","1.0","00:00:15"
"ставка на медь lme на дату 23.01.2024","Яндекс","2","1","1.0","1.0","00:00:00"
"статьи о металле","Яндекс","2","1","0.0","1.5","00:00:46"
"стоимость железа на бирже","Яндекс","2","2","1.0","1.0","00:00:00"
"стоимость стали на мировой бирже на 18.03.22","Яндекс","2","1","0.0","3.0","00:01:20"
"стоимость тантала","Яндекс","2","2","0.0","1.0","00:00:15"
"стоимость титана за 1 кг в рублях","Яндекс","2","2","0.5","1.0","00:00:07"
"стоимость титана на бирже сегодня","Яндекс","2","2","0.5","2.0","00:04:25"
"стоимость титанового сплава","Яндекс","2","2","0.5","1.0","00:00:07"
"сырье для получения молибдена.","Яндекс","2","1","0.0","1.5","00:00:30"
"тантал цена","Яндекс","2","2","0.0","1.0","00:00:15"
"тантал что это","Яндекс","2","2","0.0","1.5","00:01:34"
"танталовая проволока регистрационное удостоверение","Яндекс","2","1","0.0","1.5","00:05:36"
"твердосплавные металлы","Яндекс","2","2","0.0","1.0","00:00:15"
"твердосплавы","Яндекс","2","2","0.0","1.0","00:00:15"
"твердые сплавы","Яндекс","2","2","0.5","1.0","00:00:07"
"твёрдые сплавы","Яндекс","2","2","0.0","1.0","00:00:16"
"температура плавления циркония в градусах","Яндекс","2","2","0.0","1.5","00:02:05"
"температурное сопротивление константан","Яндекс","2","1","0.0","2.5","00:00:48"
"термопара хромель алюмель характеристики","Яндекс","2","2","0.5","1.5","00:00:42"
"термопара это","Яндекс","2","2","1.0","1.0","00:00:00"
"теромпара","Яндекс","2","1","0.0","1.0","00:00:15"
"типы термопар и их характеристики","Яндекс","2","2","0.0","1.5","00:05:57"
"титан а1 цена за тонну","Яндекс","2","2","0.5","1.0","00:00:07"
"титан белизна килограмм сплав куплю","Яндекс","2","2","0.0","3.0","00:02:08"
"титан вт1-0 цена за кг","Яндекс","2","2","0.0","1.0","00:00:16"
"титан вт20 и вт9","Яндекс","2","2","1.0","1.0","00:00:00"
"титан губчатый тг-тв гост 17746-96 почему заводы перестали выпускать","Яндекс","2","1","0.5","2.0","00:01:09"
"титан лист metotech ru","Яндекс","2","2","0.0","1.0","00:00:15"
"титан листовой цена килограмм касса","Яндекс","2","2","0.0","2.0","00:01:25"
"титан металл температура плавления","Яндекс","2","2","0.0","3.5","00:01:14"
"титан прутки metotech ru","Яндекс","2","2","0.5","1.0","00:00:07"
"титан стоимость","Яндекс","2","2","0.5","1.0","00:00:07"
"титан тл гост","Яндекс","2","2","0.0","1.5","00:00:33"
"титан труба metotech ru","Яндекс","2","2","0.5","1.0","00:00:07"
"титан трубы metotech ru","Яндекс","2","2","0.5","1.0","00:00:07"
"титан физические свойства","Яндекс","2","2","0.0","1.5","00:00:22"
"титан хим состав","Яндекс","2","2","0.5","1.0","00:00:07"
"титан химические свойства","Яндекс","2","2","0.0","1.0","00:00:14"
"титан химический элемент","Яндекс","2","2","0.0","1.0","00:00:15"
"титан+металл+свойства","Яндекс","2","2","0.0","3.5","00:16:20"
"титановые листы metotech ru","Яндекс","2","2","0.5","1.0","00:00:07"
"титановые плиты metotech ru","Яндекс","2","2","1.0","1.0","00:00:00"
"титановый прут","Яндекс","2","2","0.5","1.0","00:00:08"
"титановый сплав цена","Яндекс","2","2","0.5","1.0","00:00:07"
"траверс молибденовый","Яндекс","2","1","0.5","1.5","00:05:45"
"труба ниобиевая 34,7 мм","Яндекс","2","1","1.0","1.0","00:00:00"
"трубка ниобиевая ту 48-19-251-85","Яндекс","2","1","0.5","1.0","00:00:07"
"трубы из циркония","Яндекс","2","2","1.0","1.0","00:00:00"
"ту 1-805-045-82","Яндекс","2","2","0.0","1.0","00:00:14"
"ту 11-77","Яндекс","2","2","0.0","1.0","00:00:16"
"ту 11-яео.021.056-77","Яндекс","2","1","0.5","1.5","00:00:30"
"ту 14-1-3224-81","Яндекс","2","2","0.0","2.0","00:00:28"
"ту 14-1-3225","Яндекс","2","2","0.0","1.5","00:00:21"
"ту 14-22-57-92 порошок титановый технические условия","Яндекс","2","2","0.0","1.5","00:00:57"
"ту 14-3-571-77","Яндекс","2","2","0.0","1.0","00:00:15"
"ту 14−224−118−87","Яндекс","2","1","0.0","2.5","00:18:32"
"ту 3582-021-66158671-2016","Яндекс","2","1","0.5","1.0","00:00:14"
"ту 48 -21-284","Яндекс","2","1","0.0","1.0","00:00:15"
"ту 48-19-221-83","Яндекс","2","1","0.5","1.0","00:00:07"
"ту 48-19-251-91","Яндекс","2","1","0.5","1.5","00:00:11"
"ту 48-19-259","Яндекс","2","2","0.0","2.0","00:00:27"
"ту 48-19-271-85","Яндекс","2","2","0.5","1.0","00:00:07"
"ту 48-19-274-91","Яндекс","2","2","0.0","1.0","00:00:15"
"ту 48-19-309-79","Яндекс","2","1","0.0","2.0","00:00:11"
"ту 48-19-39-95 пруток вольфрамовый","Яндекс","2","2","0.0","1.5","00:14:19"
"ту 48-19-69-80 порошок","Яндекс","2","1","0.0","1.5","00:00:44"
"ту 48-19-70-84","Яндекс","2","2","0.0","1.5","00:04:42"
"ту 48-19-73-86","Яндекс","2","2","0.0","1.0","00:00:16"
"ту 48-19-88-83","Яндекс","2","2","0.0","1.0","00:00:15"
"ту 48-21-19-79 никель","Яндекс","2","1","0.5","1.5","00:00:11"
"ту 48-21-191-72","Яндекс","2","2","0.0","1.5","00:00:22"
"ту 48-21-593-85","Яндекс","2","2","0.0","1.0","00:00:15"
"ту 48-21-783","Яндекс","2","1","0.0","2.5","00:01:00"
"ту 48-21-783-85 скачать","Яндекс","2","2","0.0","2.5","00:14:25"
"ту 48-4-317-74","Яндекс","2","1","0.0","1.0","00:00:18"
"ту 48-4-338-75","Яндекс","2","2","0.0","1.5","00:01:51"
"ту 48.19-273-91","Яндекс","2","1","0.0","1.0","00:00:15"
"ту 7399-002-32989716-05","Яндекс","2","2","0.5","2.5","00:13:26"
"ту на танталовый круг","Яндекс","2","1","0.0","1.0","00:00:23"
"ту яео или яе0 021.123 как правильно","Яндекс","2","2","0.0","1.0","00:00:15"
"ту1-5-357-75","Яндекс","2","2","0.0","1.0","00:00:16"
"ту14224-118-87","Яндекс","2","1","0.5","1.5","00:01:23"
"ту48-19-272-77","Яндекс","2","2","0.0","1.5","00:06:47"
"ту48-21-611-78","Яндекс","2","2","0.0","1.0","00:00:24"
"удельное сопротивление нихрома в ом","Яндекс","2","2","1.0","1.0","00:00:00"
"удельное сопротивление нихрома физика","Яндекс","2","2","1.0","1.0","00:00:00"
"удельное электрическое сопротивление нихрома","Яндекс","2","2","1.0","1.0","00:00:00"
"феррованадий","Яндекс","2","2","0.0","1.0","00:00:15"
"феррованадий применение","Яндекс","2","1","0.5","2.0","00:01:32"
"ферромагний","Яндекс","2","2","0.0","1.5","00:00:25"
"феррониобий","Яндекс","2","2","0.5","1.5","00:00:01"
"ферросплавы курс на сегодня","Яндекс","2","1","0.5","1.5","00:00:16"
"ферросплвы какие для чего","Яндекс","2","1","0.0","3.5","00:17:55"
"фехралевая проволока диаметр количество метров в бухте фехраль марка","Яндекс","2","2","0.0","2.0","00:01:52"
"фехраль пруток","Яндекс","2","2","0.0","3.5","00:17:49"
"фехраль это","Яндекс","2","2","0.0","2.0","00:00:44"
"физико-химические свойства титана","Яндекс","2","2","0.0","1.5","00:04:09"
"физические войства титана","Яндекс","2","1","0.0","1.0","00:00:15"
"фихраль ф 9","Яндекс","2","1","0.0","1.0","00:00:16"
"фольга нвзв","Яндекс","2","1","0.5","1.5","00:00:17"
"фольга официальный сайт лента закуп","Яндекс","2","1","0.5","1.0","00:00:08"
"формула расчета нагревателей из дисилицида молибдена.","Яндекс","2","1","0.0","1.0","00:00:15"
"характеристики титана","Яндекс","2","1","0.0","1.5","00:00:18"
"хим состав мельхиора","Яндекс","2","1","0.0","3.0","00:02:19"
"химический состав листов вольфрамовых марки в-мп ту 48-19-106-91","Яндекс","2","1","0.0","2.0","00:04:33"
"химический состав тантала твч (тантал высокой чистоты).","Яндекс","2","1","0.0","1.0","00:00:15"
"химический элемент 23","Яндекс","2","2","0.0","3.5","00:01:11"
"химический элемент zr","Яндекс","2","2","0.5","1.0","00:00:07"
"цена вольфрама на лондонской бирже","Яндекс","2","2","1.0","1.0","00:00:00"
"цена на сталь на лондонской бирже","Яндекс","2","2","0.5","1.5","00:00:13"
"цена на цветные металлы на сегодня на лондонской бирже","Яндекс","2","2","0.5","1.5","00:02:55"
"цена стали на бирже в лондоне","Яндекс","2","2","0.5","1.5","00:00:54"
"цена черного металла на бирже лондонской сегодня","Яндекс","2","2","1.0","1.0","00:00:00"
"цены на металл на бирже в лондоне на сегодня","Яндекс","2","2","0.0","3.5","00:03:31"
"цены на металлы на лондонской бирже","Яндекс","2","2","1.0","1.0","00:00:00"
"цирконий в атомной энергетике","Яндекс","2","2","0.0","1.0","00:00:15"
"цирконий металл","Яндекс","2","2","0.0","2.5","00:03:38"
"цирконий металл цена","Яндекс","2","2","1.0","1.0","00:00:00"
"цирконий состав","Яндекс","2","2","0.5","1.0","00:00:07"
"цирконий цена за 1 грамм","Яндекс","2","2","0.0","1.5","00:00:27"
"цирконий что это","Яндекс","2","2","0.0","1.0","00:00:15"
"чистый титан цена","Яндекс","2","2","0.5","1.0","00:00:07"
"что такое вольфрам","Яндекс","2","2","0.5","1.0","00:00:08"
"что такое константановая проволока","Яндекс","2","2","0.0","3.0","00:03:41"
"что такое мельхиор его химический состав","Яндекс","2","2","0.5","1.0","00:00:07"
"что такое титан металл сколько стоит","Яндекс","2","2","0.0","1.0","00:00:14"
"электрод эвл 3.0 гост 23949-80","Яндекс","2","2","0.0","3.0","00:00:44"
"электропечь сопротивления h-45 инструкция по эксплуатации","Яндекс","2","1","0.0","1.5","00:03:08"
"электрохимическое покрытие оловом","Яндекс","2","2","0.0","1.0","00:00:20"
"яе 0.021.057 ту","Яндекс","2","2","0.0","1.0","00:00:15"
"яе0.021.105.ту","Яндекс","2","1","0.0","1.0","00:00:27"
"яе0.021.105ту","Яндекс","2","2","0.0","1.0","00:00:15"
"яе0.021.123 ту","Яндекс","2","2","0.5","1.0","00:00:07"
"яе0.021.123ту","Яндекс","2","2","0.0","1.0","00:00:17"
"яео 021.125 ту","Яндекс","2","1","0.0","1.0","00:00:15"
"яео.021,105 ту","Яндекс","2","1","0.0","1.5","00:00:48"
"""79нм 0,05х100""","Яндекс","1","1","0.0","1.0","00:00:15"
"""Куплю"" озл-17у","Яндекс","1","1","1.0","1.0","00:00:00"
"""куплю"" озл 17у","Яндекс","1","1","0.0","5.0","00:00:33"
"""куплю"" проволоку, пруток, электроды er 385, озл 17у, 69.33","Яндекс","1","1","1.0","1.0","00:00:00"
"""никелированные токоведущие медные жилы"" ""теплопроводность""","Яндекс","1","1","1.0","1.0","00:00:00"
"""труба оребренная 25х2-9-46-8-б3 (ч. р 16262.01.04.00) ""","Яндекс","1","1","1.0","1.0","00:00:00"
"""ферросплав-1000»","Яндекс","1","1","0.0","2.0","00:06:17"
"""фольга 79нм 0,05х100""","Яндекс","1","1","0.0","1.0","00:00:15"
"+7 (922) 631-58-55","Яндекс","1","1","1.0","1.0","00:00:01"
"+7 905 745-00-73","Яндекс","1","1","1.0","1.0","00:00:00"
"+79822919606","Яндекс","1","1","1.0","1.0","00:00:00"
"+79956656599","Яндекс","1","1","1.0","1.0","00:00:00"
", 14:27 -0:18 1= 0:34 pure nickel wire standard: gost2179-75 net we gross wegneg 130 ответ где купить","Яндекс","1","1","0.0","5.0","00:02:25"
"- ту 95.311-82","Яндекс","1","1","0.0","1.0","00:00:15"
". жаропрочные сплавы литые детали газовая турбина производитель","Яндекс","1","1","0.0","2.0","00:00:32"
"09хн3мд","Яндекс","1","1","1.0","1.0","00:00:00"
"1 90013-81","Яндекс","1","1","1.0","1.0","00:00:00"
"1 90015-77","Яндекс","1","1","0.0","1.0","00:00:15"
"1 90173-75","Яндекс","1","1","0.0","3.0","00:06:29"
"1 грамм вольфрама сколько стоит","Яндекс","1","1","0.0","2.0","00:00:41"
"1 кг титана цена","Яндекс","1","1","1.0","1.0","00:00:00"
"1 ноября 2024 цена алюминия и меди","Яндекс","1","1","1.0","1.0","00:00:00"
"1-5-357","Яндекс","1","1","1.0","1.0","00:00:00"
"1. эп277-ви 2. н63гх с ga 3. н80хюд-ви 4. нм10хс 5. х20н75ю-ви 6. нм23хю-ил 7. нм20юф с ge 8. х20н73юм-ви 9. нм10хю с ge 10. нм23юф-ви 11. х13ю5фм-ви 12. нм23хю-ви 13. х21ю5фм-ви","Яндекс","1","1","0.0","8.0","01:05:56"
"1.электрод вольфрамовый эвл-1,6-150 гост 23949-80-20кг наружный диаметр (диаметр вписанного круга), сторона квадрата (стороны поперечного сечения): 1,6 мм; длина: 150 мм что это","Яндекс","1","1","0.0","3.0","00:05:59"
"13. гост 8.338-2002 «преобразователи термоэлектрические. методики поверки»","Яндекс","1","1","0.0","1.0","00:00:15"
"14-1-2357-78","Яндекс","1","1","0.0","1.0","00:00:17"
"16хгмфтр лист","Яндекс","1","1","1.0","1.0","00:00:00"
"190201 ост","Яндекс","1","1","0.0","1.0","00:00:15"
"25х13н2 серебрянка","Яндекс","1","1","1.0","1.0","00:00:00"
"25х18н8в2","Яндекс","1","1","1.0","1.0","00:00:00"
"25х18н8в2 ту 14-1-2004-72","Яндекс","1","1","1.0","1.0","00:00:00"
"25хснвфа вп25","Яндекс","1","1","0.0","2.0","00:06:06"
"26х2нвмбр-ш (квк26-ш) спецсталькомплект","Яндекс","1","1","1.0","1.0","00:00:00"
"273*10 в челябинске","Яндекс","1","1","1.0","1.0","00:00:00"
"29нк ктрл теплопроводность","Яндекс","1","1","0.0","1.0","00:00:15"
"29нк лома продажа","Яндекс","1","1","0.0","1.0","00:00:16"
"29нк сертификат","Яндекс","1","1","0.0","1.0","00:00:15"
"29нк ту","Яндекс","1","1","0.0","1.0","00:00:15"
"29нк-ви-м-нт-о","Яндекс","1","1","0.0","1.0","00:00:16"
"3. классификация магнитно-мягких материалов магнитно-мягкие материалы классифицируются по различным признакам, главным образом по химическому составу, структуре, а также по форме изготовления и области применения. такая классификация позволяет выбрать оптимальный материал для конкретных электротехнических устройств. рис. 3. классификация магнитно-мягких материалов 1. классификация по составу и стру","Яндекс","1","1","0.0","1.0","00:00:16"
"31244ост","Яндекс","1","1","1.0","1.0","00:00:00"
"3567-022-66158671","Яндекс","1","1","0.0","1.0","00:00:15"
"4. требования к надежности и живучести проволоки нихромовой х20н80","Яндекс","1","1","0.0","1.0","00:00:20"
"40кхнм состав ту","Яндекс","1","1","0.0","2.0","00:00:34"
"40х2н2ма ту 14-1-381-72","Яндекс","1","1","1.0","1.0","00:00:00"
"45нхт","Яндекс","1","1","0.0","1.0","00:00:15"
"45х2нмфба","Яндекс","1","1","1.0","1.0","00:00:00"
"45х2нмфба назначение","Яндекс","1","1","1.0","1.0","00:00:00"
"48 19 27 88","Яндекс","1","1","0.0","2.0","00:06:07"
"48-19-102-82","Яндекс","1","1","0.0","1.0","00:00:15"
"48-19-106-91 ту","Яндекс","1","1","1.0","1.0","00:00:00"
"48-19-251","Яндекс","1","1","0.0","1.0","00:00:18"
"48-19-272-83","Яндекс","1","1","0.0","1.0","00:00:15"
"48-19-274-91","Яндекс","1","1","1.0","1.0","00:00:01"
"48-19-39-89","Яндекс","1","1","0.0","1.0","00:00:15"
"5 ю мн 19","Яндекс","1","1","0.0","1.0","00:00:16"
"6 защитных термопар для чего они нужны в выхлопном отсеке","Яндекс","1","1","1.0","1.0","00:00:00"
"60х80 марка сплава","Яндекс","1","1","0.0","1.0","00:00:15"
"630х7 спиралешовная","Яндекс","1","1","1.0","1.0","00:00:00"
"67кн5б","Яндекс","1","1","0.0","2.0","00:00:33"
"67кн5б к какому класс","Яндекс","1","1","0.0","3.0","00:07:30"
"7 985 888-88-56","Яндекс","1","1","1.0","1.0","00:00:00"
"8903778 59 99","Яндекс","1","1","1.0","1.0","00:00:00"
"89058064596","Яндекс","1","1","1.0","1.0","00:00:00"
"89126457523","Яндекс","1","1","1.0","1.0","00:00:00"
"89185560991","Яндекс","1","1","1.0","1.0","00:00:00"
"8961-144-78-85","Яндекс","1","1","1.0","1.0","00:00:00"
"89611447885","Яндекс","1","1","1.0","1.0","00:00:00"
"90000-70","Яндекс","1","1","0.0","1.0","00:00:15"
"90050-72","Яндекс","1","1","1.0","1.0","00:00:00"
"90065-72 гост","Яндекс","1","1","0.0","4.0","00:03:32"
"90173 ост","Яндекс","1","1","0.0","1.0","00:00:15"
"90201 ост 1","Яндекс","1","1","1.0","1.0","00:00:00"
"9507203705","Яндекс","1","1","1.0","1.0","00:00:00"
"<alfa-region@list.ru>","Яндекс","1","1","1.0","1.0","00:00:00"
"================================================= | картонная трубка (наружный диаметр 30-40 мм) | | (защищает от шлака, сгорает за 5-10 секунд) | ================================================= | | внутри трубки проходят: | - провода термопары (компенсационные) | - провода от кислородной ячейки | ----- ------------------- ----------------------- |","Яндекс","1","1","1.0","1.0","00:00:00"
"@асылхан алмаганбетов:название: олово 2027","Яндекс","1","1","1.0","1.0","00:00:00"
"LE добавка в металлургии","Яндекс","1","1","1.0","1.0","00:00:01"
"LME алюминия на 01.09.2026","Яндекс","1","1","1.0","1.0","00:00:00"
"Mo металл","Яндекс","1","1","0.0","1.0","00:00:29"
"Mo металл где используется","Яндекс","1","1","0.0","2.0","00:00:19"
"Molybdenum Bar 99.9%Min China Spot Historical Data shanghai market","Яндекс","1","1","0.0","2.0","00:10:26"
"S690QL купить россия","Яндекс","1","1","1.0","1.0","00:00:01"
"S690QL купить ростов","Яндекс","1","1","1.0","1.0","00:00:01"
"Tu 48-4-317-74","Яндекс","1","1","0.0","1.0","00:00:15"
"alfa-region@list.ru","Яндекс","1","1","1.0","1.0","00:00:00"
"alloy400/monel400","Яндекс","1","1","0.0","2.0","00:00:20"
"astm для жаропрочных сплавов","Яндекс","1","1","0.0","1.0","00:00:27"
"b2b лом нержавеющий","Яндекс","1","1","1.0","1.0","00:00:00"
"bcs-express.ru котировки","Яндекс","1","1","1.0","1.0","00:00:00"
"bанадий элемент","Яндекс","1","1","0.0","1.0","00:00:16"
"chrome powder supplier","Яндекс","1","1","0.0","1.0","00:00:15"
"cifa 709 415 не переключается","Яндекс","1","1","1.0","1.0","00:00:00"
"cnjbvjcnm dfyflbz d 2026 u","Яндекс","1","1","1.0","1.0","00:00:00"
"constantan","Яндекс","1","1","0.0","1.0","00:00:15"
"cuni30 монель купим лом","Яндекс","1","1","1.0","1.0","00:00:00"
"din 59220 скачать","Яндекс","1","1","1.0","1.0","00:00:00"
"djkmahfv","Яндекс","1","1","0.0","1.0","00:00:15"
"djkmahfv wtyf yf ,bh;t","Яндекс","1","1","1.0","1.0","00:00:00"
"djkmahfvjdfz ybnm","Яндекс","1","1","0.0","2.0","00:00:28"
"http://metotech.ru/board/","Яндекс","1","1","0.0","19.0","00:12:25"
"http://shrmt.ru/","Яндекс","1","1","1.0","1.0","00:00:00"
"https://deross.ru/metal_widget/?ysclid=mpwaet9fiz387301278","Яндекс","1","1","0.0","2.0","00:20:30"
"https://metotech.ru","Яндекс","1","1","0.0","9.0","00:03:55"
"https://www.metotech.ru/articles/art_termopary_4_web.pdf?ysclid=mub9eusc8134048487","Яндекс","1","1","0.0","3.0","00:02:27"
"https://www.metotech.ru/information/2026/01","Google","1","1","1.0","1.0","00:00:00"
"htybq металл в естественном виде картинка","Яндекс","1","1","1.0","1.0","00:00:00"
"iso6501 - какая версия действуетт в россии","Яндекс","1","1","0.0","1.0","00:00:15"
"jcn 1 90173","Яндекс","1","1","0.0","2.0","00:01:43"
"jcn1 90006-86","Яндекс","1","1","0.0","1.0","00:00:16"
"jgnbvfkmyjt yfghz;tybt b njr? lkz rjynrnyjq cdfhrb ybrtkbhjdfyyjq ktynjq 0.12","Яндекс","1","1","0.0","1.0","00:00:20"
"jст 1 90065","Яндекс","1","1","1.0","1.0","00:00:00"
"kanthal a1 аналог","Яндекс","1","1","0.0","1.0","00:00:15"
"kc 3898 nrr","Яндекс","1","1","1.0","1.0","00:00:00"
"kjyljycrbq abrcbyu yf 29 b.kz 2026","Яндекс","1","1","1.0","1.0","00:00:00"
"lme - лондонская биржа цветных металлов цены 2026.05.6 ($/тн)","Яндекс","1","1","1.0","1.0","00:00:00"
"lme 17/10/23 wtyf","Яндекс","1","1","1.0","1.0","00:00:00"
"lme 3-month closing price","Яндекс","1","1","0.0","2.0","00:00:23"
"lme tungsten powder price per kg","Яндекс","1","1","0.0","3.0","00:02:42"
"lme алюминий сентябрь 2026","Яндекс","1","1","1.0","1.0","00:00:00"
"lme алюминий цена на 28.08.2025","Яндекс","1","1","0.0","3.0","00:13:48"
"lme вольфрам цена на сегодня","Яндекс","1","1","1.0","1.0","00:00:00"
"lme на олово 16.07.2026","Яндекс","1","1","1.0","1.0","00:00:00"
"lme нержавеющая сталь","Яндекс","1","1","1.0","1.0","00:00:00"
"lme средняя стоимость олова август 2026","Яндекс","1","1","0.0","2.0","00:01:12"
"lme сурьма","Яндекс","1","1","1.0","1.0","00:00:00"
"lme цена цинк на 30.06.2026","Яндекс","1","1","0.0","2.0","00:04:34"
"lme цинка на 26.08.2025 на лондонской бирже","Яндекс","1","1","1.0","1.0","00:00:00"
"masmat онлайн","Яндекс","1","1","0.0","1.0","00:00:22"
"mb50 яео.021.131 ту","Яндекс","1","1","0.0","1.0","00:00:14"
"met calc","Яндекс","1","1","0.0","1.0","00:00:25"
"metatech","Яндекс","1","1","0.0","2.0","00:00:34"
"metatech стеллажи сайт\","Яндекс","1","1","0.0","1.0","00:00:15"
"metotech.ru,","Яндекс","1","1","0.0","3.0","00:01:11"
"metotech.ru. на сайте есть доска объявлений «металлы и сплавы","Яндекс","1","1","0.0","3.0","00:03:18"
"mo металл","Яндекс","1","1","0.0","1.0","00:00:15"
"mo что за элемент в химии","Яндекс","1","1","1.0","1.0","00:00:00"
"molybdenum модуль упругости","Яндекс","1","1","0.0","1.0","00:00:15"
"monel 400","Яндекс","1","1","0.0","1.0","00:00:34"
"monel 400 аналог российский","Яндекс","1","1","0.0","1.0","00:00:15"
"monel k-500 цена за кг","Яндекс","1","1","0.0","1.0","00:00:14"
"monel лента армированная фото","Яндекс","1","1","1.0","1.0","00:00:00"
"mонeлевый пpутoк","Яндекс","1","1","0.0","1.0","00:00:15"
"nb атомы","Яндекс","1","1","0.0","1.0","00:00:15"
"nb химический элемент название","Яндекс","1","1","0.0","2.0","00:00:55"
"ne 48 21 145 72","Яндекс","1","1","0.0","1.0","00:00:15"
"ne 48-19-106-91","Яндекс","1","1","0.0","2.0","00:00:43"
"ne 48-19-258-77","Яндекс","1","1","0.0","3.0","00:02:22"
"nfynfk","Яндекс","1","1","0.0","1.0","00:00:15"
"ni38% cu 58% (константант)","Яндекс","1","1","0.0","1.0","00:00:15"
"niw сплав лист","Яндекс","1","1","0.0","4.0","00:06:07"
"nt[yjkjubz gjkextybz djkmavf","Яндекс","1","1","0.0","1.0","00:00:15"
"oct1 9001з-81","Яндекс","1","1","0.0","1.0","00:00:15"
"oct1-92062-78, гoct19807-74","Яндекс","1","1","0.0","1.0","00:00:15"
"peek порошок купить","Яндекс","1","1","0.0","2.0","00:00:41"
"pfxtv ye;ty wbhrjybq d zlthys[ htfrnjhf[","Яндекс","1","1","0.0","1.0","00:00:15"
"ph в при никелировании","Яндекс","1","1","0.0","1.0","00:00:15"
"r1+r2 нагреватели понятно","Яндекс","1","1","0.0","1.0","00:00:18"
"re химия схема","Яндекс","1","1","1.0","1.0","00:00:00"
"rfr ghjbpdjlzn athhjdjkmahfv","Яндекс","1","1","0.0","1.0","00:00:15"
"rjnhbhjdrb djkmahfvf","Яндекс","1","1","1.0","1.0","00:00:00"
"rusmetallurgiya.ru доска объявлений","Яндекс","1","1","1.0","1.0","00:00:00"
"rybub b cnfnmb gj utrcfanjhble djkmahfvf","Яндекс","1","1","0.0","1.0","00:00:15"
"sn химический элемент","Яндекс","1","1","0.0","1.0","00:00:15"
"ta","Яндекс","1","1","0.0","1.0","00:00:15"
"tantal цена","Яндекс","1","1","0.0","1.0","00:00:15"
"tb 102/85 amw термобиметалл","Яндекс","1","1","0.0","1.0","00:00:15"
"ti  характеристики","Яндекс","1","1","0.0","1.0","00:00:15"
"ti материал","Яндекс","1","1","0.0","1.0","00:00:15"
"titan","Яндекс","1","1","0.0","1.0","00:00:23"
"titan ka sydnit","Яндекс","1","1","0.0","1.0","00:00:20"
"tj-1термопара характеристики","Яндекс","1","1","1.0","1.0","00:00:00"
"tlvt 415 твёрдый сплав цена","Яндекс","1","1","1.0","1.0","00:00:00"
"uhfyeks dfyflbz","Яндекс","1","1","0.0","1.0","00:00:18"
"v o2 v2o5 степени окисления","Яндекс","1","1","0.0","1.0","00:00:16"
"v2o5 какой оксид кислотный","Яндекс","1","1","1.0","1.0","00:00:00"
"v2o5 какой оксид кислотный или основной или амфотерный","Яндекс","1","1","0.0","1.0","00:00:15"
"v2o5 хорошо вступает в реакцию с изменением цвета","Яндекс","1","1","0.0","3.0","00:00:44"
"vf какое неорганическое соединение","Яндекс","1","1","0.0","1.0","00:00:15"
"vjkb,ltu","Яндекс","1","1","0.0","1.0","00:00:15"
"vjkb,lty vt[fybxtcrbt cvjqcndf","Яндекс","1","1","0.0","1.0","00:00:15"
"w33 свойства и применение","Яндекс","1","1","0.0","3.0","00:00:20"
"wtyf vtlb atdhfkm 2024","Яндекс","1","1","1.0","1.0","00:00:00"
"www.metotech.ru/calc.htm","Яндекс","1","1","0.0","1.0","00:00:15"
"x15h60","Яндекс","1","1","0.0","1.0","00:00:16"
"zirkonium praseodym yellow","Яндекс","1","1","0.0","1.0","00:00:16"
"zr что за химический элемент","Яндекс","1","1","0.0","1.0","00:00:15"
"zr что за элемент","Яндекс","1","1","0.0","1.0","00:00:20"
"«Метотехника","Яндекс","1","1","0.0","1.0","00:00:16"
"«куплю складские остатки электрощеток», «покупаем неликвиды мг, мгс, эг», «принимаем графитовые щетки на лом»","Яндекс","1","1","0.0","2.0","00:00:34"
"Алюмель что это","Яндекс","1","1","1.0","1.0","00:00:00"
"Анод титановый гост","Яндекс","1","1","0.0","2.0","00:00:30"
"Белое олово какая решетка","Яндекс","1","1","1.0","1.0","00:00:00"
"В-10 ту 48-19-39-85","Яндекс","1","1","0.0","1.0","00:00:16"
"Ванадий","Яндекс","1","1","1.0","1.0","00:00:01"
"Вес полосы ванадия калькулятор","Яндекс","1","1","0.0","1.0","00:00:20"
"Винт ресурсный ЕЮТИ.Н.700.000-01 Сплав Н65Д29ЮТ (К-Монель) ТУ14-1-3917-85","Яндекс","1","1","0.0","3.0","00:00:44"
"Внпр-1","Яндекс","1","1","1.0","1.0","00:00:00"
"Вольфрам ТУ 48-1-76-90  химсостав","Яндекс","1","1","0.0","1.0","00:00:15"
"Вольфрамовая проволока применение","Яндекс","1","1","0.0","1.0","00:00:20"
"Вольфрамовые прутки марки ВРН-состав","Яндекс","1","1","0.0","1.0","00:00:15"
"Вольфрамовый пруток для электродов ксеноновых ламп ТУ 48-19-320-91","Яндекс","1","1","0.0","5.0","00:38:18"
"ГОСТ 1 90013-81","Яндекс","1","1","1.0","1.0","00:00:00"
"ГОСТ 23949-80","Яндекс","1","1","0.0","1.0","00:00:16"
"ГОСТ 26591-85 «Ферроникель. Технические условия».","Яндекс","1","1","0.0","2.0","00:03:52"
"ГОСТ 88033","Яндекс","1","1","0.0","1.0","00:00:16"
"ГОСТ 90013","Яндекс","1","1","1.0","1.0","00:00:00"
"Где используется мельхиор","Яндекс","1","1","0.0","6.0","00:04:41"
"Динамика биржевых цен на нержавейку","Яндекс","1","1","1.0","1.0","00:00:00"
"Закупаем химическое сырьё неликвиды, просрочку по РФ abcd1981.81@mail.ru","Яндекс","1","1","0.0","2.0","00:22:40"
"Инфо цирконий свойства понятно","Яндекс","1","1","1.0","1.0","00:00:00"
"К какой группе металлов относиться вольфрам","Яндекс","1","1","1.0","1.0","00:00:00"
"КАК расчитать спираль из листа металла","Яндекс","1","1","1.0","1.0","00:00:00"
"КАКУЮ ПРИМЕНИТЬ РАСЦЕНКУ НА ТЕРМОПАРА ТИПА ТПК(ХА)ХРОМЕЛЬ-АЛЮМЕЛЬ, ДИАПАЗОН ТЕМПЕРАТУР 00...+1200 ГРАДУС С.L-1250ММ ТХА-0496-1250","Яндекс","1","1","1.0","1.0","00:00:00"
"КРУГ 150 ОСТ 1 90107-73/ВТ6с Без заусенца ОСТ 1 90013-81","Яндекс","1","1","0.0","2.0","00:01:50"
"Как получают покрытие из олова определенной толщины","Яндекс","1","1","0.0","2.0","00:11:00"
"Как рассчитать длину спирали нихрома по температуре","Яндекс","1","1","0.0","1.0","00:00:15"
"Какие бывают сплавы из титана с другими металлами","Яндекс","1","1","1.0","1.0","00:00:00"
"Какие легирующие элементы повышают жаростойкость стали?","Яндекс","1","1","0.0","1.0","00:00:15"
"Калькулятор для фехрали","Яндекс","1","1","0.0","1.0","00:00:33"
"Калькулятор металла","Яндекс","1","1","0.0","1.0","00:00:24"
"Калькулятор тклр л63","Яндекс","1","1","1.0","1.0","00:00:00"
"Карбиды","Яндекс","1","1","0.0","2.0","00:00:16"
"Кобальт лист купить","Яндекс","1","1","0.0","2.0","00:00:36"
"Кобальтавые пластины","Яндекс","1","1","1.0","1.0","00:00:00"
"Кобальтовая пластина","Яндекс","1","1","0.0","1.0","00:00:15"
"Константан что это такое","Яндекс","1","1","0.0","1.0","00:00:15"
"Копель удельное сопротивление","Яндекс","1","1","0.0","1.0","00:00:15"
"Корбитчто это","Яндекс","1","1","1.0","1.0","00:00:00"
"Котировки рений 2020","Яндекс","1","1","1.0","1.0","00:00:01"
"Круг поковка медно-никелиевый мнжмц11","Яндекс","1","1","0.0","1.0","00:00:15"
"Ктр нихрома и фехрал","Яндекс","1","1","0.0","2.0","00:04:07"
"Куплю для собственного производства наплавочный пруток карбид вольфрама","Яндекс","1","1","1.0","1.0","00:00:00"
"Лантанированного","Яндекс","1","1","0.0","2.0","00:00:28"
"Лента ниобия ту","Яндекс","1","1","0.0","2.0","00:03:52"
"Лены лондонской биржи на гидроксид лития на 30.06.2026","Яндекс","1","1","1.0","1.0","00:00:00"
"Лист МНМц 3-12 ГОСТ 492-2006 купить","Яндекс","1","1","0.0","1.0","00:00:15"
"М-МП 52X1000 ГОСТ 17432-72","Яндекс","1","1","0.0","4.0","00:04:17"
"МЕТОТЕХНИКА КАЛЬКУЛЯТОР","Яндекс","1","1","0.0","1.0","00:00:18"
"МЧ ТУ 8-19-203-85","Яндекс","1","1","0.0","1.0","00:00:17"
"Манель сталь","Яндекс","1","1","0.0","1.0","00:00:15"
"Марка ПТС-1, ТУ 14-22-57-92 Чистота 99% Размер частиц 0-70 мкм","Яндекс","1","1","0.0","2.0","00:08:42"
"Марка материала титан нс","Яндекс","1","1","0.0","1.0","00:00:15"
"Материал Ti","Яндекс","1","1","0.0","1.0","00:00:15"
"Медно никелевый стоимость","Яндекс","1","1","1.0","1.0","00:00:00"
"Медно-вольфрамовый пруток ВД-15 купить","Яндекс","1","1","0.0","1.0","00:00:15"
"Медь никель индий","Яндекс","1","1","1.0","1.0","00:00:00"
"Мельхиор","Яндекс","1","1","0.0","2.0","00:00:15"
"Мельхиор полоски","Яндекс","1","1","1.0","1.0","00:00:00"
"Метотехника калькудятор","Яндекс","1","1","0.0","1.0","00:00:15"
"Молибден картинки","Яндекс","1","1","1.0","1.0","00:00:00"
"Молибден на лме динамика цен за 2026г","Яндекс","1","1","1.0","1.0","00:00:00"
"Молибден это что","Яндекс","1","1","1.0","1.0","00:00:00"
"Молибденовая проволока","Яндекс","1","1","0.0","2.0","00:01:08"
"Мч-6,0 ТУ 48-19-203-85","Яндекс","1","1","0.0","1.0","00:00:16"
"НИКЕЛЬ КАТОДНЫЙ Н-1 ГОСТ 849-2018","Яндекс","1","1","0.0","1.0","00:00:15"
"НМцАТК","Яндекс","1","1","0.0","1.0","00:00:15"
"НМцАТК1-1,5-2,5-0,15","Яндекс","1","1","0.0","1.0","00:00:23"
"Насос гредфост продать","Яндекс","1","1","1.0","1.0","00:00:00"
"Никель выпускают в виде: холоднокатаной ленты, листа, полосы, трубки, прутка, круга, а также никелевой фольги, проволоки, нити и порошка;","Яндекс","1","1","0.0","1.0","00:00:15"
"Никель э","Яндекс","1","1","0.0","1.0","00:00:15"
"Никель это металл","Яндекс","1","1","0.0","1.0","00:00:39"
"Никилированная","Яндекс","1","1","0.0","2.0","00:00:20"
"Ниобий","Яндекс","1","1","0.0","1.0","00:00:15"
"Нихром и хромель","Яндекс","1","1","0.0","10.0","00:04:34"
"Нихрома","Яндекс","1","1","0.0","2.0","00:00:30"
"Номер хрома в таблице менделеева","Яндекс","1","1","1.0","1.0","00:00:00"
"ООО «НПК «Метотехника» г. Москва","Яндекс","1","1","0.0","2.0","00:00:30"
"ОСТ 1 31244-88","Яндекс","1","1","1.0","1.0","00:00:00"
"ОСТ 1 90107-73","Яндекс","1","1","0.0","1.0","00:00:15"
"ОСТ 1 90266-86","Яндекс","1","1","0.0","2.0","00:11:25"
"ОСТ 1 92027-90","Яндекс","1","1","0.0","2.0","00:01:11"
"ОСТ 1 92062-90 pdf","Яндекс","1","1","0.0","2.0","00:14:47"
"ОСТ 1-92027-73","Яндекс","1","1","0.0","1.0","00:00:15"
"ОСТ 1.90201-75.","Яндекс","1","1","1.0","1.0","00:00:00"
"ОСТ 1.90218-76","Яндекс","1","1","0.0","1.0","00:00:16"
"ОСТ 190145-74","Яндекс","1","1","0.0","1.0","00:00:14"
"ОСТ 90000-70 / ТУ 1-805-152","Яндекс","1","1","0.0","2.0","00:03:34"
"ОСТ 92062","Яндекс","1","1","1.0","1.0","00:00:00"
"ОСТ 92062-90","Яндекс","1","1","0.0","1.0","00:00:16"
"ОСТ1 90013-81","Яндекс","1","1","1.0","1.0","00:00:00"
"ОСТ1.90050 скачать","Яндекс","1","1","0.0","1.0","00:00:15"
"Основные свойства титана","Яндекс","1","1","0.0","1.0","00:00:15"
"ПОРОШКОВЫЕ И КОМПОЗИЦИОННЫЕ МАТЕРИАЛЫ","Яндекс","1","1","0.0","2.0","00:00:28"
"Перечень маки сталей в порошке по ГОСТ","Яндекс","1","1","0.0","2.0","00:00:54"
"Платформа metotech.ru","Яндекс","1","1","0.0","3.0","00:02:19"
"Поликристаллический молибдее","Яндекс","1","1","0.0","1.0","00:00:15"
"Полоса ванадиевая ВнПл-16Х345мм ТУ 48-4-272-73 требуется ли сертификат соответствия","Яндекс","1","1","0.0","1.0","00:00:15"
"Получили от Вас запрос на:Нихромовая лента 1.5 15 Х20Н80 ГОСТ 12766.5-90","Яндекс","1","1","0.0","1.0","00:00:15"
"Потребители порошка циркония  э110","Яндекс","1","1","0.0","4.0","00:08:25"
"Применение вольфрама в промышленности","Яндекс","1","1","1.0","1.0","00:00:00"
"Применение олова в производстве материалов","Яндекс","1","1","0.0","1.0","00:00:23"
"Применение титана в химической промышленности","Яндекс","1","1","1.0","1.0","00:00:00"
"Принципы работы термопар для измерения температуры","Яндекс","1","1","0.0","1.0","00:00:24"
"Принципы работы термопары для измерения температуры","Яндекс","1","1","0.0","1.0","00:00:25"
"Принципы работы термоэлектрических преобразователей","Яндекс","1","1","1.0","1.0","00:00:00"
"Принципы работы термоэлемента","Яндекс","1","1","0.0","1.0","00:00:23"
"Присадка монель","Яндекс","1","1","0.0","1.0","00:00:15"
"Проволока вольфрамовая","Яндекс","1","1","1.0","1.0","00:00:00"
"Проволока кобальто-вольфрамовая 0,75 мм.","Яндекс","1","1","0.0","1.0","00:00:15"
"Проволока нихром Холоднотянутая проволока из прецизионных сплавов с высоким электрическим сопротивлением, предназначенная для изготовления нагревательных элементов и элементов сопротивления. Диаметр: 1 мм Марка сплава: Х20Н80-Н. ГОСТ 12766.1-90","Яндекс","1","1","0.0","1.0","00:00:15"
"Проволока нихром гост","Яндекс","1","1","1.0","1.0","00:00:00"
"Продать кабель ЮТП новосибирск","Яндекс","1","1","0.0","2.0","00:03:22"
"Продать титан марки пт7м в китай","Яндекс","1","1","0.0","3.0","00:20:32"
"Производители танталовых труб","Яндекс","1","1","0.0","1.0","00:00:15"
"Пруток ВЛ 4 ТУ-48-19-27-88","Яндекс","1","1","1.0","1.0","00:00:00"
"Пруток ВНБ-3-Ш-5-350 СУ0.021.048 ТУ","Яндекс","1","1","0.0","2.0","00:00:34"
"Пруток каким диаметром ост в5р 92062 существует","Яндекс","1","1","0.0","1.0","00:00:15"
"Пруток монелевый","Яндекс","1","1","0.0","5.0","00:27:46"
"Псевдосплав молибден с медью примеси","Яндекс","1","1","0.0","1.0","00:00:18"
"РАСЧИТАТЬ ВЕС ПРИПОЯ Н ЛАЙНЪ","Яндекс","1","1","0.0","1.0","00:00:17"
"Расчет мощности нихромовой проволоки на 220в длины","Яндекс","1","1","0.0","1.0","00:00:15"
"Расчет спиралей онлайн","Яндекс","1","1","1.0","1.0","00:00:00"
"Расчитать мощность спирали","Яндекс","1","1","0.0","3.0","00:04:26"
"Расчёт печи 950 градусов модернизация до 1200 градусов","Яндекс","1","1","0.0","1.0","00:00:15"
"Рений","Яндекс","1","1","0.0","1.0","00:00:20"
"СТОИМОСТЬ ТИТАНА ЛОНДОНСКАЯ БИРЖА","Яндекс","1","1","0.0","4.0","00:02:01"
"Свойства и применение порошковых материалов в промышленности","Яндекс","1","1","0.0","1.0","00:00:15"
"Свойства никеля статья","Яндекс","1","1","0.0","1.0","00:00:17"
"Свойства титанов и его сплавов","Яндекс","1","1","1.0","1.0","00:00:00"
"Скупка насосов грунфус","Яндекс","1","1","1.0","1.0","00:00:01"
"Сплав Железа с 5-10 процентами никеля практически без хрома","Яндекс","1","1","1.0","1.0","00:00:00"
"Сплав монель К-500  отливка БМДК.3.020","Яндекс","1","1","0.0","1.0","00:00:14"
"Сплавы для термопар","Яндекс","1","1","0.0","1.0","00:00:15"
"Сплавы иолибдега","Яндекс","1","1","0.0","1.0","00:00:15"
"Сплавы на основе ниобия","Яндекс","1","1","0.0","1.0","00:00:15"
"Сплавы титана Состав","Яндекс","1","1","0.0","1.0","00:00:15"
"Споавы на основе олова","Яндекс","1","1","0.0","1.0","00:00:22"
"ТУ 11-75","Яндекс","1","1","0.0","2.0","00:00:32"
"ТУ 11-77 Яе0.021.122 ТУ","Яндекс","1","1","1.0","1.0","00:00:00"
"ТУ 14-1-3225-81","Яндекс","1","1","0.0","2.0","00:00:09"
"ТУ 14-1-941-74","Яндекс","1","1","0.0","1.0","00:00:15"
"ТУ 14-22-124-99","Яндекс","1","1","0.0","2.0","00:00:26"
"ТУ 14-224-118-87","Яндекс","1","1","1.0","1.0","00:00:00"
"ТУ 1791-449-05785388-2010","Яндекс","1","1","0.0","1.0","00:00:16"
"ТУ 48-19-203-85","Яндекс","1","1","0.0","1.0","00:00:15"
"ТУ 48-19-247-93","Яндекс","1","1","0.0","1.0","00:00:15"
"ТУ 48-19-250-86","Яндекс","1","1","0.0","2.0","00:00:41"
"ТУ 48-19-251-85","Яндекс","1","1","0.0","1.0","00:00:15"
"ТУ 48-19-251-94","Яндекс","1","1","0.0","2.0","00:23:32"
"ТУ 48-19-254-91 для марки МР-47ВП","Яндекс","1","1","0.0","1.0","00:00:16"
"ТУ 48-19-265-91","Яндекс","1","1","0.0","1.0","00:00:16"
"ТУ 48-19-27-18 5373 4051","Яндекс","1","1","0.0","2.0","00:02:26"
"ТУ 48-19-272-83","Яндекс","1","1","0.0","1.0","00:00:16"
"ТУ 48-19-284-84","Яндекс","1","1","0.0","22.0","01:24:38"
"ТУ 48-19-290-91","Яндекс","1","1","0.0","1.0","00:00:15"
"ТУ 48-19-316-92","Яндекс","1","1","0.0","1.0","00:00:15"
"ТУ 48-19-39-85 скачать","Яндекс","1","1","0.0","1.0","00:00:16"
"ТУ 48-19-57-91","Яндекс","1","1","0.0","2.0","00:01:18"
"ТУ 48-19-73-78","Яндекс","1","1","0.0","3.0","00:05:16"
"ТУ 48-19-88-","Яндекс","1","1","0.0","1.0","00:00:15"
"ТУ 48-21-128-72","Яндекс","1","1","0.0","6.0","00:26:23"
"ТУ 48-21-145-72)","Яндекс","1","1","0.0","1.0","00:00:15"
"ТУ 48-21-33-72","Яндекс","1","1","0.0","3.0","00:23:25"
"ТУ 48-21-84-72","Яндекс","1","1","1.0","1.0","00:00:00"
"ТУ 48-4-316-74","Яндекс","1","1","0.0","1.0","00:00:15"
"ТУ 95 2817-2002","Яндекс","1","1","0.0","1.0","00:00:15"
"ТУ 95-311-82","Яндекс","1","1","0.0","2.0","00:00:55"
"ТУ 95.166-83","Яндекс","1","1","0.0","3.0","00:10:42"
"ТУ 961-1543-70","Яндекс","1","1","0.0","1.0","00:00:15"
"ТУ 961‑1543‑70","Яндекс","1","1","0.0","1.0","00:00:16"
"ТУ Яе0.021.105","Яндекс","1","1","0.0","1.0","00:00:17"
"ТУ на титановый сплав ТС6","Яндекс","1","1","0.0","1.0","00:00:15"
"ТУ1-5-357-95","Яндекс","1","1","0.0","1.0","00:00:13"
"ТУ14-1-899-74","Яндекс","1","1","0.0","1.0","00:00:15"
"ТУ48-19-69-80","Яндекс","1","1","0.0","1.0","00:00:15"
"ТУ48-21-144-90","Яндекс","1","1","0.0","1.0","00:00:15"
"ТУ48-21-145-72","Яндекс","1","1","0.0","2.0","00:30:23"
"ТУ48131777","Яндекс","1","1","0.0","1.0","00:00:15"
"Таблица на нихром","Яндекс","1","1","1.0","1.0","00:00:00"
"Тантал","Яндекс","1","1","0.0","1.0","00:00:15"
"Тантал сверхпроводник или нет","Яндекс","1","1","0.0","1.0","00:00:14"
"Тарасов А.Н. Химикотермическая обработка прецизионных деталей из магнитомягкой стали 16Х-ВИ при электролитном нагреве. - Электронная обработка материалов. АН Молдавской ССР, N 2, 1990, с.87 - 89. *","Яндекс","1","1","0.0","1.0","00:00:15"
"Твердый сплав к нему относится","Яндекс","1","1","1.0","1.0","00:00:00"
"Тендер шестигранник h11-s13 ГОСТ 8560-78 / 12Х18Н10Т ТУ 14-1-3564-83","Яндекс","1","1","1.0","1.0","00:00:00"
"Термопара ТМК","Яндекс","1","1","0.0","1.0","00:00:16"
"Термопары для измерения температуры принцип работы","Яндекс","1","1","1.0","1.0","00:00:00"
"Термопары для печей вертем правильное название","Яндекс","1","1","1.0","1.0","00:00:00"
"Термопата Хромель-алюмель, что это","Яндекс","1","1","0.0","2.0","00:00:54"
"Тита цена за грамм","Яндекс","1","1","1.0","1.0","00:00:01"
"Титан метал","Яндекс","1","1","0.0","1.0","00:00:23"
"Титан металл","Яндекс","1","1","0.0","1.0","00:00:15"
"Титан стоимость проката","Яндекс","1","1","1.0","1.0","00:00:00"
"Ткрмопара типа к свойства физические","Яндекс","1","1","0.0","1.0","00:00:15"
"Тонкий помол твердых сплавов","Яндекс","1","1","0.0","2.0","00:00:27"
"Труба ниобиевая марки Нб10В5МЦУ","Яндекс","1","1","0.0","2.0","00:01:01"
"Труба ниобиевая Нб10В5МЦУ производитель","Яндекс","1","1","1.0","1.0","00:00:01"
"Ту 3567-022-66158671","Яндекс","1","1","0.0","1.0","00:00:22"
"Ту 48-1969-80","Яндекс","1","1","0.0","1.0","00:00:15"
"Удельный поток газовыделения молибдена МЧ","Яндекс","1","1","0.0","1.0","00:00:16"
"Феро фосфор цена на бирже за тонну","Яндекс","1","1","1.0","1.0","00:00:00"
"Феромагний","Яндекс","1","1","0.0","1.0","00:00:15"
"Ферровольфрам","Яндекс","1","1","1.0","1.0","00:00:00"
"Ферротитаном","Яндекс","1","1","0.0","2.0","00:00:28"
"Фильтр труба-луч распределительный желобкового типа L=380 мм, диаметр 51 мм, со щелью 0,2 мм 10Х18Н10Т","Яндекс","1","1","1.0","1.0","00:00:00"
"Х20Н75Ю сплав механические свойства","Яндекс","1","1","0.0","1.0","00:00:16"
"ХРОМ ЭРХ СРОК ХРАНЕНИЯ","Яндекс","1","1","0.0","1.0","00:00:17"
"Характеристики химического элемента олова","Яндекс","1","1","1.0","1.0","00:00:00"
"Химический состав различных магнитных материалов описан ГОСТ 17809-72","Яндекс","1","1","0.0","1.0","00:00:15"
"Химический элемент светло серого цвета тугоплавкий металл","Яндекс","1","1","1.0","1.0","00:00:00"
"ЦЕРИЙ ЦеЭ-0 СКАЧАТЬ ТУ метотех","Яндекс","1","1","1.0","1.0","00:00:00"
"Цена на марганцовую руду по лме","Яндекс","1","1","1.0","1.0","00:00:01"
"Цена прутка Циркониевая диаметр 0.15см длина 30см","Яндекс","1","1","0.0","4.0","00:04:38"
"Цена тантала","Яндекс","1","1","0.0","1.0","00:00:15"
"Цены на металл сентябре 2026","Яндекс","1","1","1.0","1.0","00:00:00"
"Циркониевый металлический круглый стержень","Яндекс","1","1","0.0","1.0","00:00:22"
"Цирконий к какой группе относится","Яндекс","1","1","0.0","1.0","00:00:15"
"Что делают из вольфрама","Яндекс","1","1","1.0","1.0","00:00:00"
"Что означает буква р в марке проволоки вр","Яндекс","1","1","0.0","1.0","00:00:23"
"Что такое никель","Яндекс","1","1","0.0","1.0","00:00:16"
"Что такое тантал","Яндекс","1","1","0.0","1.0","00:00:15"
"Шимса монтажная 1.000 вал & 1.18 монель.,030","Яндекс","1","1","0.0","1.0","00:00:20"
"Яе0.021.105ТУ допуск на толщину 1,2 мм","Яндекс","1","1","0.0","1.0","00:00:16"
"ЯеО.021.121","Яндекс","1","1","0.0","18.0","00:49:54"
"ЯеО.021.123.ТУ","Яндекс","1","1","0.0","8.0","00:21:46"
"Яео.021.123.ТУ","Яндекс","1","1","0.0","3.0","00:12:30"
"аб-2 ту5.961-11571-2006 лист купить","Яндекс","1","1","1.0","1.0","00:00:00"
"аббревиатура сплавов из биметалл","Яндекс","1","1","1.0","1.0","00:00:00"
"авангард твердый сплав","Яндекс","1","1","0.0","1.0","00:00:16"
"актуальные цены на вольфрам и ванадий","Яндекс","1","1","0.0","2.0","00:02:25"
"актуальный ост для прутка титанового","Яндекс","1","1","0.0","1.0","00:00:15"
"аллюмель","Яндекс","1","1","0.0","1.0","00:00:15"
"аллюмель проволка продать","Яндекс","1","1","0.0","2.0","00:04:56"
"аллюмель это","Яндекс","1","1","0.0","1.0","00:00:20"
"алмаз антей продажа внс 16","Яндекс","1","1","1.0","1.0","00:00:00"
"алмаз карбид ниобия","Яндекс","1","1","0.0","1.0","00:00:15"
"алюмель 1138","Яндекс","1","1","0.0","1.0","00:00:15"
"алюмель рассчитать вес","Яндекс","1","1","0.0","2.0","00:00:26"
"алюмель термическая обработка","Яндекс","1","1","0.0","1.0","00:00:15"
"алюмель удельное сопротивление","Яндекс","1","1","0.0","1.0","00:00:15"
"алюмель хим состав","Яндекс","1","1","0.0","1.0","00:00:15"
"алюмель хромель купить","Яндекс","1","1","0.0","1.0","00:00:18"
"алюмель, хромель","Яндекс","1","1","0.0","1.0","00:00:28"
"алюминий lme 24.07.2023","Яндекс","1","1","1.0","1.0","00:00:00"
"амту 475-2-67 ост90000-70","Яндекс","1","1","0.0","1.0","00:00:15"
"ан-1985 допуски на штамповку","Яндекс","1","1","0.0","1.0","00:00:18"
"ан-1985-62","Яндекс","1","1","0.0","1.0","00:00:15"
"аналог сплава кнт 16","Яндекс","1","1","0.0","1.0","00:00:15"
"анилид салициловой кислоты производство продажа","Яндекс","1","1","1.0","1.0","00:00:00"
"анилид салициловой кислоты ту 6-14-223-76","Яндекс","1","1","1.0","1.0","00:00:00"
"анод дпрхх 10*100*300 о1 ту 48-13-14-87","Яндекс","1","1","0.0","3.0","00:00:58"
"анод из никеля нпа 1 калькулятор веса","Яндекс","1","1","0.0","1.0","00:00:15"
"анод о-ви","Яндекс","1","1","0.0","1.0","00:00:15"
"анод оловянный марка 01 пч 10х80х700мм","Яндекс","1","1","0.0","2.0","00:00:24"
"анод оловянный о1","Яндекс","1","1","1.0","1.0","00:00:00"
"анод оловянный сферический / полусферический производитель","Яндекс","1","1","0.0","1.0","00:00:16"
"анод оловянный ту","Яндекс","1","1","0.0","2.0","00:00:43"
"аноды лпр ту","Яндекс","1","1","0.0","1.0","00:00:15"
"аноды никелевые н1","Яндекс","1","1","0.0","2.0","00:00:24"
"аноды никель размеры","Яндекс","1","1","0.0","2.0","00:00:44"
"аноды олово производство","Яндекс","1","1","1.0","1.0","00:00:00"
"аноды олово ту","Яндекс","1","1","0.0","1.0","00:00:15"
"аноды оловянные 10х300х900, о1 производитель","Яндекс","1","1","1.0","1.0","00:00:00"
"аноды оловянные bpujnjdbntkb","Яндекс","1","1","0.0","1.0","00:00:16"
"аноды оловянные марки о1 т=10 мм 100*400 мм гост 1467-58 вес","Яндекс","1","1","1.0","1.0","00:00:00"
"аноды оловянные ту 48-13-14-87 о1","Яндекс","1","1","0.0","1.0","00:00:18"
"арматура лежалая купить","Яндекс","1","1","1.0","1.0","00:00:00"
"атомная масса ванадия","Яндекс","1","1","0.0","1.0","00:00:28"
"афферомагнитные сплавы металлов,что входит в состав?","Яндекс","1","1","0.0","1.0","00:00:15"
"балки ростверка мик-п п3а 1,04х11,92м серия","Яндекс","1","1","1.0","1.0","00:00:00"
"бесплатные металлургические доски объявлений","Яндекс","1","1","0.0","7.0","00:08:16"
"бесплатные промышленные доски объявлений","Яндекс","1","1","1.0","1.0","00:00:00"
"биржа вольфрам онлайн","Яндекс","1","1","1.0","1.0","00:00:00"
"биржа котировка ферромарганца 65/17","Яндекс","1","1","1.0","1.0","00:00:00"
"биржа лме цены","Яндекс","1","1","1.0","1.0","00:00:00"
"биржа лондон ферровольфрам","Яндекс","1","1","0.0","5.0","00:02:21"
"биржа металлов вольфрам","Яндекс","1","1","0.0","2.0","00:00:16"
"биржа по металлу стоимость металла за июль 2026","Яндекс","1","1","1.0","1.0","00:00:00"
"биржа продавцов титаном вт1-0 где все титаном торгуют","Яндекс","1","1","0.0","2.0","00:00:38"
"биржа цветных металлов вольфрам цены на сегодня","Яндекс","1","1","1.0","1.0","00:00:00"
"биржа цветных металлов онлайн","Яндекс","1","1","1.0","1.0","00:00:00"
"биржевая стоимость тантала","Яндекс","1","1","0.0","5.0","00:06:49"
"биржевая стоимость ферромолибдена 50","Яндекс","1","1","0.0","3.0","00:00:47"
"биржевая цена на оксид вольфрама в китае","Яндекс","1","1","1.0","1.0","00:00:00"
"биржевая цена на тантал","Яндекс","1","1","1.0","1.0","00:00:00"
"биржевой цена сурьма на сегодня","Яндекс","1","1","1.0","1.0","00:00:00"
"биржевые цены на вольфрам","Яндекс","1","1","0.0","2.0","00:00:24"
"биржевые цены на ферросплавы в россии","Яндекс","1","1","1.0","1.0","00:00:00"
"биржовая цена ванади 2022","Яндекс","1","1","0.0","2.0","00:05:19"
"болт призонный м20х100 din610","Яндекс","1","1","0.0","5.0","00:01:16"
"борированная нержавеющая сталь","Яндекс","1","1","1.0","1.0","00:00:00"
"броневая сталь а3 характеристики","Яндекс","1","1","1.0","1.0","00:00:00"
"бронесталь","Яндекс","1","1","1.0","1.0","00:00:00"
"броня с500 аналог","Яндекс","1","1","1.0","1.0","00:00:00"
"бса 5.1 проволока","Яндекс","1","1","1.0","1.0","00:00:00"
"буровая коронка для бурения состав меттала","Яндекс","1","1","0.0","1.0","00:00:16"
"буровая коронка состав","Яндекс","1","1","0.0","1.0","00:00:17"
"в буровых коронках зубья какой метал","Яндекс","1","1","0.0","2.0","00:00:33"
"в каких кабелях используется нихромовая проволока","Яндекс","1","1","0.0","1.0","00:00:15"
"в каких отраслях в наше время применяется цирконий","Яндекс","1","1","0.0","3.0","00:04:47"
"в каких температурных режимах оптимально использовать термопары хромель-алюмель и хромель - капель","Яндекс","1","1","0.0","1.0","00:00:15"
"в каких термопарах содержится др","Яндекс","1","1","1.0","1.0","00:00:00"
"в каких электромагнитах есть никель","Яндекс","1","1","0.0","1.0","00:00:15"
"в какой области промышленности применяют рений","Яндекс","1","1","0.0","1.0","00:00:15"
"в какой поомышленности ррименялось руда триокиси вальфрама","Яндекс","1","1","0.0","1.0","00:00:15"
"в каком виде могут быть ферросплавы","Яндекс","1","1","0.0","1.0","00:00:14"
"в каком металле находится вольфрам","Яндекс","1","1","0.0","1.0","00:00:15"
"в онлайн калькулятор исходя из данных по плотности металла","Яндекс","1","1","0.0","1.0","00:00:24"
"в производстве используют материал молибден","Яндекс","1","1","0.0","1.0","00:00:15"
"в среде защитных газов лента 0,35 250-i-79нм магнитные свойства","Яндекс","1","1","0.0","1.0","00:00:15"
"в ту 48-19-106-91","Яндекс","1","1","0.0","1.0","00:00:16"
"в чем есть нихромовая проволока","Яндекс","1","1","0.0","1.0","00:00:15"
"в чем используют ниобий","Яндекс","1","1","0.0","1.0","00:00:15"
"в чем найти молибден","Яндекс","1","1","0.0","1.0","00:00:16"
"в чем отличие технологии плавки ферротитан фти70 и фти35","Яндекс","1","1","0.0","1.0","00:00:16"
"в-16 ту 48-19-39-85","Яндекс","1","1","1.0","1.0","00:00:00"
"в-мп лист вольфрамовый китайский аналог","Яндекс","1","1","0.0","2.0","00:00:33"
"в-мп ту 48-19-106-91 содержание сплава","Яндекс","1","1","0.0","1.0","00:00:23"
"ва 1,2 ост11021.002-76","Яндекс","1","1","0.0","1.0","00:00:15"
"вагон ферросплавов цена в россии 2026","Яндекс","1","1","1.0","1.0","00:00:00"
"вал ступенчатый ст.34хн1ма","Яндекс","1","1","1.0","1.0","00:00:00"
"валентность молибдена","Яндекс","1","1","1.0","1.0","00:00:00"
"ванадиевая проволока","Яндекс","1","1","0.0","2.0","00:04:55"
"ванадиевый порошок (0-500 мкм) ту 14-22-124-99 сертификат","Яндекс","1","1","0.0","5.0","00:09:53"
"ванадиевый порошок вэл-1 ту 14-22-124-99 кто изготовитель","Яндекс","1","1","0.0","1.0","00:00:15"
"ванадиевый пруток для сварки разнородных соединений","Яндекс","1","1","1.0","1.0","00:00:00"
"ванадиевым","Яндекс","1","1","0.0","1.0","00:00:20"
"ванадий 372 ту","Яндекс","1","1","0.0","1.0","00:00:15"
"ванадий в формате гранул производители","Яндекс","1","1","0.0","1.0","00:00:15"
"ванадий и рений металлы","Яндекс","1","1","0.0","2.0","00:00:26"
"ванадий как легирующий элемент","Яндекс","1","1","1.0","1.0","00:00:00"
"ванадий круг цена","Яндекс","1","1","1.0","1.0","00:00:00"
"ванадий лме","Яндекс","1","1","1.0","1.0","00:00:00"
"ванадий металл для чего","Яндекс","1","1","0.0","1.0","00:00:14"
"ванадий металл или неметалл","Яндекс","1","1","0.0","1.0","00:00:16"
"ванадий осч цена на рынке за тонну","Яндекс","1","1","1.0","1.0","00:00:00"
"ванадий по госту наплавочный","Яндекс","1","1","0.0","1.0","00:00:15"
"ванадий применение","Яндекс","1","1","0.0","1.0","00:00:16"
"ванадий применение в сплавах","Яндекс","1","1","0.0","20.0","00:05:50"
"ванадий пруток внп из чего состоит","Яндекс","1","1","0.0","1.0","00:00:15"
"ванадий химический элемент что это","Яндекс","1","1","1.0","1.0","00:00:00"
"ванадий цена за килограмм","Яндекс","1","1","0.0","1.0","00:00:15"
"ванадий цена на бирже lme","Яндекс","1","1","0.0","4.0","00:08:57"
"ванадий чистый пруток","Яндекс","1","1","0.0","5.0","00:07:44"
"ванадий электролитический вэл- 1 от 99,84% фр.20- 100мкм ту 48-4-335-86 купиь","Яндекс","1","1","0.0","3.0","00:01:27"
"ванадий элемент","Яндекс","1","1","0.0","1.0","00:00:15"
"вах термопара на высокой температуре","Яндекс","1","1","0.0","1.0","00:00:15"
"вводные элементы высокотемпературных устройств","Яндекс","1","1","0.0","1.0","00:00:18"
"величина тклр нихрома","Яндекс","1","1","0.0","3.0","00:01:29"
"вес sp-51 — это серия термопар (например, sp-51a) для чего применяется в револьверных дверях","Яндекс","1","1","0.0","1.0","00:00:15"
"вес вольфрам полоса","Яндекс","1","1","0.0","1.0","00:00:22"
"вес вольфрамового прутка","Яндекс","1","1","0.0","1.0","00:00:25"
"вес листа константана","Яндекс","1","1","0.0","1.0","00:00:19"
"вес никелевого листа калькулятор онлайн","Яндекс","1","1","0.0","1.0","00:00:21"
"вес никеля рассчитать","Яндекс","1","1","0.0","2.0","00:00:29"
"вес проволоки молибденовой","Яндекс","1","1","0.0","2.0","00:00:50"
"вес прутка олово калькулятор","Яндекс","1","1","0.0","2.0","00:02:55"
"вес тантала калькулятор","Яндекс","1","1","1.0","1.0","00:00:00"
"вес тантала онлайн","Яндекс","1","1","0.0","1.0","00:00:31"
"вес твердого сплава","Яндекс","1","1","1.0","1.0","00:00:00"
"вес твердого сплава по диаметру онлайн калькулятор","Яндекс","1","1","1.0","1.0","00:00:00"
"вечерний лондонский фиксинг на платину на 16.07.2024","Яндекс","1","1","1.0","1.0","00:00:00"
"вечерний фиксинг lme на платину на 15 июля 2024 года","Яндекс","1","1","0.0","4.0","00:30:56"
"взаимодействие молибдена с никелем и медью","Яндекс","1","1","0.0","1.0","00:00:15"
"взаимодействие никеля с флайбом(фторидами)","Яндекс","1","1","0.0","1.0","00:00:15"
"взр50 - 3б ТАНТАЛОВАЯ ФОЛЬГА","Яндекс","1","1","0.0","1.0","00:00:15"
"виды вольфрам-рениевых термопар","Яндекс","1","1","0.0","1.0","00:00:15"
"виды нагревателей печей","Яндекс","1","1","0.0","1.0","00:00:15"
"виды оловянных сплавов","Яндекс","1","1","0.0","1.0","00:00:15"
"виды сплавов для буров","Яндекс","1","1","1.0","1.0","00:00:00"
"виды термопар для замера температуры жидкой стали","Яндекс","1","1","0.0","1.0","00:00:15"
"виды титановых сплавов","Яндекс","1","1","0.0","1.0","00:00:24"
"винтовые насосы выкуп для грп","Яндекс","1","1","1.0","1.0","00:00:00"
"вис 16 уш сталь","Яндекс","1","1","1.0","1.0","00:00:00"
"вихралевые прутки что это","Яндекс","1","1","0.0","9.0","00:05:39"
"вк вольфрамово кобальтовый сплав химсостав ту 48-19-264","Яндекс","1","1","0.0","2.0","00:18:10"
"вк тк хим состав","Яндекс","1","1","1.0","1.0","00:00:00"
"вк-8 порошок продажа кировоград","Яндекс","1","1","0.0","1.0","00:00:20"
"вк6 как изготавливаются","Яндекс","1","1","0.0","1.0","00:00:15"
"вк8 это твердый сплав","Яндекс","1","1","0.0","1.0","00:00:22"
"влажность титанового порошка","Яндекс","1","1","0.0","1.0","00:00:15"
"влияние добавок при выплавке сталей и чугунов","Яндекс","1","1","0.0","1.0","00:00:15"
"влияние степени загрязнения термопарной керамики на точность измерений","Яндекс","1","1","0.0","1.0","00:00:15"
"влияние фторид-ионов на электроосаждение никеля","Яндекс","1","1","1.0","1.0","00:00:00"
"вм 3 фольфрам молибдена а 3 это что","Яндекс","1","1","0.0","1.0","00:00:25"
"вместо трубок масляных в бетон замоноличивают термопару","Яндекс","1","1","0.0","1.0","00:00:15"
"вн-2аэ состав","Яндекс","1","1","0.0","1.0","00:00:23"
"внп-1 производители ванадиевых","Яндекс","1","1","1.0","1.0","00:00:00"
"внп-1 сплав","Яндекс","1","1","0.0","1.0","00:00:17"
"внс-16уш марка стали","Яндекс","1","1","1.0","1.0","00:00:00"
"во сколько известны котировки за 15/09 \по металлам на lbma лондонской бирже","Яндекс","1","1","1.0","1.0","00:00:00"
"волок-заготовка 1980-0106 вк6, гост 9453-75 (форма 9, внутр.диам. 5.17 купить","Яндекс","1","1","1.0","1.0","00:00:00"
"вольфрам / wolframium (w)","Яндекс","1","1","0.0","1.0","00:00:15"
"вольфрам 0 1 мм рассчитать нагревательный","Яндекс","1","1","0.0","7.0","00:17:55"
"вольфрам w184 куда можно продать оптом","Яндекс","1","1","1.0","1.0","00:00:00"
"вольфрам wolframium w","Яндекс","1","1","0.0","1.0","00:00:13"
"вольфрам биржа цена","Яндекс","1","1","0.0","3.0","00:01:34"
"вольфрам ванадиевый сплав","Яндекс","1","1","1.0","1.0","00:00:00"
"вольфрам ванадий миталы","Яндекс","1","1","0.0","1.0","00:00:16"
"вольфрам высокотемпературный инструмент авиация цена","Яндекс","1","1","0.0","1.0","00:00:24"
"вольфрам высокотемпературный инструмент буры килограмм","Яндекс","1","1","0.0","3.0","00:02:07"
"вольфрам высокотемпературный инструмент килограмм","Яндекс","1","1","0.0","3.0","00:01:35"
"вольфрам высокотемпературный инструмент килограмм куплю","Яндекс","1","1","0.0","2.0","00:00:38"
"вольфрам высокотемпературный сплав килограмм куплю","Яндекс","1","1","0.0","2.0","00:00:44"
"вольфрам гост","Яндекс","1","1","0.0","3.0","00:03:26"
"вольфрам гранулированный 0.42-0.85мм купить","Яндекс","1","1","1.0","1.0","00:00:00"
"вольфрам для литья стали","Яндекс","1","1","0.0","2.0","00:01:19"
"вольфрам для чего","Яндекс","1","1","0.0","1.0","00:00:17"
"вольфрам изделия тепловые экраны","Яндекс","1","1","1.0","1.0","00:00:00"
"вольфрам инструмент килограмм цена куплю бурый","Яндекс","1","1","0.0","1.0","00:00:22"
"вольфрам какой цвет для какого металла","Яндекс","1","1","1.0","1.0","00:00:00"
"вольфрам карбид твердость сплав цена за","Яндекс","1","1","0.0","7.0","00:03:45"
"вольфрам килограмм высокотемп москве куплю","Яндекс","1","1","0.0","2.0","00:01:26"
"вольфрам килограмм тугоплавкий куплю москве","Яндекс","1","1","0.0","2.0","00:00:39"
"вольфрам кобальт акции","Яндекс","1","1","1.0","1.0","00:00:00"
"вольфрам кобальт цена","Яндекс","1","1","0.0","1.0","00:00:15"
"вольфрам купить цена за кг","Яндекс","1","1","0.0","3.0","00:00:57"
"вольфрам курс","Яндекс","1","1","0.0","2.0","00:00:23"
"вольфрам курс сегодня на бирже мировой","Яндекс","1","1","1.0","1.0","00:00:00"
"вольфрам лантанированный (вл) по ту 48-19-27","Яндекс","1","1","0.0","1.0","00:00:14"
"вольфрам лист марка в-мп","Яндекс","1","1","0.0","2.0","00:01:06"
"вольфрам марк в-мп","Яндекс","1","1","0.0","1.0","00:00:15"
"вольфрам металлический для шихты производитель","Яндекс","1","1","0.0","2.0","00:00:12"
"вольфрам металлический шв ту 48-19-76-90 ту 48-19-57-91","Яндекс","1","1","0.0","4.0","00:25:15"
"вольфрам мука пвв (0,8–1,7 мкм)","Яндекс","1","1","0.0","1.0","00:00:15"
"вольфрам нить спираль килограмм дорого","Яндекс","1","1","0.0","1.0","00:00:15"
"вольфрам по ту 48-19-76","Яндекс","1","1","0.0","2.0","00:01:08"
"вольфрам порошкообразный w 5.5 ту","Яндекс","1","1","0.0","1.0","00:00:15"
"вольфрам порошок гост 48-19-72 скачать","Яндекс","1","1","0.0","1.0","00:00:15"
"вольфрам проволока Ва-1 0,30","Яндекс","1","1","0.0","2.0","00:00:55"
"вольфрам проволока цена на бирже","Яндекс","1","1","0.0","1.0","00:00:15"
"вольфрам продукция","Яндекс","1","1","1.0","1.0","00:00:00"
"вольфрам редкий металл применение","Яндекс","1","1","0.0","2.0","00:01:47"
"вольфрам редкий металл применение промышленность","Яндекс","1","1","0.0","3.0","00:01:54"
"вольфрам рениевая проволока","Яндекс","1","1","0.0","17.0","00:25:30"
"вольфрам рений 27 круг 4 мм","Яндекс","1","1","0.0","3.0","00:00:46"
"вольфрам сварка килограмм контакты москве","Яндекс","1","1","0.0","1.0","00:00:15"
"вольфрам свойства","Яндекс","1","1","0.0","2.0","00:01:12"
"вольфрам сплав авиация цена куплю","Яндекс","1","1","0.0","1.0","00:00:22"
"вольфрам стоимость","Яндекс","1","1","1.0","1.0","00:00:00"
"вольфрам стоимость кг","Яндекс","1","1","0.0","1.0","00:00:15"
"вольфрам стоимость на бирже lme","Яндекс","1","1","1.0","1.0","00:00:02"
"вольфрам твердый металл применение свойства","Яндекс","1","1","0.0","1.0","00:00:22"
"вольфрам торированный, эвт","Яндекс","1","1","0.0","2.0","00:25:06"
"вольфрам характеристики и назначение","Яндекс","1","1","0.0","1.0","00:00:25"
"вольфрам цена за 1 кг купить","Яндекс","1","1","0.0","1.0","00:00:16"
"вольфрам цена за грамм в рублях сегодня","Яндекс","1","1","0.0","1.0","00:00:15"
"вольфрам цена лондон биржа","Яндекс","1","1","0.0","2.0","00:00:18"
"вольфрам цена на бирже лондона","Яндекс","1","1","1.0","1.0","00:00:00"
"вольфрам цена на бирже сегодня","Яндекс","1","1","1.0","1.0","00:00:00"
"вольфрам цена на сегодня бирже","Яндекс","1","1","0.0","4.0","00:00:41"
"вольфрам чем плавят","Яндекс","1","1","0.0","2.0","00:00:44"
"вольфрам чистый температура отжига","Яндекс","1","1","0.0","1.0","00:00:16"
"вольфрам что это","Яндекс","1","1","0.0","1.0","00:00:15"
"вольфрам что это такое и где используется","Яндекс","1","1","0.0","1.0","00:00:16"
"вольфрам шанхай биржа","Яндекс","1","1","1.0","1.0","00:00:00"
"вольфрам швв ту 48-19-76-90","Яндекс","1","1","0.0","1.0","00:00:15"
"вольфрам штабики швс 48-19-76","Яндекс","1","1","0.0","2.0","00:00:08"
"вольфрам это","Яндекс","1","1","0.0","1.0","00:00:15"
"вольфрам-70% рений-70%","Яндекс","1","1","0.0","1.0","00:00:15"
"вольфрам-кобальтовая концевая фреза это металлокерамика","Яндекс","1","1","0.0","1.0","00:00:15"
"вольфрама","Яндекс","1","1","0.0","1.0","00:00:14"
"вольфрама оксид цена на бирже","Яндекс","1","1","1.0","1.0","00:00:00"
"вольфрама цакмара","Яндекс","1","1","1.0","1.0","00:00:00"
"вольфрамат аммония потребители в россии","Яндекс","1","1","0.0","2.0","00:26:13"
"вольфрамовая ТУ 11-84 ЯеО.021.131 проволоки","Яндекс","1","1","0.0","1.0","00:00:15"
"вольфрамовая нить 0.15 характеристики","Яндекс","1","1","0.0","2.0","00:04:46"
"вольфрамовая нить прочность","Яндекс","1","1","0.0","1.0","00:00:15"
"вольфрамовая нить спираль для лампы накаливания","Яндекс","1","1","0.0","1.0","00:00:29"
"вольфрамовая нить это","Яндекс","1","1","1.0","1.0","00:00:00"
"вольфрамовая проволока ва-1","Rambler","1","1","0.0","2.0","00:08:41"
"вольфрамовая проволока марки ва, металлизированная золотом, гальваническим способом, диаметром 25 мкм,","Яндекс","1","1","0.0","1.0","00:00:24"
"вольфрамовая проволока ту 48-9-45-67 содержание примесей","Яндекс","1","1","0.0","1.0","00:00:14"
"вольфрамовая сталь","Яндекс","1","1","0.0","3.0","00:00:54"
"вольфрамовые брусочки","Яндекс","1","1","0.0","1.0","00:00:15"
"вольфрамовые лантанированные прутки","Яндекс","1","1","0.0","1.0","00:00:18"
"вольфрамовые листы","Яндекс","1","1","0.0","2.0","00:01:46"
"вольфрамовые сплавы ГОСТ","Яндекс","1","1","0.0","2.0","00:01:32"
"вольфрамовые сплавы гост","Яндекс","1","1","0.0","1.0","00:00:16"
"вольфрамовый брусок (штабик) размер (габариты): 16 × 16 × 560 мм чистота: 99,98% размер зерна (зернистость): ≥ 5000 шт./мм² (включая 5000) плотность: не менее 17,5 г/см³ (≥ 17,5 г/см³)","Яндекс","1","1","1.0","1.0","00:00:00"
"вольфрамовый концентрат цена график","Яндекс","1","1","1.0","1.0","00:00:00"
"вольфрамовый круг вм","Яндекс","1","1","0.0","1.0","00:00:15"
"вольфрамовый круг посчитать длину","Яндекс","1","1","1.0","1.0","00:00:00"
"вольфрамовый порошок биржа цена","Яндекс","1","1","1.0","1.0","00:00:00"
"вольфрамовый порошок в юанях биржа","Яндекс","1","1","1.0","1.0","00:00:00"
"вольфрамовый порошок для чего используется","Яндекс","1","1","1.0","1.0","00:00:00"
"вольфрамовый порошок как хранить","Яндекс","1","1","1.0","1.0","00:00:00"
"вольфрамовый порошок пвн ту","Яндекс","1","1","0.0","1.0","00:00:15"
"вольфрамовый пруток","Яндекс","1","1","1.0","1.0","00:00:00"
"вольфрамовый пруток вм","Яндекс","1","1","0.0","3.0","00:04:52"
"вольфрамовый пруток квадратного сечения","Яндекс","1","1","0.0","1.0","00:00:15"
"вольфрамовый пруток купить","Яндекс","1","1","1.0","1.0","00:00:00"
"вольфрамовый сплав","Яндекс","1","1","0.0","4.0","00:19:03"
"вольфрамовый стержень купить","Яндекс","1","1","1.0","1.0","00:00:00"
"вольфрамовый стержень применение","Яндекс","1","1","0.0","1.0","00:00:15"
"вольфрамовый штабик","Яндекс","1","1","0.0","1.0","00:00:15"
"вольфрамовый электрод гост, ту","Яндекс","1","1","0.0","1.0","00:00:15"
"вольфрамсодержащий продукт что это","Яндекс","1","1","1.0","1.0","00:00:00"
"вольфром","Яндекс","1","1","0.0","1.0","00:00:24"
"вольфромат аммония ту или гост","Яндекс","1","1","0.0","1.0","00:00:16"
"вр-20 проволока производство","Яндекс","1","1","0.0","1.0","00:00:17"
"вр-27 звп свойства","Яндекс","1","1","0.0","1.0","00:00:15"
"вру фильтра фипа стакан в стакане","Яндекс","1","1","1.0","1.0","00:00:00"
"все виды титана металл","Яндекс","1","1","0.0","1.0","00:00:15"
"все о титане","Яндекс","1","1","0.0","1.0","00:00:18"
"всё про титан","Яндекс","1","1","0.0","1.0","00:00:15"
"вт25у поковка ост","Яндекс","1","1","0.0","1.0","00:00:15"
"вт3 относится к алюминиевым сплавам","Яндекс","1","1","0.0","1.0","00:00:15"
"втулка из карбид-85 это карбид вольфрама?","Яндекс","1","1","0.0","1.0","00:00:15"
"втулка коническая ø20хø6,5х6,23 вк8, гост 3882-74","Яндекс","1","1","0.0","1.0","00:00:30"
"вч40 втулки","Яндекс","1","1","1.0","1.0","00:00:00"
"вчдк ту 48-19-70-84","Яндекс","1","1","0.0","2.0","00:11:15"
"вчдк ту 48-19-70-84 фракции а","Яндекс","1","1","0.0","1.0","00:00:15"
"выбор марки материала мельхиора в зависимости от климатических зон","Яндекс","1","1","0.0","2.0","00:01:23"
"выкуп тепловозов","Яндекс","1","1","1.0","1.0","00:00:00"
"выкуп тепловозов ЦФА россии","Яндекс","1","1","1.0","1.0","00:00:00"
"выкуп хромели и сплава нх 9","Яндекс","1","1","0.0","2.0","00:06:45"
"высокопрочные титановые сплавы","Яндекс","1","1","0.0","1.0","00:00:15"
"высокотемпературные сплавы","Яндекс","1","1","0.0","1.0","00:00:15"
"высокотемпературный сплав-19","Яндекс","1","1","0.0","1.0","00:00:15"
"выставить объявление о продаже деталей трубопроводов","Яндекс","1","1","0.0","3.0","00:00:12"
"гайка барашек м10 ,закрытая,латунь ост5.9306-79","Яндекс","1","1","1.0","1.0","00:00:00"
"галактмет","Яндекс","1","1","0.0","2.0","00:21:23"
"гальваническое лужение меди оловом","Яндекс","1","1","0.0","1.0","00:00:15"
"гальваническое лужение оловом стали","Яндекс","1","1","0.0","1.0","00:00:15"
"гальваническое покрытие кобальтом","Яндекс","1","1","0.0","1.0","00:00:15"
"гальваническое покрытие оловом","Яндекс","1","1","0.0","1.0","00:00:15"
"гальваническое электролитическое лужение оловом латуни в домашних","Яндекс","1","1","0.0","1.0","00:00:15"
"гвозди из тантала","Яндекс","1","1","1.0","1.0","00:00:00"
"где в тнрмопаоах платига","Яндекс","1","1","1.0","1.0","00:00:00"
"где встречается молибден","Яндекс","1","1","0.0","1.0","00:00:15"
"где изготовить трубку из нержавейки огнеупорной для горелки газового котла","Яндекс","1","1","0.0","1.0","00:00:15"
"где используется вольфрам","Яндекс","1","1","0.0","1.0","00:00:17"
"где используется молибденовая руда и для чего","Яндекс","1","1","0.0","2.0","00:08:32"
"где используется нилбий","Яндекс","1","1","0.0","1.0","00:00:39"
"где используется прецизионные сплавы","Яндекс","1","1","0.0","5.0","00:25:17"
"где используется титан в судостроении","Яндекс","1","1","0.0","2.0","00:03:31"
"где используют вольфрам","Яндекс","1","1","0.0","1.0","00:00:20"
"где используют копель","Яндекс","1","1","0.0","2.0","00:00:25"
"где используют молибден","Яндекс","1","1","0.0","1.0","00:00:15"
"где используют никель","Яндекс","1","1","0.0","1.0","00:00:18"
"где используют толстостенную мельхиоровую трубу?","Яндекс","1","1","0.0","5.0","00:08:27"
"где используются материалы высокого сопротивления","Яндекс","1","1","0.0","2.0","00:00:15"
"где купить сплав хромеля и алюминия","Яндекс","1","1","0.0","1.0","00:00:16"
"где купить танталовую трубочку","Яндекс","1","1","0.0","2.0","00:11:37"
"где можно купить титан","Яндекс","1","1","0.0","1.0","00:00:16"
"где находятся термо пары","Яндекс","1","1","0.0","1.0","00:00:14"
"где поименяют цирконий","Яндекс","1","1","0.0","1.0","00:00:15"
"где применяется вольфрам","Яндекс","1","1","0.0","1.0","00:00:15"
"где применяется материал монель","Яндекс","1","1","0.0","1.0","00:00:15"
"где применяется молибден как металл","Яндекс","1","1","0.0","1.0","00:00:15"
"где применяется порошок вольфрама","Яндекс","1","1","1.0","1.0","00:00:00"
"где применяется цирконий","Яндекс","1","1","1.0","1.0","00:00:00"
"где применяют никель","Яндекс","1","1","0.0","1.0","00:00:20"
"где применяются магнитомягкие материалы","Яндекс","1","1","0.0","2.0","00:00:34"
"где продать проволоку молибденовую калиброванную в спб","Яндекс","1","1","0.0","5.0","00:01:30"
"где содержится вольфрамовая фольга","Яндекс","1","1","0.0","1.0","00:00:15"
"где часто применяют металл молибден","Яндекс","1","1","0.0","1.0","00:00:15"
"гибка нихромового прутка","Яндекс","1","1","0.0","6.0","00:05:04"
"гиредмет серийное производство танталовых полуфабрикатов (лента, проволока)","Яндекс","1","1","0.0","1.0","00:00:15"
"город мценск город производство лист нп2","Яндекс","1","1","1.0","1.0","00:00:00"
"горячее лужение - толщина на меди","Яндекс","1","1","0.0","1.0","00:00:30"
"гост 1 90013","Яндекс","1","1","1.0","1.0","00:00:00"
"гост 1 90173-75","Яндекс","1","1","1.0","1.0","00:00:00"
"гост 1 90201-75","Яндекс","1","1","0.0","1.0","00:00:15"
"гост 1.90027","Яндекс","1","1","0.0","1.0","00:00:14"
"гост 1094-74","Яндекс","1","1","0.0","1.0","00:00:21"
"гост 12766.2-90","Яндекс","1","1","0.0","1.0","00:00:14"
"гост 14-1-1714","Яндекс","1","1","1.0","1.0","00:00:00"
"гост 18907-71 титановые сплавы","Яндекс","1","1","0.0","4.0","00:23:45"
"гост 19 807","Яндекс","1","1","0.0","2.0","00:00:22"
"гост 190000-70","Яндекс","1","1","1.0","1.0","00:00:00"
"гост 19671-90","Яндекс","1","1","0.0","1.0","00:00:15"
"гост 19807-91 или ост 1 90173-75","Яндекс","1","1","0.0","1.0","00:00:16"
"гост 22178 прутки","Яндекс","1","1","0.0","3.0","00:01:51"
"гост 23922-79 действие","Яндекс","1","1","0.0","1.0","00:00:15"
"гост 23922-79 листы вмп","Яндекс","1","1","0.0","3.0","00:06:10"
"гост 23922-79 условное обозначение","Яндекс","1","1","0.0","1.0","00:00:15"
"гост 3044","Яндекс","1","1","1.0","1.0","00:00:00"
"гост 3044-84","Яндекс","1","1","0.0","1.0","00:00:15"
"гост 48-21-145","Яндекс","1","1","0.0","1.0","00:00:15"
"гост 563 -7  нержавеющие стали и сплавы коррозионностойкие жаростойкие и жаропрочные","Яндекс","1","1","0.0","1.0","00:00:15"
"гост 849-2018","Яндекс","1","1","0.0","1.0","00:00:45"
"гост 849-2018 никель первичный технические условия","Яндекс","1","1","0.0","1.0","00:00:15"
"гост анализ ферроникелевых сплавов","Яндекс","1","1","0.0","1.0","00:00:15"
"гост ванадий","Яндекс","1","1","1.0","1.0","00:00:00"
"гост вольфрамовые порошки","Яндекс","1","1","0.0","2.0","00:00:11"
"гост и ту по вольфрам","Яндекс","1","1","0.0","3.0","00:19:14"
"гост на аргонодуговую сварку неплавящимся электродомlr=222","Яндекс","1","1","0.0","1.0","00:00:15"
"гост на листовой фехраль","Яндекс","1","1","0.0","2.0","00:00:18"
"гост на марки вольфрамовых сплавов","Яндекс","1","1","0.0","1.0","00:00:15"
"гост на мельхиор","Яндекс","1","1","0.0","1.0","00:00:18"
"гост на н1","Яндекс","1","1","0.0","1.0","00:00:23"
"гост на ниобиевую проволоку","Яндекс","1","1","0.0","1.0","00:00:15"
"гост на тантал","Яндекс","1","1","0.0","1.0","00:00:18"
"гост на ферроникель состав","Яндекс","1","1","0.0","1.0","00:00:14"
"гост определения ферроникеля от 20 до 30%","Яндекс","1","1","0.0","1.0","00:00:15"
"гост по сборке термопар 15001","Яндекс","1","1","0.0","2.0","00:02:47"
"гост порошок титана птх","Яндекс","1","1","1.0","1.0","00:00:00"
"гост проволока диам 0,125 мп35n","Яндекс","1","1","0.0","1.0","00:00:15"
"гост сплав 40кхнм с танталом","Яндекс","1","1","0.0","3.0","00:00:51"
"гост17431-72","Яндекс","1","1","0.0","1.0","00:17:06"
"госты для катализатора v2o5","Яндекс","1","1","0.0","2.0","00:01:03"
"госты и ту на вольфрамовую продукцию","Яндекс","1","1","0.0","30.0","00:15:55"
"градуировка пп","Яндекс","1","1","0.0","1.0","00:00:15"
"градуировка термопары","Яндекс","1","1","0.0","1.0","00:00:15"
"градуировочная таблица термопары хк","Яндекс","1","1","1.0","1.0","00:00:00"
"грамм ниобия цена","Яндекс","1","1","0.0","1.0","00:00:15"
"график изменения цены на вольфрам с 11.2025 по 08.2025","Яндекс","1","1","0.0","3.0","00:00:36"
"график официальных цен на молибден на лондонской бирже с 1990 по 2026","Яндекс","1","1","1.0","1.0","00:00:00"
"график стоимости оксида молибдена","Яндекс","1","1","1.0","1.0","00:00:00"
"график стоимости стали на февраль- июнь 2026 года на лме","Яндекс","1","1","0.0","2.0","00:03:53"
"график стоимость рения","Яндекс","1","1","1.0","1.0","00:00:00"
"график цен на вольфрам июль 2026","Яндекс","1","1","1.0","1.0","00:00:00"
"график цены на сурьму","Яндекс","1","1","1.0","1.0","00:00:00"
"график цены на ферромолибден в реальном времени","Яндекс","1","1","1.0","1.0","00:00:00"
"графика цен на титан","Яндекс","1","1","1.0","1.0","00:00:00"
"графитовые эл.щетки принимают лом","Яндекс","1","1","1.0","1.0","00:00:00"
"греющий кабель на 600 градусов","Яндекс","1","1","0.0","2.0","00:02:51"
"грибоустойчивость титана","Яндекс","1","1","0.0","1.0","00:00:15"
"давление паров металлической кобальта","Яндекс","1","1","0.0","1.0","00:00:15"
"дегированный сплав цена","Яндекс","1","1","1.0","1.0","00:00:00"
"детали из магнитомягких материалов","Яндекс","1","1","0.0","1.0","00:00:15"
"детали из порошка вк8 купить","Яндекс","1","1","0.0","4.0","00:06:24"
"детали трубопроводов титановые приварные ту","Яндекс","1","1","0.0","1.0","00:00:15"
"деталь из титана в высоких технологиях","Яндекс","1","1","0.0","2.0","00:00:36"
"диаметр проволоки фехрали составляет 0.29 мм © https://www.livemaster.ru/topic/3705526-article-termoshpatel-rabota-s-voskom?ysclid=mt68jtxwix762068998","Яндекс","1","1","0.0","1.0","00:00:16"
"динамика котировок ферромагнитного порошка","Яндекс","1","1","1.0","1.0","00:00:00"
"динамика никель котировки lme","Яндекс","1","1","1.0","1.0","00:00:00"
"динамика роста ферромолибдена на 2026","Яндекс","1","1","1.0","1.0","00:00:00"
"динамика стоимости молибдена в китае по месяцам","Яндекс","1","1","1.0","1.0","00:00:00"
"динамика цен на вольфрам","Яндекс","1","1","0.0","5.0","00:01:04"
"динамика цен на нержавеющую сталь 2021 график","Яндекс","1","1","1.0","1.0","00:00:00"
"динамика цен на паравольфрамат аммония","Яндекс","1","1","0.0","2.0","00:00:32"
"динамика цен на ферросплавы","Яндекс","1","1","1.0","1.0","00:00:00"
"динамика цен рынке электродов в 2026 году","Яндекс","1","1","0.0","2.0","00:01:20"
"динамика цена на молибден за 2026 год","Яндекс","1","1","0.0","2.0","00:25:45"
"диоксид циркония в атомной промышленности","Яндекс","1","1","0.0","1.0","00:00:15"
"диоксид циркония в промышлености","Яндекс","1","1","0.0","1.0","00:00:21"
"дистрибьютор ферросплавного сырья","Яндекс","1","1","0.0","1.0","00:00:16"
"дкрхм 1,2 нх9,5-нмцак2-2-1 2","Яндекс","1","1","0.0","1.0","00:00:15"
"длина витка спирали онлайн","Яндекс","1","1","1.0","1.0","00:00:00"
"длина спирали онлайн","Яндекс","1","1","0.0","1.0","00:00:15"
"длительно-допустимый ток для нихромовой проволоки 0,65 мм","Яндекс","1","1","0.0","1.0","00:00:15"
"для изготовления деталей электровакуумных приборов и деталей специального приборостроения","Яндекс","1","1","0.0","3.0","00:03:07"
"для изготовления нагревательных элементов электрических печей","Яндекс","1","1","0.0","1.0","00:00:15"
"для каких сталей используют хром","Яндекс","1","1","1.0","1.0","00:00:00"
"для сварке li-ion акб какой лента можна пременит.","Яндекс","1","1","0.0","1.0","00:00:16"
"для чего добавляют хром в сталь","Яндекс","1","1","1.0","1.0","00:00:00"
"для чего используют вольфрамовую сетку","Яндекс","1","1","1.0","1.0","00:00:00"
"для чего нужен никель","Яндекс","1","1","0.0","1.0","00:00:15"
"для чего нужен рений","Яндекс","1","1","0.0","1.0","00:00:15"
"для чего применяют феротитан","Яндекс","1","1","1.0","1.0","00:00:00"
"до какой температуры греется нихромовая проволока в обогревателе","Яндекс","1","1","0.0","1.0","00:00:17"
"до какой температуры нагреется нихромовая проволока диаметром 0.45мм при токе3.6а","Яндекс","1","1","0.0","1.0","00:00:18"
"добавки для увеличение тугоплавкости сплавов","Яндекс","1","1","0.0","1.0","00:00:15"
"добавки ниобий в жаропрочных сплавах","Яндекс","1","1","0.0","1.0","00:00:14"
"доклад титан и его сплавы","Яндекс","1","1","0.0","1.0","00:00:15"
"допустимая сила тока через нагреватель из нихромовой проволоки","Яндекс","1","1","0.0","1.0","00:00:15"
"допустимая тепловая нагрузка на нихромовую спираль","Яндекс","1","1","0.0","1.0","00:00:15"
"допустимые плотности тока для вольфрамовых электродов","Яндекс","1","1","0.0","1.0","00:00:15"
"доска объявление металлсервис, металлоторг","Яндекс","1","1","0.0","2.0","00:00:14"
"доска объявлений запорной арматуры","Яндекс","1","1","1.0","1.0","00:00:00"
"доска объявлений купи продай металлопроката","Яндекс","1","1","0.0","2.0","00:00:03"
"доска объявлений металл бесплатно","Яндекс","1","1","0.0","6.0","00:03:13"
"доска объявлений по металлопрокату","Яндекс","1","1","0.0","5.0","00:01:45"
"доска объявлений по производству чугуна","Яндекс","1","1","0.0","2.0","00:00:09"
"доска объявлений тулапривод","Яндекс","1","1","0.0","2.0","00:03:11"
"доски объявлений по продаже металлопроката","Яндекс","1","1","0.0","3.0","00:07:31"
"доски объявления бесплатные металл","Яндекс","1","1","0.0","11.0","00:10:27"
"дымогарные трубы материал (марка стали) - м10","Яндекс","1","1","1.0","1.0","00:00:00"
"ежедневные цены на вольфрам","Яндекс","1","1","1.0","1.0","00:00:00"
"еотожженный ту 48-19-203-85 мчвп 3","Яндекс","1","1","0.0","1.0","00:00:15"
"если редкие металлы в китайской термопары типа и сколько их","Яндекс","1","1","0.0","1.0","00:00:15"
"есть ли разница между тем, с какими элементами реагирует тантал и ниобий","Яндекс","1","1","1.0","1.0","00:00:00"
"жарапрочка цена","Яндекс","1","1","0.0","1.0","00:00:15"
"жаровая труба горелки толщины металла","Яндекс","1","1","0.0","1.0","00:00:15"
"жаропрочные легирующие присадки","Яндекс","1","1","1.0","1.0","00:00:00"
"жаропрочные материалы","Яндекс","1","1","0.0","1.0","00:00:15"
"жаропрочные сплавы","Яндекс","1","1","0.0","2.0","00:00:30"
"жаропрочные сплавы iso s на основе железа легирующие элементы","Яндекс","1","1","0.0","1.0","00:00:15"
"жаропрочные сплавы марки","Яндекс","1","1","0.0","1.0","00:00:16"
"жаропрочные сплавы металлургия","Яндекс","1","1","1.0","1.0","00:00:00"
"жаропрочные сплавы на никелевой основе","Яндекс","1","1","1.0","1.0","00:00:00"
"жаропрочные сплавы оптом в санкт-петербурге","Яндекс","1","1","1.0","1.0","00:00:00"
"жаропрочные сплавы с содержанием рения","Яндекс","1","1","0.0","1.0","00:00:15"
"жаропрочный сплав на н 3 х","Яндекс","1","1","0.0","1.0","00:00:15"
"жаростойкие трубы","Яндекс","1","1","1.0","1.0","00:00:01"
"жаростойкий сплав","Яндекс","1","1","1.0","1.0","00:00:00"
"жаростойкость нержавеющих сталей","Яндекс","1","1","0.0","1.0","00:00:15"
"жароупорный материал стоимость за кг","Яндекс","1","1","0.0","1.0","00:00:15"
"железо 71%,медь 19%,никель 1%,вольфрам 6%","Яндекс","1","1","0.0","1.0","00:00:15"
"жила в проводе констант что за сплав","Яндекс","1","1","0.0","1.0","00:00:15"
"жс-32 ви цена","Яндекс","1","1","1.0","1.0","00:00:00"
"жс32 цена","Яндекс","1","1","1.0","1.0","00:00:00"
"жс32у цена","Яндекс","1","1","1.0","1.0","00:00:00"
"жс3лс купим","Яндекс","1","1","1.0","1.0","00:00:00"
"завод металлопроката","Яндекс","1","1","0.0","2.0","00:00:13"
"завод оловянных анодов","Яндекс","1","1","0.0","2.0","00:03:35"
"завод по производству оплетки из нихромовой проволоки в москве","Яндекс","1","1","1.0","1.0","00:00:00"
"завод цветных металлов","Яндекс","1","1","0.0","19.0","00:09:51"
"заготовка сч 18-36 (60*340*280)-","Яндекс","1","1","1.0","1.0","00:00:00"
"заготовки асч-3 купить","Яндекс","1","1","1.0","1.0","00:00:00"
"заготовки из нихромовой проволоки","Яндекс","1","1","1.0","1.0","00:00:00"
"заготовки молибден","Яндекс","1","1","1.0","1.0","00:00:00"
"закупаем моторное масло, трансмиссионное масло, гидравлическое масло и другие! отработка не интересует! любые производители! только с заводской тарой! готовы рассмотреть все предложения! оплата без задержек, адекватные цены, самовывоз. постоянная потребность! любой объем ! подробнее по телефону!","Яндекс","1","1","0.0","12.0","00:12:24"
"закупаем поковки","Яндекс","1","1","0.0","3.0","00:00:32"
"заменить вольфрам рений на хромель алюмель","Яндекс","1","1","0.0","1.0","00:00:15"
"запрос никелевых катодов 98% ni;","Яндекс","1","1","0.0","2.0","00:04:13"
"запрос цен лом Б10","Яндекс","1","1","0.0","2.0","00:27:03"
"зачем используется сдвоенная термопара","Яндекс","1","1","0.0","1.0","00:00:15"
"защита олова от образования окислов","Яндекс","1","1","0.0","1.0","00:00:18"
"защитный состав ""барьер""","Яндекс","1","1","1.0","1.0","00:00:00"
"защитный состав серии барьертерм","Яндекс","1","1","1.0","1.0","00:00:00"
"значение карбида кальция в современном мире","Яндекс","1","1","1.0","1.0","00:00:00"
"значения в нихромовой таблице в омметре","Яндекс","1","1","1.0","1.0","00:00:00"
"золото lme","Яндекс","1","1","1.0","1.0","00:00:00"
"золоченая вольфрам-рениевая проволока","Яндекс","1","1","0.0","1.0","00:00:15"
"из  состоит мельхиор из каких металлов","Яндекс","1","1","1.0","1.0","00:00:00"
"из за чего выкрашивается 16хви","Яндекс","1","1","1.0","1.0","00:00:00"
"из каких сплавов состоит металл ванадий","Яндекс","1","1","0.0","1.0","00:00:15"
"из какого материала делают буровые коронки","Яндекс","1","1","0.0","1.0","00:00:15"
"из какого материала термопары газовой плиты","Яндекс","1","1","0.0","1.0","00:00:27"
"из какого металла можно использовать как анод при никелировании","Яндекс","1","1","0.0","1.0","00:00:15"
"из какого металла сделаны коронки на буровых","Яндекс","1","1","0.0","1.0","00:00:15"
"из какого сплава изготавливаются зыбки буровой коронки","Яндекс","1","1","0.0","3.0","00:00:38"
"из никеля делают","Яндекс","1","1","0.0","1.0","00:00:15"
"из термопары выходят две длинные проволоки одна тоньше другая толще","Яндекс","1","1","0.0","1.0","00:00:19"
"из титана на продажу","Яндекс","1","1","0.0","1.0","00:00:15"
"из чего делают буры для горнодобывающей промышленности","Яндекс","1","1","0.0","1.0","00:00:18"
"из чего делают керамический металлоконструкций инструмент","Яндекс","1","1","0.0","1.0","00:00:15"
"из чего изготавливают нагреватели промышленных электропечей","Яндекс","1","1","0.0","1.0","00:00:15"
"из чего можно заделать молибден","Яндекс","1","1","0.0","1.0","00:00:15"
"из чего сделаны наконечники головок для бурения","Яндекс","1","1","1.0","1.0","00:00:00"
"из чего состоит мельхиор","Яндекс","1","1","1.0","1.0","00:00:00"
"из чего состоит термопара для замера температуры металла","Яндекс","1","1","0.0","1.0","00:00:15"
"из чего состоит титановый сплав","Яндекс","1","1","0.0","1.0","00:00:15"
"из+какого+материала+делаются+нагреватели+для+лабораторных+закалочных+печей+","Яндекс","1","1","0.0","1.0","00:00:16"
"изготовление втулок из титанового сплава","Яндекс","1","1","0.0","1.0","00:00:14"
"изготовление деталей из вк8","Яндекс","1","1","0.0","2.0","00:00:23"
"изготовление деталей из монеля","Яндекс","1","1","0.0","2.0","00:00:25"
"изготовление деталей из чистого никеля","Яндекс","1","1","0.0","1.0","00:00:26"
"изготовление изделий из титана на заказ","Яндекс","1","1","1.0","1.0","00:00:00"
"изготовление ленты нихромовой","Яндекс","1","1","0.0","1.0","00:00:15"
"изготовление нихромовых лент","Яндекс","1","1","0.0","2.0","00:00:20"
"изготовление нихромовых спиралей","Яндекс","1","1","0.0","1.0","00:00:23"
"изготовление промышленных ножей методом спекания","Яндекс","1","1","0.0","1.0","00:00:15"
"изготовление стаканов для термопар","Яндекс","1","1","0.0","1.0","00:00:45"
"изготовление термопар 1мм в промышленности","Яндекс","1","1","0.0","2.0","00:11:44"
"изготовление термопар пп платина платина производство россия","Яндекс","1","1","0.0","1.0","00:00:23"
"изготовление термопар типа к","Яндекс","1","1","0.0","1.0","00:00:25"
"изготовление титановой ленты","Яндекс","1","1","0.0","1.0","00:00:15"
"изготовления термопар","Яндекс","1","1","0.0","1.0","00:00:15"
"изделие ниобий","Яндекс","1","1","0.0","3.0","00:01:19"
"изделия из споава константин","Яндекс","1","1","0.0","4.0","00:01:14"
"изделия из титана и его сплавов","Яндекс","1","1","1.0","1.0","00:00:00"
"измельчение металла в пыль","Яндекс","1","1","0.0","1.0","00:00:14"
"изменения к осту 1 90201","Яндекс","1","1","1.0","1.0","00:00:00"
"измерение отрицательной температуры термопарой тип k","Яндекс","1","1","0.0","1.0","00:00:19"
"измерение температуры жидкой стали типы термопар","Яндекс","1","1","0.0","1.0","00:00:15"
"измерения толщины ленты из титана по ост 1 90027-71","Яндекс","1","1","0.0","1.0","00:00:15"
"изоляция провода из стеклонити температура эксплуатации максимальная","Яндекс","1","1","0.0","1.0","00:00:16"
"индукция насыщения кобальта","Яндекс","1","1","0.0","1.0","00:00:15"
"инертный анод мнмц43-0,5","Яндекс","1","1","1.0","1.0","00:00:00"
"инструкция по фильтрации электролита никелирования","Яндекс","1","1","0.0","1.0","00:00:16"
"инструкция производит вольфрам металлические","Яндекс","1","1","0.0","5.0","00:01:36"
"инфо титан свойства для начинающих","Яндекс","1","1","1.0","1.0","00:00:00"
"инфо хром где применяется кратко","Яндекс","1","1","1.0","1.0","00:00:00"
"искового металла сделана лопатка для бурения","Яндекс","1","1","0.0","1.0","00:00:15"
"использование вольфрама","Яндекс","1","1","0.0","1.0","00:00:15"
"использованный никель анодный и катодный фотография","Яндекс","1","1","1.0","1.0","00:00:00"
"исторические цены на бокситы","Яндекс","1","1","1.0","1.0","00:00:00"
"история названия вольфрама химия","Яндекс","1","1","0.0","1.0","00:00:16"
"история названия кобальта","Яндекс","1","1","0.0","1.0","00:00:15"
"история элемента хром и интересные сведения","Яндекс","1","1","0.0","1.0","00:00:13"
"к каким ферросплавам относятся магниты с громиков","Яндекс","1","1","0.0","1.0","00:00:15"
"к какой группе марок материалов относится титан","Яндекс","1","1","0.0","1.0","00:00:15"
"к какой группе металов относится молибден","Яндекс","1","1","0.0","1.0","00:00:15"
"к какой группе сталей относится вольфрам","Яндекс","1","1","0.0","1.0","00:00:15"
"к какой подгруппе можно отнести сплав 16х-ви","Яндекс","1","1","1.0","1.0","00:00:00"
"к монель состав","Яндекс","1","1","0.0","1.0","00:00:18"
"к ту 48-19-69-80","Яндекс","1","1","0.0","1.0","00:00:15"
"кабель кэнв нх","Яндекс","1","1","0.0","1.0","00:00:15"
"кабель кэнв нх 1200-1,2","Яндекс","1","1","0.0","1.0","00:00:16"
"кабель кэнв нх метотехника","Яндекс","1","1","0.0","2.0","00:12:43"
"кабель нагревательный кэнв 1000","Яндекс","1","1","0.0","2.0","00:02:58"
"кабель нагревательный ту 5952-148-05786904-99","Яндекс","1","1","0.0","1.0","00:00:15"
"кадмий цена биржи","Яндекс","1","1","0.0","2.0","00:01:13"
"как ввглядит никель лист","Яндекс","1","1","0.0","1.0","00:00:15"
"как вольфрам диаметр 3 в шт перевести в кг","Яндекс","1","1","0.0","1.0","00:00:21"
"как выглядит вольфрам и где он находиться","Яндекс","1","1","0.0","1.0","00:00:15"
"как выглядит и где встречается термопара тпп.","Яндекс","1","1","0.0","1.0","00:00:15"
"как выглядит соединение на конце термопарного провода которое находиться непосредственно в бетоне","Яндекс","1","1","0.0","3.0","00:05:46"
"как выглядят ферросплавы","Яндекс","1","1","0.0","15.0","00:05:56"
"как выглядят ферросплавы фото","Яндекс","1","1","0.0","13.0","00:02:57"
"как вычислить массу ленты никеля","Яндекс","1","1","0.0","6.0","00:08:36"
"как делать нагревательный элемент из нихромовой проволоки","Яндекс","1","1","0.0","1.0","00:00:15"
"как делают вольфрамовую проволоку","Яндекс","1","1","0.0","1.0","00:00:15"
"как делают никелиевый лист","Яндекс","1","1","0.0","1.0","00:00:15"
"как добиться начальную и максимальную магнитную проницаемость на 79нм t 0 15 после штамповки","Яндекс","1","1","0.0","1.0","00:00:15"
"как добывают молибден и выплавляют металл","Яндекс","1","1","0.0","1.0","00:00:15"
"как изготавливаются детали из вольфрама","Яндекс","1","1","1.0","1.0","00:00:00"
"как изменилась цена на металл в июле 2026","Яндекс","1","1","1.0","1.0","00:00:00"
"как измерять температуру выше 1000 градусов","Яндекс","1","1","0.0","1.0","00:00:15"
"как использовать молибден","Яндекс","1","1","0.0","1.0","00:00:21"
"как менять олово в ванне для лужения","Яндекс","1","1","0.0","1.0","00:00:15"
"как нагреть 6 метров нихромовой проволоки до 250 градусов","Яндекс","1","1","0.0","1.0","00:00:20"
"как нагреть нихромовую проволоку 10метров","Яндекс","1","1","0.0","1.0","00:00:18"
"как называется сплав никеля с хромом","Яндекс","1","1","0.0","1.0","00:00:14"
"как называеться в термопарах после проволки на конце","Яндекс","1","1","0.0","1.0","00:00:15"
"как называются шарики на буровой коронке","Яндекс","1","1","0.0","2.0","00:18:52"
"как найти организацию которая принимает лабораторные остатки","Яндекс","1","1","1.0","1.0","00:00:00"
"как нанести карбонильный никель","Яндекс","1","1","0.0","1.0","00:00:15"
"как облудить металл","Яндекс","1","1","0.0","2.0","00:04:15"
"как обозначаются по гост термопары","Яндекс","1","1","1.0","1.0","00:00:00"
"как определить по физическому состоянию пр6 и пр30","Яндекс","1","1","0.0","1.0","00:00:15"
"как определить характеристики молибденовой проволоки","Яндекс","1","1","0.0","1.0","00:00:19"
"как отличить тантал от титана","Яндекс","1","1","0.0","2.0","00:08:38"
"как перевести длину изделия из вольфрама в кг","Яндекс","1","1","0.0","3.0","00:09:43"
"как подготовить оловянные аноды к завешиванию в гальваническую ванну","Яндекс","1","1","0.0","2.0","00:04:08"
"как покрыть оловом медную посуду","Яндекс","1","1","0.0","1.0","00:00:15"
"как получают припой вольфрамо кобальтовый","Яндекс","1","1","0.0","1.0","00:00:15"
"как получают прутки вольфрама в промышленности","Яндекс","1","1","0.0","1.0","00:00:15"
"как получить стальной порошок pb hbm","Яндекс","1","1","0.0","1.0","00:00:14"
"как понять что пруток вольфрамовый","Яндекс","1","1","1.0","1.0","00:00:00"
"как посчитать длину вытянутой цилиндрической спирали онлайн","Яндекс","1","1","1.0","1.0","00:00:00"
"как правильно называется карбид","Яндекс","1","1","0.0","1.0","00:00:15"
"как правильно написать проволока порошковая с титаном не прошла испытания по физико механическим свойствам описать проблему","Яндекс","1","1","0.0","1.0","00:00:15"
"как правильно рассчитать сечение нихрома на печь закаливания","Яндекс","1","1","0.0","2.0","00:15:28"
"как правильно сделать нихромовую спираль для 1000 градусов","Яндекс","1","1","0.0","1.0","00:00:15"
"как производится неодеканат кобальта","Яндекс","1","1","0.0","2.0","00:03:41"
"как работать с мельхиором","Яндекс","1","1","0.0","1.0","00:00:17"
"как различить ниобий и тантал","Яндекс","1","1","0.0","1.0","00:00:15"
"как распознать лист тантала","Яндекс","1","1","0.0","1.0","00:00:22"
"как рассчитать вес листа хн78т","Яндекс","1","1","0.0","1.0","00:00:22"
"как рассчитать длину нихромовой проволоки для нагревателя 220в","Яндекс","1","1","1.0","1.0","00:00:00"
"как рассчитать длину нихромовой проволоки под напряжением для нагрева ее до 400 градусов","Яндекс","1","1","0.0","1.0","00:00:15"
"как рассчитать длину проволоки в спирали","Яндекс","1","1","0.0","1.0","00:00:27"
"как рассчитать мощность фехралевой спирали","Яндекс","1","1","0.0","1.0","00:00:15"
"как рассчитать нихромовую спираль на 5 вольт","Яндекс","1","1","0.0","1.0","00:00:15"
"как расчитать какой латр нужен для нагрева нихромовой проволоки","Яндекс","1","1","1.0","1.0","00:00:01"
"как расчитать сечение нихромой проволоки длинной 3 метра для её нагрева до 300 градусов","Яндекс","1","1","0.0","1.0","00:00:15"
"как сделать нагревающий элемент для изготовления пэт проволоки","Яндекс","1","1","1.0","1.0","00:00:00"
"как сделать отжиг нихромовой проволки для изоляции нагревателя для пояльника","Яндекс","1","1","0.0","1.0","00:00:15"
"как сделать спираль из молибдена в домашних условиях","Яндекс","1","1","0.0","1.0","00:00:15"
"как собрать печь из нихромовой проволоки и термодата","Яндекс","1","1","0.0","1.0","00:00:16"
"как стареет термопара хромель алюмель","Яндекс","1","1","0.0","1.0","00:00:15"
"как узнать нихром в прутах","Яндекс","1","1","0.0","1.0","00:00:15"
"как узнать температуру электрической печи по мощности и напряжению","Яндекс","1","1","0.0","1.0","00:00:15"
"как узнать требуемую мощность нагревателя печи 1000 градусов","Яндекс","1","1","0.0","1.0","00:00:15"
"как узнать что ферросплав","Яндекс","1","1","0.0","2.0","00:06:38"
"как установить термопару в защитный чехол","Яндекс","1","1","0.0","1.0","00:00:15"
"как устроена изолированная термопара в защитном чехле из нержавейки","Яндекс","1","1","0.0","1.0","00:00:15"
"какая длина проволоки трехмиллиметровой танталовой проволоки","Яндекс","1","1","0.0","1.0","00:00:25"
"какая искра у ферросплавов","Яндекс","1","1","0.0","1.0","00:00:14"
"какая марка нихромовая проволока используется для изготовления спирали накаливания в термо печах","Яндекс","1","1","0.0","1.0","00:00:15"
"какая марка победита используется в буровых коронках","Яндекс","1","1","1.0","1.0","00:00:00"
"какая марка титана используется в конструкции наокстный осьеосигтез","Яндекс","1","1","1.0","1.0","00:00:00"
"какая мощность спирали калькулятор","Яндекс","1","1","0.0","1.0","00:00:25"
"какая проволока лучше огнеупорная","Яндекс","1","1","0.0","2.0","00:01:49"
"какая прочность умалибдена","Яндекс","1","1","0.0","1.0","00:00:15"
"какая разница медлу монель и монель 400","Яндекс","1","1","0.0","1.0","00:00:15"
"какая температура на термопаре котоа сибстронг","Яндекс","1","1","0.0","1.0","00:00:15"
"какая теплопроводность титана?","Яндекс","1","1","0.0","1.0","00:00:31"
"какая термо эдс пары металлов железо алюминий?","Яндекс","1","1","0.0","1.0","00:00:15"
"какая цена в россии за молибден в слитках за килограмм","Яндекс","1","1","0.0","2.0","00:00:15"
"какая цена тантала","Яндекс","1","1","0.0","1.0","00:00:22"
"какая цена титана титановой трубы на рынке средняя цена","Яндекс","1","1","0.0","1.0","00:00:15"
"какие бывают термопары по производителям","Яндекс","1","1","1.0","1.0","00:00:00"
"какие виды ферросплавов есть","Яндекс","1","1","0.0","2.0","00:00:19"
"какие есть сплавы металлов ферросплавы","Яндекс","1","1","0.0","1.0","00:00:15"
"какие жаропрочные стали бывают сколько стоят где найти","Яндекс","1","1","0.0","1.0","00:00:15"
"какие из перечисленных материалов подвергаются магнитно порошковой.конструкционная сталь илимедный провод ,аллюминий,нержавеющая сталь.","Яндекс","1","1","0.0","1.0","00:00:15"
"какие изделия бывают из титана","Яндекс","1","1","0.0","2.0","00:00:42"
"какие компоненты нужны для никилирования","Яндекс","1","1","0.0","1.0","00:00:15"
"какие материалы используют в термопарах","Яндекс","1","1","0.0","1.0","00:00:15"
"какие металлы в буровой установке их названия","Яндекс","1","1","0.0","1.0","00:00:15"
"какие металлы обрабатываются резцами вк6, вк8","Яндекс","1","1","0.0","2.0","00:03:03"
"какие методы получения порошков относятся к химико-металлургическим?","Яндекс","1","1","1.0","1.0","00:00:00"
"какие нтд регламентируют балл зерна в образцах поковок титана вт20?","Яндекс","1","1","0.0","1.0","00:00:15"
"какие периоды при выплавке фвд50у0.5","Яндекс","1","1","0.0","1.0","00:00:15"
"какие предприятия покупают марку 08х20н4аг10","Яндекс","1","1","1.0","1.0","00:00:00"
"какие процессы происходят в ванне обезжиривания при никелировании проволоки","Яндекс","1","1","1.0","1.0","00:00:00"
"какие соединения титана применяются в промышленности","Яндекс","1","1","0.0","1.0","00:00:15"
"какие стали называют коррозионно стойкими","Яндекс","1","1","1.0","1.0","00:00:00"
"какие токи должны быть в стекловаренноя электропечи","Яндекс","1","1","0.0","1.0","00:00:14"
"какие физические свойства будут у сплава титана золота хрома и никеля","Яндекс","1","1","0.0","1.0","00:00:19"
"какие формы бывают российские никелевые катоды экспортируется в индию","Яндекс","1","1","0.0","1.0","00:00:15"
"какие характеристики указываются в паспорте качества на проволока внпр-1 ф0 8мм ту 48-4-372-76 образец","Яндекс","1","1","0.0","1.0","00:00:15"
"какие элементы входят в состав титана","Яндекс","1","1","0.0","1.0","00:00:14"
"каким гостом устанавливается давление которое выдержат мельхиоровые трубы","Яндекс","1","1","1.0","1.0","00:00:00"
"каккие марки материалов применяются для производства биметалла tb102/85","Яндекс","1","1","0.0","2.0","00:03:17"
"каков атомный вес рения","Яндекс","1","1","0.0","1.0","00:00:15"
"какова стоимость манеля?","Яндекс","1","1","0.0","1.0","00:00:15"
"какого диаметра выпускаются трубы из молиб0д","Яндекс","1","1","0.0","1.0","00:00:15"
"какого цвета метал церконий","Яндекс","1","1","0.0","2.0","00:00:14"
"какое покрытие лучше лужение или гальваника","Яндекс","1","1","0.0","1.0","00:00:15"
"какой бывает нихром","Яндекс","1","1","0.0","1.0","00:00:15"
"какой диаметр нихрома используют в нагревательных","Яндекс","1","1","1.0","1.0","00:00:00"
"какой диаметр у нити титан 20","Яндекс","1","1","1.0","1.0","00:00:00"
"какой диапазон температур может измерять термопара хромель-алюмель","Яндекс","1","1","0.0","1.0","00:00:15"
"какой должен быть кабель для поверки термопары хромель капель","Яндекс","1","1","0.0","1.0","00:00:15"
"какой инструмент изготовлин из твердо сплавным металлом","Яндекс","1","1","0.0","1.0","00:00:15"
"какой лентой сваривают элементы питания","Яндекс","1","1","0.0","1.0","00:00:15"
"какой материал используется для нагревательного элемента в печах для закалки","Яндекс","1","1","0.0","1.0","00:00:14"
"какой металл находиться в буровых шарошках","Яндекс","1","1","1.0","1.0","00:00:00"
"какой минимальный круг купить молибден","Яндекс","1","1","0.0","1.0","00:00:16"
"какой никелевый порошок нужен для введения в клей","Яндекс","1","1","0.0","1.0","00:00:14"
"какой процент сплавов титана в космических кораблях","Яндекс","1","1","0.0","1.0","00:00:37"
"какой состав имеет олово","Яндекс","1","1","0.0","1.0","00:00:18"
"какой состав молибденовая проволока","Яндекс","1","1","0.0","2.0","00:00:39"
"какой сплав титана лучше","Яндекс","1","1","0.0","2.0","00:00:18"
"какой тип термопар используются в смесительном бачке нагревателя ультрачистых жидкостей","Яндекс","1","1","0.0","1.0","00:00:18"
"какой ток при постоянном напряжении выдерживает н аелевая лента 0.2 мм шириной 8 мм","Яндекс","1","1","0.0","1.0","00:00:15"
"какой феро сплав с розовым оттенкам","Яндекс","1","1","0.0","1.0","00:00:15"
"какой химический состав вольфрама необходим поставщикам металлорежущего инструмента как сырье для изготовления готовой продукции","Яндекс","1","1","0.0","1.0","00:00:15"
"какой цвет у титанового прутка ti 99.03 %, fe 0.843%","Яндекс","1","1","0.0","1.0","00:00:15"
"какой ширины лентой паяют акб 18650","Яндекс","1","1","0.0","1.0","00:00:14"
"какой эдс термопары","Яндекс","1","1","0.0","1.0","00:00:14"
"какую ленту варить на какой ток","Яндекс","1","1","0.0","1.0","00:00:14"
"калиброванный круг 34мм сталь 30хма","Яндекс","1","1","1.0","1.0","00:00:00"
"калькулятор  нагрева нихромовой проволоки до 40 градусов","Яндекс","1","1","0.0","1.0","00:00:16"
"калькулятор ""металлы и сплавы""","Яндекс","1","1","0.0","1.0","00:00:18"
"калькулятор 12хн35вт","Яндекс","1","1","0.0","1.0","00:00:21"
"калькулятор 32нкд","Яндекс","1","1","0.0","1.0","00:01:04"
"калькулятор <спирали>, расчёт длины и мощности","Яндекс","1","1","0.0","1.0","00:00:32"
"калькулятор анода","Яндекс","1","1","0.0","2.0","00:13:27"
"калькулятор брх","Яндекс","1","1","1.0","1.0","00:00:00"
"калькулятор вес анода нпа","Яндекс","1","1","0.0","1.0","00:00:21"
"калькулятор вес молибденовой проволоки","Яндекс","1","1","0.0","3.0","00:00:32"
"калькулятор веса анод олово","Яндекс","1","1","0.0","1.0","00:00:31"
"калькулятор веса анодов","Яндекс","1","1","0.0","1.0","00:00:27"
"калькулятор веса вк8","Яндекс","1","1","0.0","1.0","00:00:18"
"калькулятор веса круга хн78т","Яндекс","1","1","0.0","1.0","00:00:29"
"калькулятор веса мнжмц30-1-1","Яндекс","1","1","0.0","1.0","00:00:19"
"калькулятор веса никеля","Яндекс","1","1","0.0","1.0","00:00:22"
"калькулятор веса припоя","Яндекс","1","1","0.0","1.0","00:00:15"
"калькулятор веса проволоки золотой","Яндекс","1","1","1.0","1.0","00:00:00"
"калькулятор веса прутка вольфрамового","Яндекс","1","1","0.0","1.0","00:00:19"
"калькулятор веса сплава","Яндекс","1","1","0.0","2.0","00:00:27"
"калькулятор веса сплавов","Яндекс","1","1","0.0","1.0","00:00:53"
"калькулятор веса твердого сплава вк 6","Яндекс","1","1","0.0","3.0","00:01:45"
"калькулятор вольфрам","Яндекс","1","1","0.0","1.0","00:00:22"
"калькулятор для расчета спирали нихрома","Яндекс","1","1","0.0","1.0","00:00:18"
"калькулятор жаропрочка","Яндекс","1","1","0.0","2.0","00:00:48"
"калькулятор жаропрочки","Яндекс","1","1","0.0","1.0","00:00:38"
"калькулятор жаропрочной стали","Яндекс","1","1","0.0","1.0","00:00:17"
"калькулятор изделия из твердосплава","Яндекс","1","1","0.0","1.0","00:00:15"
"калькулятор кадмий","Яндекс","1","1","0.0","1.0","00:00:27"
"калькулятор латуни вес","Яндекс","1","1","0.0","1.0","00:00:16"
"калькулятор ленты нихромовой","Яндекс","1","1","0.0","2.0","00:00:34"
"калькулятор массы листа никеля","Яндекс","1","1","0.0","2.0","00:03:28"
"калькулятор массы никеля нп1","Яндекс","1","1","0.0","3.0","00:01:16"
"калькулятор мельхиора","Яндекс","1","1","0.0","1.0","00:00:24"
"калькулятор мельхиоровой трубы","Яндекс","1","1","0.0","1.0","00:00:27"
"калькулятор металла 14х17н2","Яндекс","1","1","0.0","1.0","00:00:33"
"калькулятор металла ;fhjghjxys[ cgkfkdjd","Яндекс","1","1","0.0","1.0","00:00:17"
"калькулятор металла vjkb,lty","Яндекс","1","1","0.0","1.0","00:00:16"
"калькулятор металла брнбтэ","Яндекс","1","1","1.0","1.0","00:00:00"
"калькулятор металла вольфрама","Яндекс","1","1","0.0","1.0","00:00:20"
"калькулятор металла жаропрочка","Яндекс","1","1","0.0","1.0","00:00:15"
"калькулятор металла нейзильбер","Яндекс","1","1","0.0","1.0","00:00:25"
"калькулятор металла никель онлайн","Яндекс","1","1","0.0","1.0","00:00:34"
"калькулятор металла нихром","Яндекс","1","1","0.0","1.0","00:00:17"
"калькулятор металла онлайн молибден","Яндекс","1","1","1.0","1.0","00:00:00"
"калькулятор металла онлайн никелевые сплавы","Яндекс","1","1","0.0","1.0","00:00:27"
"калькулятор металла онлайн хн 60","Яндекс","1","1","0.0","1.0","00:00:15"
"калькулятор металла онлайн хн77тюр","Яндекс","1","1","0.0","1.0","00:00:41"
"калькулятор металла онлайн хн78т","Яндекс","1","1","0.0","2.0","00:14:01"
"калькулятор металла проволока константановая","Яндекс","1","1","0.0","1.0","00:00:15"
"калькулятор металла пруток брхцр","Яндекс","1","1","0.0","1.0","00:00:40"
"калькулятор металла с плотностью","Яндекс","1","1","0.0","1.0","00:00:18"
"калькулятор металла свинец","Яндекс","1","1","0.0","1.0","00:00:42"
"калькулятор металла скачать","Яндекс","1","1","1.0","1.0","00:00:00"
"калькулятор металла твердый сплав","Яндекс","1","1","0.0","8.0","00:08:07"
"калькулятор металла хн60ю","Яндекс","1","1","0.0","1.0","00:00:15"
"калькулятор металлов","Яндекс","1","1","0.0","1.0","00:00:21"
"калькулятор металлов нихром","Яндекс","1","1","0.0","1.0","00:00:22"
"калькулятор металлов титан жаропрочка","Яндекс","1","1","0.0","2.0","00:01:36"
"калькулятор металлоемкости с плотностью","Яндекс","1","1","0.0","1.0","00:00:15"
"калькулятор металлопроката","Яндекс","1","1","0.0","1.0","00:00:23"
"калькулятор металлопроката по сплаву 29нк","Яндекс","1","1","0.0","1.0","00:00:16"
"калькулятор металлопроката с плотностью","Яндекс","1","1","0.0","1.0","00:00:16"
"калькулятор металлы и сплавы онлайн бесплатно","Яндекс","1","1","0.0","1.0","00:00:21"
"калькулятор метотех","Яндекс","1","1","0.0","1.0","00:00:27"
"калькулятор молибд","Яндекс","1","1","0.0","2.0","00:00:39"
"калькулятор мчвп","Яндекс","1","1","0.0","5.0","00:01:22"
"калькулятор нагревателей из фехраля","Яндекс","1","1","0.0","1.0","00:00:31"
"калькулятор намотки спиралей","Яндекс","1","1","0.0","1.0","00:00:28"
"калькулятор нейзильбер","Яндекс","1","1","0.0","1.0","00:00:40"
"калькулятор нержавеющего металлопроката тореадор сталь","Яндекс","1","1","1.0","1.0","00:00:00"
"калькулятор никель","Яндекс","1","1","0.0","2.0","00:00:34"
"калькулятор нихромовой ленты","Яндекс","1","1","0.0","1.0","00:00:15"
"калькулятор нп-1","Яндекс","1","1","0.0","3.0","00:03:25"
"калькулятор обогащение металлургия","Яндекс","1","1","0.0","1.0","00:00:15"
"калькулятор олова","Яндекс","1","1","1.0","1.0","00:00:01"
"калькулятор олово","Яндекс","1","1","0.0","1.0","00:00:47"
"калькулятор оловянный пруток","Яндекс","1","1","0.0","5.0","00:12:32"
"калькулятор перевода воска в никелехромовый сплав","Яндекс","1","1","1.0","1.0","00:00:00"
"калькулятор плотности металлопроката","Яндекс","1","1","0.0","1.0","00:00:22"
"калькулятор проволоки хромель","Яндекс","1","1","0.0","2.0","00:05:43"
"калькулятор проката","Яндекс","1","1","0.0","1.0","00:00:19"
"калькулятор прутка 29нк","Яндекс","1","1","0.0","1.0","00:00:49"
"калькулятор расхода олова проволоки по калькулятор онлайн плотности","Яндекс","1","1","0.0","1.0","00:00:19"
"калькулятор расчет веса никелевых сплавов","Яндекс","1","1","0.0","1.0","00:00:15"
"калькулятор расчета металлического порошка с разным содержанием","Яндекс","1","1","0.0","1.0","00:00:14"
"калькулятор расчета нагревателя из нихрома","Яндекс","1","1","0.0","1.0","00:00:20"
"калькулятор расчета нихрома для нагревателя скачать бесплатно","Яндекс","1","1","0.0","2.0","00:03:48"
"калькулятор расчета нихромовой нити для нагрева","Яндекс","1","1","0.0","1.0","00:00:32"
"калькулятор расчета нихромовой проволоки","Яндекс","1","1","1.0","1.0","00:00:00"
"калькулятор расчета платинородиевой проволоки","Яндекс","1","1","0.0","1.0","00:00:15"
"калькулятор расчета припоя","Яндекс","1","1","1.0","1.0","00:00:00"
"калькулятор расчета серебряных анодов","Яндекс","1","1","1.0","1.0","00:00:00"
"калькулятор расчета спирали из нихрома","Яндекс","1","1","0.0","1.0","00:00:32"
"калькулятор расчета фехралевой проволоки","Яндекс","1","1","0.0","2.0","00:12:14"
"калькулятор спиралей для муфельной печи","Яндекс","1","1","0.0","1.0","00:00:28"
"калькулятор спиралей метатехника","Яндекс","1","1","0.0","2.0","00:02:02"
"калькулятор спирали из нержавейки","Яндекс","1","1","1.0","1.0","00:00:00"
"калькулятор спирали муфельной печи","Яндекс","1","1","1.0","1.0","00:00:00"
"калькулятор спирали нагрева","Яндекс","1","1","0.0","1.0","00:00:18"
"калькулятор спирали нагревателя","Яндекс","1","1","0.0","2.0","00:13:03"
"калькулятор спирали онлайн","Яндекс","1","1","0.0","1.0","00:00:18"
"калькулятор сплава","Яндекс","1","1","1.0","1.0","00:00:00"
"калькулятор сплава ма8","Яндекс","1","1","1.0","1.0","00:00:00"
"калькулятор сплава магния ма8 расчитать вес прутка магниевого","Яндекс","1","1","0.0","1.0","00:00:25"
"калькулятор сплавов онлайн","Яндекс","1","1","0.0","3.0","00:02:08"
"калькулятор титана металлопроката","Яндекс","1","1","0.0","1.0","00:00:20"
"калькулятор тклр л63","Яндекс","1","1","0.0","1.0","00:00:16"
"калькулятор тугоплавких металлов метотех","Яндекс","1","1","0.0","3.0","00:01:20"
"калькулятор тугоплавких цветного металла","Яндекс","1","1","0.0","2.0","00:00:46"
"калькулятор удельной поверхностной мощности","Яндекс","1","1","1.0","1.0","00:00:00"
"калькулятор ферросплавов","Яндекс","1","1","1.0","1.0","00:00:00"
"калькулятор х20н80","Яндекс","1","1","0.0","1.0","00:00:19"
"калькулятор хромели","Яндекс","1","1","0.0","3.0","00:00:51"
"калькулятор цинкового анода","Яндекс","1","1","0.0","2.0","00:00:25"
"калькулятор цирконий","Яндекс","1","1","0.0","1.0","00:00:27"
"калькулятор цирконий пруток","Яндекс","1","1","0.0","1.0","00:00:34"
"калькуляьор массы твердосплава","Яндекс","1","1","0.0","2.0","00:01:26"
"кальцинированный боксит купить","Яндекс","1","1","0.0","2.0","00:10:08"
"канат 7,14 ту 14-4-278-73","Яндекс","1","1","0.0","2.0","00:11:12"
"канат стальной 3-1.8-н ту 14.4.278-73","Яндекс","1","1","1.0","1.0","00:00:00"
"канталовая фольга","Яндекс","1","1","0.0","1.0","00:00:15"
"кантановая проволока","Яндекс","1","1","0.0","1.0","00:00:15"
"капель, хромель, алюмель","Яндекс","1","1","0.0","8.0","00:18:09"
"капиляр из никилеаого сплава для стектоволокна","Яндекс","1","1","0.0","1.0","00:00:15"
"карбид вольфрама","Яндекс","1","1","0.0","6.0","00:13:48"
"карбид вольфрама лкв-з-4","Яндекс","1","1","0.0","1.0","00:00:15"
"карбид кальция свойства поверхности","Яндекс","1","1","1.0","1.0","00:00:00"
"карбид что это и для чего","Яндекс","1","1","0.0","1.0","00:00:25"
"карбид что это такое простыми словами","Яндекс","1","1","0.0","1.0","00:00:15"
"карбид эт","Яндекс","1","1","0.0","1.0","00:00:15"
"карбидов вольфрама свойства гост","Яндекс","1","1","0.0","1.0","00:00:15"
"карбидовольфрамовая наплавка гост","Яндекс","1","1","0.0","1.0","00:00:15"
"карбидотермическое восстановительная плавка","Яндекс","1","1","0.0","1.0","00:00:15"
"карбиды","Яндекс","1","1","1.0","1.0","00:00:00"
"карбиды металлов","Яндекс","1","1","0.0","1.0","00:00:15"
"карбиды металлов это","Яндекс","1","1","0.0","1.0","00:00:15"
"катод какой сплав","Яндекс","1","1","1.0","1.0","00:00:00"
"катод ф100х25 мм эрх99,95-мп","Яндекс","1","1","1.0","1.0","00:00:00"
"квк26 круг купить","Яндекс","1","1","0.0","2.0","00:20:35"
"квларовые отходы цена","Яндекс","1","1","1.0","1.0","00:00:00"
"килограмм титана цена","Яндекс","1","1","0.0","1.0","00:00:15"
"кислота рениевая порошок","Яндекс","1","1","0.0","1.0","00:00:15"
"классификация твердых сплавов: металлокерамические, литые, пластифицированные","Яндекс","1","1","0.0","1.0","00:00:20"
"классификация ферросплавов","Яндекс","1","1","0.0","3.0","00:00:35"
"кобальт / cobaltum (co) применение","Яндекс","1","1","1.0","1.0","00:00:00"
"кобальт / cobaltum (co) свойства","Яндекс","1","1","0.0","1.0","00:00:16"
"кобальт для чего применяют","Яндекс","1","1","0.0","1.0","00:00:14"
"кобальт к0","Яндекс","1","1","0.0","2.0","00:00:38"
"кобальт к0 листы купить","Яндекс","1","1","0.0","1.0","00:00:35"
"кобальт к1ау стоимость","Яндекс","1","1","0.0","1.0","00:00:16"
"кобальт магнит","Яндекс","1","1","1.0","1.0","00:00:00"
"кобальт магнитные свойства","Яндекс","1","1","0.0","4.0","00:07:20"
"кобальт марка","Яндекс","1","1","1.0","1.0","00:00:00"
"кобальт металл физико химические свойства","Яндекс","1","1","0.0","3.0","00:07:20"
"кобальт металл характеристики","Яндекс","1","1","1.0","1.0","00:00:00"
"кобальт механические свойства","Яндекс","1","1","0.0","1.0","00:00:16"
"кобальт пластина","Яндекс","1","1","0.0","1.0","00:00:15"
"кобальт пластины цена","Яндекс","1","1","0.0","1.0","00:00:15"
"кобальт проволока","Яндекс","1","1","0.0","1.0","00:00:16"
"кобальт рудник купить цена москва и","Яндекс","1","1","0.0","1.0","00:00:21"
"кобальт свойства металла","Яндекс","1","1","0.0","5.0","00:17:30"
"кобальт сколько стоит","Яндекс","1","1","0.0","1.0","00:00:15"
"кобальт слитки","Яндекс","1","1","0.0","3.0","00:01:00"
"кобальт сплав фото","Яндекс","1","1","0.0","1.0","00:00:15"
"кобальт твердость","Яндекс","1","1","0.0","2.0","00:02:03"
"кобальт характеристика","Яндекс","1","1","0.0","3.0","00:21:13"
"кобальт химическая формула","Яндекс","1","1","0.0","1.0","00:00:15"
"кобальт химические свойства","Яндекс","1","1","0.0","1.0","00:00:15"
"кобальт химический элемент","Яндекс","1","1","0.0","1.0","00:00:15"
"кобальт химический элемент характеристика","Яндекс","1","1","0.0","1.0","00:00:15"
"кобальт что это","Яндекс","1","1","0.0","1.0","00:00:15"
"кобальт это твердый сплав или нет","Яндекс","1","1","0.0","1.0","00:00:15"
"кобальт является ли тяжелым металло","Яндекс","1","1","0.0","1.0","00:00:15"
"кобальт-вольфрам","Яндекс","1","1","0.0","2.0","00:29:03"
"кобальтовая плита","Яндекс","1","1","1.0","1.0","00:00:00"
"кобальтовая продукция","Яндекс","1","1","0.0","2.0","00:00:03"
"кобальтовое покрытие","Яндекс","1","1","0.0","1.0","00:00:15"
"кобальтовый слиток","Яндекс","1","1","0.0","1.0","00:00:15"
"кобальтовый сплав co-30%","Яндекс","1","1","0.0","1.0","00:00:27"
"кобольд применение","Яндекс","1","1","0.0","1.0","00:00:15"
"кобольт","Яндекс","1","1","0.0","3.0","00:00:23"
"кобольто-никелевая проволока","Яндекс","1","1","0.0","1.0","00:00:15"
"кожффициент пуассона для титана 5в","Яндекс","1","1","0.0","1.0","00:00:15"
"количество образцов для контроля магнитной индукции коэрцитивной силы на прутках из магнитнтмчгктго сплава.","Яндекс","1","1","0.0","1.0","00:00:15"
"компании северо-запада занимающиеся переработкой лома буровых коронок","Яндекс","1","1","1.0","1.0","00:00:00"
"компания вымпел кобальт к0 купить","Яндекс","1","1","0.0","2.0","00:00:26"
"комплектующие из прецизионного материала","Яндекс","1","1","0.0","3.0","00:01:00"
"композитно вольфрамовые прутки","Яндекс","1","1","1.0","1.0","00:00:00"
"компоненты для хим никеля","Яндекс","1","1","1.0","1.0","00:00:00"
"компоненты титана","Яндекс","1","1","0.0","1.0","00:00:15"
"кому продать насос для воды","Яндекс","1","1","1.0","1.0","00:00:01"
"кому продать титан марки вт1-0","Яндекс","1","1","1.0","1.0","00:00:00"
"конспект по вольфрам свойства примеры из жизни","Яндекс","1","1","1.0","1.0","00:00:00"
"констант сплав","Яндекс","1","1","1.0","1.0","00:00:00"
"константан калькулятор","Яндекс","1","1","0.0","3.0","00:00:16"
"константан область применения","Яндекс","1","1","0.0","2.0","00:10:24"
"константан проволока характеристики","Яндекс","1","1","0.0","2.0","00:01:44"
"константан свойства материала","Яндекс","1","1","0.0","1.0","00:00:15"
"константан состав","Яндекс","1","1","0.0","1.0","00:00:15"
"константан сплав","Яндекс","1","1","0.0","2.0","00:00:55"
"константан сплавы никеля","Яндекс","1","1","1.0","1.0","00:00:00"
"константан фольга","Яндекс","1","1","0.0","2.0","00:00:18"
"константан это сплав","Яндекс","1","1","0.0","1.0","00:00:14"
"константана","Яндекс","1","1","0.0","2.0","00:06:16"
"константановая проволока","Яндекс","1","1","0.0","1.0","00:00:15"
"константановая проволока что","Яндекс","1","1","0.0","2.0","00:02:46"
"константановая проволока что это","Яндекс","1","1","0.0","1.0","00:00:15"
"константановая проволока это","Яндекс","1","1","0.0","6.0","00:03:51"
"константановая ткань","Яндекс","1","1","0.0","1.0","00:00:17"
"константановая фольга","Яндекс","1","1","0.0","1.0","00:00:15"
"константановой фольги","Яндекс","1","1","0.0","1.0","00:00:15"
"константант","Яндекс","1","1","0.0","1.0","00:00:15"
"констатант","Яндекс","1","1","0.0","1.0","00:00:15"
"конструктивные особенности печей сопротивления периодического и непрерывного действия","Яндекс","1","1","0.0","2.0","00:01:11"
"конструкция анодов для хромирования","Яндекс","1","1","0.0","1.0","00:00:15"
"конструкция крышки на печи сопротивления","Яндекс","1","1","0.0","1.0","00:00:15"
"копель предел прочности","Яндекс","1","1","0.0","1.0","00:00:16"
"копель сплав","Яндекс","1","1","1.0","1.0","00:00:00"
"копель хим состав","Яндекс","1","1","0.0","1.0","00:00:15"
"копель что это за материал","Яндекс","1","1","0.0","1.0","00:00:15"
"копель это","Яндекс","1","1","0.0","1.0","00:00:14"
"коррозионная сталь что это","Яндекс","1","1","1.0","1.0","00:00:00"
"коррозионностойкая сталь это нержавейка или нет","Яндекс","1","1","1.0","1.0","00:00:01"
"коррозионностойкие","Яндекс","1","1","0.0","1.0","00:00:16"
"коррозионностойкие сплавы","Яндекс","1","1","0.0","1.0","00:00:15"
"котировка вольфрам","Яндекс","1","1","1.0","1.0","00:00:00"
"котировка вольфрам сегодня","Яндекс","1","1","1.0","1.0","00:00:00"
"котировка кадмий","Яндекс","1","1","1.0","1.0","00:00:00"
"котировка кобальт электролитный к1а на лондонской бирже на 28.01.2026","Яндекс","1","1","0.0","3.0","00:00:24"
"котировка кобальта к1а на лондонской бирже на январь 2026","Яндекс","1","1","0.0","4.0","00:12:09"
"котировка серебра на лондонской бирже металлов на 07.05.2026","Яндекс","1","1","1.0","1.0","00:00:00"
"котировка цен на ферромарганец","Яндекс","1","1","0.0","2.0","00:00:36"
"котировки lme на карбид вольфрама","Яндекс","1","1","0.0","3.0","00:01:30"
"котировки ванадий лме","Яндекс","1","1","1.0","1.0","00:00:00"
"котировки железной руды на лондонской бирже долгопрудный","Яндекс","1","1","1.0","1.0","00:00:00"
"котировки лондонской биржи драгоценных металлов","Яндекс","1","1","1.0","1.0","00:00:00"
"котировки меди lme на октябрь 2024","Яндекс","1","1","0.0","2.0","00:02:13"
"котировки меди на 02.07.2026","Яндекс","1","1","1.0","1.0","00:00:00"
"котировки меди на 26.06.2026","Яндекс","1","1","0.0","2.0","00:25:54"
"котировки молибдена lme","Яндекс","1","1","1.0","1.0","00:00:00"
"котировки на бронзу","Яндекс","1","1","1.0","1.0","00:00:00"
"котировки на феррониобий","Яндекс","1","1","0.0","2.0","00:00:38"
"котировки нихрома","Яндекс","1","1","0.0","2.0","00:00:42"
"котировки с лондонского рынка наличного металла «спот»","Яндекс","1","1","1.0","1.0","00:00:01"
"котировки стали 2215-50ар","Яндекс","1","1","0.0","2.0","00:02:24"
"котировки стали на бирже","Яндекс","1","1","1.0","1.0","00:00:00"
"котировки сурьмы на лондонской бирже","Яндекс","1","1","0.0","4.0","00:03:39"
"котировки титан","Яндекс","1","1","1.0","1.0","00:00:00"
"котировки ферровольфрама","Яндекс","1","1","1.0","1.0","00:00:00"
"котировки цен на вольфрам","Яндекс","1","1","0.0","2.0","00:01:54"
"котировки цинка на лондонской бирже сентябрь 2026г","Rambler","1","1","0.0","2.0","00:02:03"
"коэрцитивная сила кобальта","Яндекс","1","1","0.0","1.0","00:00:15"
"коэффициент пуассона сплава вольфрама с рением","Яндекс","1","1","0.0","1.0","00:00:14"
"коэффициент расширения ковара в цельсиях","Яндекс","1","1","0.0","1.0","00:00:15"
"коэффициенты термоэдс для никелевых сплавов","Яндекс","1","1","0.0","1.0","00:00:15"
"красноярск листовой прокат бу","Яндекс","1","1","1.0","1.0","00:00:00"
"крестик ферромагнитный сплав","Яндекс","1","1","1.0","1.0","00:00:00"
"кривая намагничивания металла 79нм толщиной 0,5мм","Яндекс","1","1","0.0","1.0","00:00:15"
"кристаллический чистый циркониевый стержень купить","Яндекс","1","1","1.0","1.0","00:00:00"
"круг 100 эп637","Яндекс","1","1","0.0","3.0","00:00:26"
"круг 28 мм эп678","Яндекс","1","1","1.0","1.0","00:00:00"
"круг 38хс 120 гост 4543-16 2590-06","Яндекс","1","1","0.0","2.0","00:00:03"
"круг 4,5-h9 7 12х18н9т-в ту 14-1-3957-85","Яндекс","1","1","1.0","1.0","00:00:00"
"круг 45 эп961-ви","Яндекс","1","1","1.0","1.0","00:00:00"
"круг aisi 630 05х16н4д2б","Яндекс","1","1","0.0","4.0","00:03:39"
"круг броневой аб2-2","Яндекс","1","1","0.0","10.0","00:01:42"
"круг в1-210 гост 2590-2006/38","Яндекс","1","1","1.0","1.0","00:00:00"
"круг вольфрамовый вл вес калькулятор металла","Яндекс","1","1","0.0","3.0","00:00:39"
"круг гкрхх 80 нд мнжмц30-1-1 гост 1535-2016","Яндекс","1","1","1.0","1.0","00:00:00"
"круг из жаропрочного сплава","Яндекс","1","1","0.0","3.0","00:05:50"
"круг из тантала","Яндекс","1","1","0.0","2.0","00:00:21"
"круг калиброванный 09г2с урал","Яндекс","1","1","0.0","3.0","00:05:57"
"круг нержавеющий с содержанием никеля более 40 процентов марка стоимость","Rambler","1","1","0.0","6.0","00:09:09"
"круг никелевый","Яндекс","1","1","1.0","1.0","00:00:00"
"круг нихромовый","Яндекс","1","1","0.0","1.0","00:00:16"
"крупнейшие производители - заводы россии - никелевая проволока дкрнт 0, 025 кт нп 1 - нп 2","Яндекс","1","1","0.0","3.0","00:04:10"
"крупноформатный титан","Яндекс","1","1","1.0","1.0","00:00:00"
"кто изготавливает олово пт в прутках овч000","Яндекс","1","1","0.0","1.0","00:00:21"
"кто покупает неликвиды лкм","Яндекс","1","1","1.0","1.0","00:00:00"
"кто покупает титан в риге","Яндекс","1","1","1.0","1.0","00:00:00"
"кто покупает титан в слитках","Яндекс","1","1","1.0","1.0","00:00:00"
"кто принимает просроченную алюминиевую пудру","Яндекс","1","1","1.0","1.0","00:00:00"
"кто производит микронити из вольфрама диаметром 0,0060мм","Яндекс","1","1","0.0","1.0","00:00:15"
"кто скупает титановый порошок оптом","Яндекс","1","1","0.0","3.0","00:30:26"
"кто хочет купить титан вт1-0","Яндекс","1","1","1.0","1.0","00:00:00"
"куб квадратного метра титана сколько стоит","Яндекс","1","1","0.0","1.0","00:00:19"
"куда подать объявления по ковке металла","Яндекс","1","1","1.0","1.0","00:00:00"
"куда применить мельхиоровую посуду в интерьере","Яндекс","1","1","0.0","1.0","00:00:15"
"куда продать электроды озл 6 нержавейка в екатеринбурге","Яндекс","1","1","1.0","1.0","00:00:00"
"купим поковки неликвид","Яндекс","1","1","0.0","5.0","00:05:35"
"купить 1 т боксита","Яндекс","1","1","1.0","1.0","00:00:00"
"купить вехраль","Яндекс","1","1","0.0","3.0","00:21:31"
"купить впр1","Яндекс","1","1","1.0","1.0","00:00:00"
"купить круг 36 эп33вд","Яндекс","1","1","1.0","1.0","00:00:00"
"купить круг мнжмц11-1,1-0,6 150мм","Яндекс","1","1","1.0","1.0","00:00:00"
"купить куб вольфрама 10х10см","Яндекс","1","1","1.0","1.0","00:00:00"
"купить ленту 29нк-ви-м-нт- 0,5х250мм","Яндекс","1","1","0.0","3.0","00:01:25"
"купить лист вольфрамовый в-мп","Яндекс","1","1","0.0","1.0","00:00:18"
"купить лист из кобальт хрома","Яндекс","1","1","0.0","1.0","00:00:15"
"купить лист из циркония","Яндекс","1","1","0.0","1.0","00:00:16"
"купить маливден","Яндекс","1","1","1.0","1.0","00:00:00"
"купить плита титановая от4 цена за 1 кг","Яндекс","1","1","0.0","1.0","00:00:14"
"купить проволоку из ванадия малый объем","Яндекс","1","1","0.0","1.0","00:00:15"
"купить проволоку хромель и алюмель","Яндекс","1","1","0.0","1.0","00:00:14"
"купить пруток монель","Яндекс","1","1","0.0","2.0","00:00:46"
"купить титан 4.6кг","Яндекс","1","1","0.0","2.0","00:00:20"
"купить титан металл цена за кг","Яндекс","1","1","1.0","1.0","00:00:00"
"купить титан титана различных марок","Яндекс","1","1","1.0","1.0","00:00:00"
"купить трубопроводы диаметром 60-250 материал нержавейка с молибденом mbss","Яндекс","1","1","0.0","1.0","00:00:14"
"купить трубы мельхиоровые капиллярные","Яндекс","1","1","0.0","2.0","00:01:25"
"куплю арматуру лежалую остатки","Яндекс","1","1","0.0","5.0","00:01:35"
"куплю виловские насосы на запчасти","Яндекс","1","1","1.0","1.0","00:00:00"
"куплю лом, неликвиды твердосплавные пластины вк 8 7500 к/г от 30 кг 8000 к/г","Яндекс","1","1","1.0","1.0","00:00:00"
"куплю металлопрокат объявления","Яндекс","1","1","1.0","1.0","00:00:00"
"куплю насосы доска объявлений","Яндекс","1","1","1.0","1.0","00:00:00"
"куплю покупаю закупаю сальниковую набивку днр лнр","Яндекс","1","1","0.0","2.0","00:00:35"
"куплю потребность вторичный алюминиевый порошок","Яндекс","1","1","1.0","1.0","00:00:00"
"куплю продам кобальт","Яндекс","1","1","1.0","1.0","00:00:00"
"курс биржи на золото на 13.01.2026","Яндекс","1","1","1.0","1.0","00:00:00"
"курс вольфрам сегодня","Яндекс","1","1","1.0","1.0","00:00:00"
"курс вольфрама на бирже онлайн китай","Яндекс","1","1","1.0","1.0","00:00:00"
"курс драгметаллов на лондонской бирже на май","Яндекс","1","1","1.0","1.0","00:00:00"
"курс золота биржи 18.11.2025","Яндекс","1","1","1.0","1.0","00:00:00"
"курс лондонской биржи металлов феррохром","Яндекс","1","1","1.0","1.0","00:00:00"
"курс меди 14.05.2026 биржа","Яндекс","1","1","1.0","1.0","00:00:00"
"курс меди за март 2024","Яндекс","1","1","1.0","1.0","00:00:00"
"курс меди на 09.07","Яндекс","1","1","1.0","1.0","00:00:00"
"курс меди на 2024 июнь","Яндекс","1","1","0.0","3.0","00:01:50"
"курс меди на 26.02.2026 какой был","Яндекс","1","1","1.0","1.0","00:00:00"
"курс меди на бирже на апрель 2025","Яндекс","1","1","1.0","1.0","00:00:00"
"курс на палладий 15 мая 2026","Яндекс","1","1","1.0","1.0","00:00:00"
"курс обычного металла 2026 июль","Яндекс","1","1","1.0","1.0","00:00:00"
"курс родий на лондонский фиксинг на 10.07.2025","Яндекс","1","1","1.0","1.0","00:00:00"
"курс родия на 02.12.2025г лондонская","Яндекс","1","1","1.0","1.0","00:00:00"
"курс цветных металлов от 28 02 2026","Яндекс","1","1","1.0","1.0","00:00:00"
"кэнв нх 300pdf","Яндекс","1","1","0.0","4.0","00:01:24"
"кэнв нх-1000 кабель","Яндекс","1","1","0.0","1.0","00:00:26"
"кэнв провод","Яндекс","1","1","0.0","2.0","00:01:14"
"лантанированный вольфрам","Яндекс","1","1","0.0","2.0","00:00:29"
"лантанированный вольфрам состав","Яндекс","1","1","0.0","2.0","00:08:19"
"латунь lme","Яндекс","1","1","1.0","1.0","00:00:00"
"легирование хромом","Яндекс","1","1","0.0","1.0","00:00:16"
"легирующие элементы жаропрочной стали","Яндекс","1","1","0.0","1.0","00:00:15"
"легирующие элементы защищающие от жаростойкости","Яндекс","1","1","0.0","1.0","00:00:15"
"лента 0,1х4 х20н80","Яндекс","1","1","0.0","1.0","00:00:16"
"лента 29нк-нт-1,0 гост 14080-78 состав","Яндекс","1","1","0.0","1.0","00:00:15"
"лента hastelloy monel","Яндекс","1","1","0.0","1.0","00:00:21"
"лента алюмель для наконечников","Яндекс","1","1","0.0","1.0","00:00:15"
"лента из константана характеристики","Яндекс","1","1","0.0","2.0","00:19:34"
"лента из термобиметаллов состав","Яндекс","1","1","0.0","1.0","00:00:14"
"лента из титана гост","Яндекс","1","1","0.0","1.0","00:00:15"
"лента из тканного молибдена где применяется","Яндекс","1","1","0.0","1.0","00:00:15"
"лента медная никелированная для подключения сварочного разъема литий-ионного аккумулятора","Яндекс","1","1","1.0","1.0","00:00:00"
"лента мельхиоровая","Яндекс","1","1","0.0","1.0","00:00:15"
"лента нп2 калькулятор вес","Яндекс","1","1","0.0","1.0","00:00:25"
"лента нэ-1","Яндекс","1","1","0.0","3.0","00:07:27"
"лента первичный никель","Яндекс","1","1","0.0","1.0","00:00:15"
"лента титановая","Яндекс","1","1","1.0","1.0","00:00:00"
"лента титановая ост","Яндекс","1","1","1.0","1.0","00:00:00"
"лента х20н80 2,0 х 32 мм","Яндекс","1","1","0.0","1.0","00:00:15"
"лента х20н80 2,0 х 35 мм","Яндекс","1","1","0.0","1.0","00:00:15"
"ленточные нагреватели фехраля: Х15Ю5, Х23Ю5, Х23Ю5Т, Х27Ю5Т.","Яндекс","1","1","0.0","1.0","00:00:15"
"лигатура niw20 отличие от лигатуры вн","Яндекс","1","1","1.0","1.0","00:00:01"
"лигатура алюминий титан бор","Яндекс","1","1","0.0","7.0","00:07:42"
"лигатура исползуемая для производства стального литья","Яндекс","1","1","0.0","1.0","00:00:15"
"линзы из диоксида циркония","Яндекс","1","1","0.0","2.0","00:02:10"
"линия никелирования мелких деталей что представляет барабан для никелирования что является катодом в барабане и из какого материала они изготовлены","Яндекс","1","1","0.0","1.0","00:00:15"
"лист (заготовка) мч (0,2х200х600) ту 48-19-472-90","Яндекс","1","1","0.0","1.0","00:00:16"
"лист 12 сплав молибден оксида лантана ml гост","Яндекс","1","1","0.0","1.0","00:00:14"
"лист 12мм аб2-1 ту5.961-11571-2006 купить в волгограде","Яндекс","1","1","1.0","1.0","00:00:00"
"лист 8,0 вт20 гост 22178-79","Яндекс","1","1","0.0","1.0","00:00:15"
"лист б-10мм ст08х17т гост 7350-77","Яндекс","1","1","0.0","1.0","00:00:42"
"лист броневой термически обработанный 45х2нмфба что это значит","Яндекс","1","1","1.0","1.0","00:00:00"
"лист в-мп-а 1 гост 23922-72 vpcc","Яндекс","1","1","0.0","1.0","00:00:16"
"лист вольфрама","Яндекс","1","1","1.0","1.0","00:00:00"
"лист вольфрамовый для чего","Яндекс","1","1","1.0","1.0","00:00:00"
"лист вольфрамовый ту","Яндекс","1","1","0.0","1.0","00:00:16"
"лист восстановленный из труб","Яндекс","1","1","0.0","3.0","00:00:11"
"лист из стали 45х2нмфба","Яндекс","1","1","1.0","1.0","00:00:00"
"лист мельхиоровый гост","Яндекс","1","1","0.0","3.0","00:00:59"
"лист мч ту 48-19-472-90 код окп","Яндекс","1","1","1.0","1.0","00:00:00"
"лист никелевый 0,2мм купить в москве","Яндекс","1","1","0.0","1.0","00:00:15"
"лист титан","Яндекс","1","1","0.0","1.0","00:00:15"
"лист титана","Яндекс","1","1","1.0","1.0","00:00:00"
"лист титана 2 сантиметра толщина","Яндекс","1","1","1.0","1.0","00:00:00"
"лист титана выбирают титан титан","Яндекс","1","1","0.0","1.0","00:00:14"
"лист титана какие марки титана","Яндекс","1","1","0.0","1.0","00:00:15"
"лист титана предлагаете для титанов","Яндекс","1","1","1.0","1.0","00:00:00"
"лист титана титан титан уникален","Яндекс","1","1","1.0","1.0","00:00:00"
"лист титановый 400 400 стоимость","Яндекс","1","1","0.0","1.0","00:00:15"
"лист фольга фмэг-н-153 (18) 1100 ту 48-7-38-85 на деталь габаритами 130х135","Яндекс","1","1","0.0","3.0","00:01:38"
"лист цирконий 0.4 мм бывает или это уже фольга","Яндекс","1","1","0.0","3.0","00:00:44"
"лист эп288ш толщиной 0,5мм","Яндекс","1","1","1.0","1.0","00:00:00"
"лист эп853 купить","Яндекс","1","1","0.0","4.0","00:00:25"
"листов марки Н2 =2х610х1200 НИКЕЛЬ","Яндекс","1","1","0.0","2.0","00:00:27"
"листовой хромолибден","Яндекс","1","1","0.0","1.0","00:00:15"
"листы djkmahfvjdst в-мп гост","Яндекс","1","1","1.0","1.0","00:00:00"
"листы вт1-0 купить","Яндекс","1","1","0.0","3.0","00:01:34"
"лме вольфрам","Яндекс","1","1","1.0","1.0","00:00:00"
"лме лондонская биржа металлов графики цены","Яндекс","1","1","1.0","1.0","00:00:00"
"лме лондонская биржа металлов цены 2016г","Яндекс","1","1","0.0","3.0","00:02:35"
"лме медь онлайн","Яндекс","1","1","0.0","2.0","00:00:33"
"лме медь цена на 2020","Яндекс","1","1","1.0","1.0","00:00:00"
"лме ниобий","Яндекс","1","1","0.0","2.0","00:00:07"
"лме хром","Яндекс","1","1","1.0","1.0","00:00:00"
"лме цена титана","Яндекс","1","1","0.0","2.0","00:00:53"
"лом - вольфрамовые сплав вн, внж цена приема в башкирии","Яндекс","1","1","1.0","1.0","00:00:00"
"лом самарий-кобальтовых магнитов цена","Яндекс","1","1","1.0","1.0","00:00:00"
"лом сплава вольфрам кобальт купить","Яндекс","1","1","1.0","1.0","00:00:00"
"лом уиркония куплю","Яндекс","1","1","0.0","3.0","00:03:10"
"лом циркония цена","Яндекс","1","1","1.0","1.0","00:00:00"
"лонд биржа мет цена титана вт1-0 сегодня","Яндекс","1","1","1.0","1.0","00:00:00"
"лондонская биржа lme","Яндекс","1","1","0.0","5.0","00:02:00"
"лондонская биржа вольфрам","Яндекс","1","1","1.0","1.0","00:00:01"
"лондонская биржа драгоценных металлов","Яндекс","1","1","1.0","1.0","00:00:00"
"лондонская биржа драгоценных металлов на 28.07.2026","Яндекс","1","1","0.0","3.0","00:01:12"
"лондонская биржа металлов вольфрам","Яндекс","1","1","1.0","1.0","00:00:00"
"лондонская биржа металлов лме цены","Яндекс","1","1","1.0","1.0","00:00:00"
"лондонская биржа металлов на 04.09.2026г.","Яндекс","1","1","1.0","1.0","00:00:00"
"лондонская биржа металлов цена на тантал","Яндекс","1","1","0.0","3.0","00:14:18"
"лондонская биржа металлов цена эолота на 25 июня 2026 г","Яндекс","1","1","1.0","1.0","00:00:00"
"лондонская биржа металлов цены","Яндекс","1","1","0.0","3.0","00:07:29"
"лондонская биржа на 01.08","Яндекс","1","1","1.0","1.0","00:00:00"
"лондонская биржа на 25.06.26","Яндекс","1","1","1.0","1.0","00:00:00"
"лондонская биржа сурьма","Яндекс","1","1","0.0","4.0","00:16:47"
"лондонский фиксинг 14 июля","Яндекс","1","1","1.0","1.0","00:00:00"
"лондонский фиксинг 15 июля","Яндекс","1","1","1.0","1.0","00:00:00"
"лондонский фиксинг на серебро 30.07","Яндекс","1","1","0.0","2.0","00:02:36"
"лужение оловом посуду","Яндекс","1","1","0.0","1.0","00:00:15"
"лужение проволоки катушки","Яндекс","1","1","1.0","1.0","00:00:00"
"лужение чугуна оловом","Яндекс","1","1","0.0","1.0","00:00:14"
"лучи ндру комплект из нержавейка (гост 9940,9941) цена 1 штук","Яндекс","1","1","1.0","1.0","00:00:00"
"лучи шелевые на хво купить на авито","Яндекс","1","1","1.0","1.0","00:00:00"
"м4 ту48-19-88-83","Яндекс","1","1","0.0","1.0","00:00:15"
"магниево порошковый метод - что это в металлургии","Яндекс","1","1","0.0","1.0","00:00:16"
"магнитная проницаемость пермендюра.","Яндекс","1","1","0.0","1.0","00:00:15"
"магнитно твердые сплавы","Яндекс","1","1","0.0","1.0","00:00:15"
"магнитно твердый сплав","Яндекс","1","1","0.0","1.0","00:00:19"
"магнитные свойства сплава константан","Яндекс","1","1","0.0","1.0","00:00:15"
"магнитный сплав его элементы","Яндекс","1","1","0.0","4.0","00:01:10"
"магнито мягкие сплавы","Яндекс","1","1","1.0","1.0","00:00:00"
"магнито-мягкий сплав-что это такое?","Яндекс","1","1","0.0","4.0","00:10:46"
"магнитомягкий композитный материал для двигателей","Яндекс","1","1","0.0","1.0","00:00:16"
"магнитомягкий материал это","Яндекс","1","1","0.0","1.0","00:00:14"
"магнитомягкий сплав","Яндекс","1","1","0.0","1.0","00:00:25"
"магниты от жесткого диска где сдать","Яндекс","1","1","1.0","1.0","00:00:00"
"макисмальная температура разогрева ом 40","Яндекс","1","1","1.0","1.0","00:00:00"
"максимальная температура для термопар типа тпр","Яндекс","1","1","0.0","1.0","00:00:15"
"максимальная температура нагрева нихрома д05мм длиной метр","Яндекс","1","1","0.0","1.0","00:00:15"
"максимально допустимый ток в зависимости от диаметра нихромовой проволоки","Яндекс","1","1","0.0","1.0","00:00:15"
"максимально допустимый ток для кэнв нх 1000","Яндекс","1","1","0.0","1.0","00:00:15"
"максимальный ток через нихромовый провод","Яндекс","1","1","0.0","1.0","00:00:15"
"максимяльная температура соединения хромель капель","Яндекс","1","1","0.0","1.0","00:00:14"
"малегден","Яндекс","1","1","1.0","1.0","00:00:00"
"малибден","Яндекс","1","1","0.0","1.0","00:00:23"
"малибдэновые трубы","Яндекс","1","1","1.0","1.0","00:00:01"
"малигдэн что это","Яндекс","1","1","0.0","1.0","00:00:16"
"манеливая проволка","Яндекс","1","1","0.0","1.0","00:00:18"
"манель металл трубы","Яндекс","1","1","0.0","2.0","00:08:10"
"манель мн60 химия","Яндекс","1","1","0.0","1.0","00:00:25"
"манель сплав","Яндекс","1","1","0.0","1.0","00:00:15"
"манель сталь","Яндекс","1","1","0.0","1.0","00:00:15"
"марганцевая руда стоимость за тонну на бирже","Яндекс","1","1","1.0","1.0","00:00:00"
"маржинальный груз на рынке металлов на сентябрь 2026","Яндекс","1","1","0.0","2.0","00:00:50"
"марка 70нхбмю","Яндекс","1","1","0.0","1.0","00:00:15"
"марка wl-20 сдать","Яндекс","1","1","1.0","1.0","00:00:00"
"марка оловянного анода для гальваники","Яндекс","1","1","0.0","1.0","00:00:15"
"марка порошка вольфрама для получения твердого сплава вк8","Яндекс","1","1","0.0","1.0","00:00:15"
"марка стали титан","Яндекс","1","1","0.0","2.0","00:01:26"
"марка твердого сплава впхх (10)","Яндекс","1","1","0.0","1.0","00:00:18"
"марка твёрдого сплава и область применения","Яндекс","1","1","1.0","1.0","00:00:00"
"марка титана","Яндекс","1","1","0.0","1.0","00:00:15"
"марка титана 8% железа","Яндекс","1","1","0.0","1.0","00:00:15"
"марка ферроникель","Яндекс","1","1","1.0","1.0","00:00:01"
"марки нихрома","Яндекс","1","1","0.0","2.0","00:07:40"
"марки сплавов молибдена","Яндекс","1","1","0.0","1.0","00:05:16"
"марки тантала","Яндекс","1","1","0.0","1.0","00:00:15"
"марки тв сплава","Яндекс","1","1","0.0","1.0","00:00:15"
"марки твердого сплава","Яндекс","1","1","0.0","1.0","00:00:15"
"марки титана для трубопроводной арматуры","Яндекс","1","1","0.0","1.0","00:00:15"
"марки титана для фармацевтической промышленности","Яндекс","1","1","0.0","1.0","00:00:16"
"марки титана стойкие к абразивному износу","Яндекс","1","1","0.0","1.0","00:00:15"
"марки хрома","Яндекс","1","1","0.0","2.0","00:02:35"
"марки циркония","Яндекс","1","1","0.0","1.0","00:00:15"
"маркировка титана сп-7м","Яндекс","1","1","0.0","1.0","00:00:15"
"масса молибдена расчёт онлайн","Яндекс","1","1","0.0","1.0","00:00:26"
"массмаркет кобальт","Яндекс","1","1","0.0","2.0","00:00:31"
"материал вк6 изготовить","Яндекс","1","1","1.0","1.0","00:00:00"
"материал и длина провода для нагревательного элемента r= 1,8 ком","Яндекс","1","1","0.0","1.0","00:00:15"
"материал мнжмц28 плотность","Яндекс","1","1","1.0","1.0","00:00:00"
"материал монель","Яндекс","1","1","0.0","1.0","00:00:15"
"материал ниобий состав","Яндекс","1","1","0.0","1.0","00:00:15"
"материал стойкий при температуре 1500 градусов","Яндекс","1","1","0.0","1.0","00:00:15"
"материал тантал фото","Яндекс","1","1","0.0","4.0","00:04:30"
"материал титан применение","Яндекс","1","1","1.0","1.0","00:00:00"
"материал титан характеристики","Яндекс","1","1","0.0","1.0","00:00:15"
"материал тсм-7","Яндекс","1","1","0.0","1.0","00:00:27"
"материалы конструкционные порошковые это","Яндекс","1","1","0.0","1.0","00:00:15"
"мд 40 ткр","Яндекс","1","1","0.0","1.0","00:00:15"
"мд-40 яе0.021.105 ту сплав плотность","Яндекс","1","1","0.0","2.0","00:03:00"
"мд40 сплав яео,021,105ту","Яндекс","1","1","0.0","1.0","00:00:15"
"мд40 ту","Яндекс","1","1","0.0","1.0","00:00:15"
"медно никелевая руда","Яндекс","1","1","0.0","1.0","00:00:15"
"медно никелевые сплавы","Яндекс","1","1","1.0","1.0","00:00:00"
"медно никелевые сплавы марки","Яндекс","1","1","1.0","1.0","00:00:00"
"медно никелевый сплав","Яндекс","1","1","1.0","1.0","00:00:00"
"медно никелевый сплав заказать поковка","Яндекс","1","1","1.0","1.0","00:00:00"
"меднографитовые щетки скупка","Яндекс","1","1","1.0","1.0","00:00:00"
"медный сплав никелевый гост","Яндекс","1","1","1.0","1.0","00:00:00"
"медь никель","Яндекс","1","1","0.0","3.0","00:01:13"
"медь цена на бирже декабрь 2021","Яндекс","1","1","0.0","5.0","00:06:46"
"медь цена на бирже на апрель 2025","Яндекс","1","1","1.0","1.0","00:00:00"
"медь январь 2018 цена","Яндекс","1","1","1.0","1.0","00:00:00"
"медь+никель","Яндекс","1","1","0.0","2.0","00:00:16"
"международная лондонская биржа бронзы","Яндекс","1","1","0.0","2.0","00:01:48"
"международные котировки на ферромарганец на июнь 2026","Яндекс","1","1","0.0","7.0","00:27:33"
"мельхер материал","Яндекс","1","1","0.0","1.0","00:00:15"
"мельхиор","Яндекс","1","1","0.0","1.0","00:00:15"
"мельхиор марка","Яндекс","1","1","0.0","1.0","00:00:15"
"мельхиор мн 19 химический состав","Яндекс","1","1","0.0","1.0","00:00:15"
"мельхиор мн19 состав","Яндекс","1","1","0.0","1.0","00:00:14"
"мельхиор мн19 твердость","Яндекс","1","1","0.0","1.0","00:00:19"
"мельхиор мн25 состав","Яндекс","1","1","0.0","1.0","00:00:15"
"мельхиор на экскаваторе","Яндекс","1","1","1.0","1.0","00:00:00"
"мельхиор нм 60а ту-48-21-16-72 цена","Яндекс","1","1","0.0","1.0","00:00:15"
"мельхиор плотность?","Яндекс","1","1","1.0","1.0","00:00:00"
"мельхиор с морской водой","Яндекс","1","1","0.0","1.0","00:00:14"
"мельхиор сколько меди в состав","Яндекс","1","1","0.0","1.0","00:00:15"
"мельхиор состав марки","Яндекс","1","1","0.0","1.0","00:00:16"
"мельхиор состав сплава на монете вологда","Яндекс","1","1","1.0","1.0","00:00:01"
"мельхиор сплав свойства применение","Яндекс","1","1","0.0","2.0","00:00:25"
"мельхиор стоимость за грамм","Яндекс","1","1","0.0","2.0","00:00:46"
"мельхиор химический состав","Яндекс","1","1","0.0","1.0","00:00:15"
"мельхиор химсостав","Яндекс","1","1","0.0","1.0","00:00:15"
"мельхиор что за металл и цена","Яндекс","1","1","0.0","26.0","00:05:43"
"мельхиор что это за металл","Яндекс","1","1","0.0","1.0","00:00:15"
"мельхиор это сплав каких","Яндекс","1","1","0.0","1.0","00:00:15"
"мельхиор это: состав, свойства и применение (zemelka.ua)","Яндекс","1","1","0.0","1.0","00:00:19"
"мельхиор. что это.","Яндекс","1","1","1.0","1.0","00:00:00"
"мельхиоровая труба 16x1 мм мнжмц10-1-1 гост 10092-2006 кто изготавливает в россии","Яндекс","1","1","0.0","1.0","00:00:15"
"мельхиоровые теплообменники","Яндекс","1","1","0.0","1.0","00:00:15"
"мельхиоровые трубы","Яндекс","1","1","0.0","1.0","00:00:15"
"мельхиоровые шайбы","Яндекс","1","1","0.0","1.0","00:00:15"
"мельхтор мк97","Яндекс","1","1","0.0","1.0","00:00:16"
"мет молибден","Яндекс","1","1","0.0","1.0","00:00:15"
"мет техник","Яндекс","1","1","1.0","1.0","00:00:00"
"мет техника","Яндекс","1","1","1.0","1.0","00:00:00"
"мета ижевск официальный сайт","Яндекс","1","1","0.0","1.0","00:00:15"
"метал кобальт купить у производителя","Яндекс","1","1","0.0","1.0","00:00:25"
"метал титан","Яндекс","1","1","0.0","2.0","00:09:48"
"металл вольфрам свойства","Яндекс","1","1","0.0","1.0","00:00:15"
"металл горбот","Яндекс","1","1","0.0","1.0","00:00:16"
"металл из которого делают для бурения породы","Яндекс","1","1","0.0","1.0","00:00:15"
"металл индии стоимост 2020г","Яндекс","1","1","1.0","1.0","00:00:00"
"металл калькулятор жаропрочных сталей","Яндекс","1","1","0.0","1.0","00:00:17"
"металл калькулятор метотехника","Яндекс","1","1","0.0","1.0","00:00:38"
"металл константан","Яндекс","1","1","0.0","1.0","00:00:15"
"металл мельхиор что это за металл","Яндекс","1","1","0.0","1.0","00:00:17"
"металл монель 401 сколько должно быть меди сколько никеля","Яндекс","1","1","0.0","1.0","00:00:16"
"металл ниобий марки","Яндекс","1","1","0.0","1.0","00:00:16"
"металл рейни","Яндекс","1","1","0.0","2.0","00:00:21"
"металл рейни покажите фото что за металл","Яндекс","1","1","0.0","1.0","00:00:15"
"металл рений свойства и применение","Яндекс","1","1","0.0","1.0","00:00:15"
"металл тантал описание","Яндекс","1","1","0.0","1.0","00:00:15"
"металл тантал физико-химические","Яндекс","1","1","0.0","2.0","00:06:41"
"металл титан боится минусовой температуры или нет","Яндекс","1","1","0.0","1.0","00:00:15"
"металл титан марки,производство","Яндекс","1","1","0.0","2.0","00:00:29"
"металл цирконий","Яндекс","1","1","1.0","1.0","00:00:00"
"металл цирконий цена","Яндекс","1","1","0.0","1.0","00:00:15"
"металлический калькулятор metotech","Яндекс","1","1","0.0","1.0","00:00:18"
"металлический калькулятор для проволоки х20н80","Яндекс","1","1","0.0","1.0","00:00:24"
"металлический калькулятор жаропрочный металлопрокат","Яндекс","1","1","0.0","2.0","00:02:09"
"металлический калькулятор никеля","Яндекс","1","1","0.0","1.0","00:00:19"
"металлический калькулятор олово","Яндекс","1","1","0.0","1.0","00:00:25"
"металлобаза титана прайс лист скачать","Яндекс","1","1","0.0","1.0","00:00:16"
"металлокалькулятор олово","Яндекс","1","1","0.0","1.0","00:00:31"
"металлокалькулятор прецизионных сплавов","Яндекс","1","1","0.0","1.0","00:00:22"
"металлокерамика в машиностроении","Яндекс","1","1","0.0","1.0","00:00:15"
"металлокерамические и минералокерамические сплавы","Яндекс","1","1","0.0","1.0","00:00:23"
"металлокерамические твердые сплавы","Яндекс","1","1","0.0","1.0","00:00:27"
"металлоторг подать объявление официальный сайт","Яндекс","1","1","0.0","12.0","00:11:47"
"металлургическая доска объявлений","Яндекс","1","1","1.0","1.0","00:00:01"
"металлургическая компания в москве","Яндекс","1","1","0.0","1.0","00:00:15"
"металлургический портал бесплатных объявлений","Яндекс","1","1","1.0","1.0","00:00:00"
"металлургический способ производства вольфрамового ангидрида","Яндекс","1","1","0.0","2.0","00:09:58"
"металлургия новости ферроникель","Яндекс","1","1","1.0","1.0","00:00:00"
"металлургия циркония","Яндекс","1","1","0.0","1.0","00:00:16"
"металлы в виде порошка","Яндекс","1","1","0.0","1.0","00:00:18"
"металлы котировки инвестинг","Яндекс","1","1","0.0","2.0","00:02:36"
"металлы на бирже названия","Яндекс","1","1","1.0","1.0","00:00:00"
"металлы пригодные для магнитострикции.","Яндекс","1","1","0.0","1.0","00:00:15"
"металя титан","Яндекс","1","1","1.0","1.0","00:00:00"
"метатех","Яндекс","1","1","0.0","2.0","00:00:37"
"метатехник","Яндекс","1","1","0.0","1.0","00:00:26"
"метод порошковой металлургии","Яндекс","1","1","0.0","1.0","00:00:15"
"методика расчета нагревательного элемента из нихромовой проволоки с нагревом до 800 градусов цельсия","Яндекс","1","1","0.0","3.0","00:39:22"
"метотезника","Яндекс","1","1","0.0","1.0","00:01:56"
"метотеника","Яндекс","1","1","0.0","3.0","00:00:41"
"метотех калькулятор","Яндекс","1","1","0.0","1.0","00:00:23"
"метотех официальный сайт","Яндекс","1","1","0.0","6.0","00:03:09"
"метотехника адрес склада","Яндекс","1","1","0.0","1.0","00:00:15"
"метотехника вольфрам","Яндекс","1","1","0.0","5.0","00:21:08"
"метотехника и кварто","Яндекс","1","1","0.0","1.0","00:00:15"
"метотехника калькулятолр","Яндекс","1","1","0.0","1.0","00:00:23"
"метотехника контакты","Яндекс","1","1","0.0","1.0","00:00:15"
"метотехника москв","Яндекс","1","1","0.0","1.0","00:00:22"
"метотехника мтк москва","Яндекс","1","1","0.0","2.0","00:00:21"
"метотехника нпк","Яндекс","1","1","0.0","2.0","00:05:04"
"метотехника трубки капиллярные","Яндекс","1","1","0.0","2.0","00:00:31"
"метотехника цветной","Яндекс","1","1","1.0","1.0","00:00:00"
"метотехнику","Яндекс","1","1","0.0","5.0","00:04:00"
"метотехнкиа","Яндекс","1","1","0.0","1.0","00:00:16"
"метотеч","Яндекс","1","1","0.0","4.0","00:00:33"
"меттехник метал","Яндекс","1","1","0.0","3.0","00:03:53"
"меттехника","Яндекс","1","1","1.0","1.0","00:00:00"
"механизм переводной 1709.000 производство","Яндекс","1","1","1.0","1.0","00:00:00"
"механические свойства титана","Яндекс","1","1","0.0","1.0","00:00:15"
"механические свойства титана все марки","Яндекс","1","1","0.0","1.0","00:00:16"
"механические свойства циркония","Яндекс","1","1","0.0","1.0","00:00:15"
"механические свойства чистого рения","Яндекс","1","1","0.0","1.0","00:00:32"
"механические характеристики сплава ВНЖ","Яндекс","1","1","1.0","1.0","00:00:00"
"мехмарк способы введения в металл","Яндекс","1","1","0.0","1.0","00:00:14"
"микропорошок молибдена","Яндекс","1","1","0.0","1.0","00:00:15"
"микротрубки никель","Яндекс","1","1","0.0","2.0","00:01:44"
"минерал хром","Яндекс","1","1","1.0","1.0","00:00:00"
"миниатюрные проволочные нагреватели до 500 граду/ов цельси в вакууме","Яндекс","1","1","0.0","1.0","00:00:14"
"минимальный радиус изгиба молибденовой проволоки","Яндекс","1","1","0.0","1.0","00:00:15"
"мировая цена вольфрама на лондонской бирже","Яндекс","1","1","1.0","1.0","00:00:00"
"мировая цена золото 15.07.26","Яндекс","1","1","1.0","1.0","00:00:00"
"мировая цена на ванадий","Яндекс","1","1","1.0","1.0","00:00:00"
"мировой цены тантало 29 06 26г сколько стоит","Яндекс","1","1","0.0","2.0","00:00:42"
"мировые цены . на сурьму сегодня.","Яндекс","1","1","0.0","2.0","00:00:13"
"мировые цены .на сурьму.","Яндекс","1","1","1.0","1.0","00:00:00"
"мировые цены на вольфрам лондонской бирже","Яндекс","1","1","0.0","2.0","00:01:01"
"мировые цены на сурьму","Яндекс","1","1","1.0","1.0","00:00:00"
"мировые цены на тугоплавкие металлы","Яндекс","1","1","0.0","2.0","00:02:29"
"мировые цены на цветные. металлы.","Яндекс","1","1","0.0","3.0","00:04:13"
"мировые цены. на цветные металлы.","Яндекс","1","1","0.0","5.0","00:03:19"
"мировые.цены на сурьму сегодня.","Яндекс","1","1","0.0","2.0","00:29:38"
"мировые.цены на цветные. металлы.","Яндекс","1","1","0.0","2.0","00:00:16"
"мишень твч ту 95-2818-2002","Яндекс","1","1","0.0","1.0","00:00:15"
"мл ту 48-19-203-85","Яндекс","1","1","0.0","2.0","00:00:57"
"мн-19 может ли ржаветь","Яндекс","1","1","0.0","1.0","00:00:16"
"мнжмц10-1-1 свойства","Яндекс","1","1","0.0","1.0","00:00:15"
"мнжмц10-1-1 стойкость к морской воде","Яндекс","1","1","0.0","1.0","00:00:16"
"мнмц 55-6-4 полосы","Яндекс","1","1","0.0","2.0","00:00:34"
"многослойное карбидное покрытие 3м101","Яндекс","1","1","0.0","1.0","00:00:18"
"модификатор в металлургии что","Яндекс","1","1","1.0","1.0","00:00:00"
"модификаторы металлургические полевскоы","Яндекс","1","1","1.0","1.0","00:00:00"
"модуль упругости молибдена","Яндекс","1","1","0.0","1.0","00:00:15"
"модуль упругости молибдена мч","Яндекс","1","1","0.0","1.0","00:00:20"
"может ли влиять хим состав проволоки хромель -алюмель на ее электрические параметры при нагреве","Яндекс","1","1","1.0","1.0","00:00:00"
"можно ли использовать в жаропрочных датчиках титан и вольфрам вместе","Яндекс","1","1","0.0","1.0","00:00:16"
"можно ли найти кусок хрома","Яндекс","1","1","0.0","1.0","00:00:38"
"можно ли применять свинцовый анод при гальваническом никелировании","Яндекс","1","1","0.0","1.0","00:00:15"
"молибден Mo технические условия","Яндекс","1","1","1.0","1.0","00:00:01"
"молибден авиация высокотемпературный сплав килограмм","Яндекс","1","1","0.0","2.0","00:00:36"
"молибден авиация высокотемпературный стержень цена килограмм","Яндекс","1","1","0.0","1.0","00:00:25"
"молибден болванки цена","Яндекс","1","1","1.0","1.0","00:00:00"
"молибден в ГОСТе","Яндекс","1","1","1.0","1.0","00:00:00"
"молибден в таблице менделеева отзывы","Яндекс","1","1","0.0","1.0","00:00:15"
"молибден вес калькулятор","Яндекс","1","1","0.0","1.0","00:00:28"
"молибден высокотемпературный авиация сплав килограмм","Яндекс","1","1","0.0","1.0","00:00:25"
"молибден высокотемпературный килограмм контакты производителя","Яндекс","1","1","0.0","2.0","00:01:02"
"молибден высокотемпературный куплю контакты","Яндекс","1","1","0.0","3.0","00:02:01"
"молибден высокотемпературный сплав килограмм","Яндекс","1","1","0.0","1.0","00:00:14"
"молибден где применяется","Яндекс","1","1","1.0","1.0","00:00:00"
"молибден глст","Яндекс","1","1","1.0","1.0","00:00:00"
"молибден как химический элемент","Яндекс","1","1","0.0","1.0","00:02:34"
"молибден катод килограмм скупаю москве","Яндекс","1","1","0.0","3.0","00:01:23"
"молибден килограмм температура сплав цена","Яндекс","1","1","0.0","2.0","00:00:58"
"молибден ковкая температура килограмм сплав цена","Яндекс","1","1","0.0","3.0","00:01:13"
"молибден магнитит","Яндекс","1","1","0.0","1.0","00:00:15"
"молибден металл где применяется","Яндекс","1","1","0.0","1.0","00:00:15"
"молибден металлический в виде штабика 48-19-102-82 маркировка","Яндекс","1","1","1.0","1.0","00:00:00"
"молибден металлический в виде штабика ne 48-19-102-82","Яндекс","1","1","0.0","8.0","00:29:45"
"молибден металлический в виде штабика ту","Яндекс","1","1","0.0","1.0","00:00:51"
"молибден металлический мш-в (штабик)","Яндекс","1","1","0.0","2.0","00:01:23"
"молибден металлический мш-в, светло-серый, 16х16х300, ту 48-19-102-82","Яндекс","1","1","1.0","1.0","00:00:00"
"молибден мч гост","Яндекс","1","1","0.0","12.0","00:12:18"
"молибден мчвп ту гост","Яндекс","1","1","0.0","4.0","00:04:40"
"молибден о3 цена","Яндекс","1","1","1.0","1.0","00:00:00"
"молибден обозначение","Яндекс","1","1","0.0","3.0","00:01:48"
"молибден описание","Яндекс","1","1","0.0","1.0","00:00:15"
"молибден переработка и применение в металлургии","Яндекс","1","1","0.0","3.0","00:02:34"
"молибден порошок гост","Яндекс","1","1","0.0","2.0","00:00:17"
"молибден предел прочности при разных температурах","Яндекс","1","1","0.0","2.0","00:01:13"
"молибден примирение","Яндекс","1","1","0.0","1.0","00:00:15"
"молибден промышленность акции цена летом","Яндекс","1","1","1.0","1.0","00:00:00"
"молибден прочность и тугоплавкость","Яндекс","1","1","0.0","1.0","00:00:14"
"молибден прочность температура килограмм куплю","Яндекс","1","1","0.0","3.0","00:02:32"
"молибден псх","Яндекс","1","1","1.0","1.0","00:00:00"
"молибден редкий металл авиация где применяется","Яндекс","1","1","0.0","2.0","00:00:30"
"молибден редкий металл где применяется","Яндекс","1","1","0.0","4.0","00:01:41"
"молибден редкий металл применение промышленность","Яндекс","1","1","0.0","2.0","00:00:24"
"молибден с питера и молибден с новосибирска","Яндекс","1","1","1.0","1.0","00:00:00"
"молибден сплав авиация прочность цена килограмм","Яндекс","1","1","0.0","2.0","00:00:29"
"молибден способ применения","Яндекс","1","1","0.0","1.0","00:00:14"
"молибден стержень авиация высокотемпературный сплав куплю","Яндекс","1","1","0.0","1.0","00:00:23"
"молибден стержень авиация температурный сплав","Яндекс","1","1","0.0","1.0","00:00:24"
"молибден стержень сплав высокотемпературный применение","Яндекс","1","1","0.0","4.0","00:02:22"
"молибден ту 48-19-102","Яндекс","1","1","0.0","1.0","00:00:25"
"молибден физические свойства","Яндекс","1","1","0.0","1.0","00:00:15"
"молибден фольга","Яндекс","1","1","1.0","1.0","00:00:00"
"молибден характеристика элемента","Яндекс","1","1","0.0","2.0","00:05:59"
"молибден хим состав","Яндекс","1","1","0.0","1.0","00:00:15"
"молибден цена биржа 2020","Яндекс","1","1","0.0","11.0","00:24:31"
"молибден цена за кг","Яндекс","1","1","0.0","1.0","00:00:16"
"молибден чистый марки гост","Яндекс","1","1","0.0","1.0","00:00:15"
"молибден что это такое и для чего он нужен","Яндекс","1","1","0.0","1.0","00:00:15"
"молибден что это такое и для чего он предназначен","Яндекс","1","1","0.0","1.0","00:00:20"
"молибден штабик","Яндекс","1","1","0.0","1.0","00:00:20"
"молибден штабик хим состав","Яндекс","1","1","0.0","1.0","00:00:16"
"молибден электропроводность","Яндекс","1","1","0.0","2.0","00:07:27"
"молибден+применение","Яндекс","1","1","0.0","1.0","00:00:14"
"молибден-рениевая проволока мр-47-вп вес","Яндекс","1","1","0.0","2.0","00:00:57"
"молибден-рениевый сплав жаростойкость","Яндекс","1","1","0.0","1.0","00:00:16"
"молибденистая сталь для нпз для трансферных трубопроводов","Яндекс","1","1","1.0","1.0","00:00:00"
"молибденит высокой чистоты марка мвч бронзового цвета","Яндекс","1","1","1.0","1.0","00:00:00"
"молибденовая полоса мч-2 0,6х6 ту 48-19-272-83","Яндекс","1","1","1.0","1.0","00:00:00"
"молибденовая проволока and навивка","Яндекс","1","1","0.0","1.0","00:00:15"
"молибденовая проволока тсм что это","Яндекс","1","1","0.0","1.0","00:00:15"
"молибденовая руда","Яндекс","1","1","0.0","1.0","00:00:14"
"молибденовая труба бесшовная тонкостенная мч 24х2 мм ту 48-19-251-85","Яндекс","1","1","0.0","2.0","00:00:49"
"молибденовая труба для какого сплава используется","Яндекс","1","1","0.0","1.0","00:00:15"
"молибденовая фольга","Яндекс","1","1","1.0","1.0","00:00:00"
"молибденовые круги","Яндекс","1","1","0.0","3.0","00:02:43"
"молибденовые ленты","Яндекс","1","1","0.0","2.0","00:01:10"
"молибденовые пружины","Яндекс","1","1","0.0","7.0","00:11:00"
"молибденовые трубы","Яндекс","1","1","1.0","1.0","00:00:00"
"молибденовые штабики","Яндекс","1","1","0.0","7.0","00:23:26"
"молибденовый лист описание","Яндекс","1","1","0.0","2.0","00:00:52"
"молибденовый порошок (мпч) ту 48-19-69-80, размер частиц 2-3 мм","Яндекс","1","1","0.0","2.0","00:00:10"
"молибденовый порошок ту","Яндекс","1","1","0.0","1.0","00:00:15"
"молибденовый порошок цена на бирже","Яндекс","1","1","1.0","1.0","00:00:00"
"молибденом","Яндекс","1","1","0.0","1.0","00:00:15"
"молибдентекегосвойства","Яндекс","1","1","0.0","1.0","00:00:15"
"молиблен мч полоса ту48","Яндекс","1","1","0.0","1.0","00:00:15"
"монель 14","Яндекс","1","1","0.0","2.0","00:00:33"
"монель 400 25 мм круг купить в россии","Яндекс","1","1","0.0","1.0","00:00:15"
"монель 400 аналог отечественный","Яндекс","1","1","0.0","1.0","00:00:15"
"монель 400 круг купить","Яндекс","1","1","0.0","1.0","00:00:22"
"монель 400 это цветной сплав","Яндекс","1","1","0.0","1.0","00:00:15"
"монель К-400","Яндекс","1","1","0.0","2.0","00:03:45"
"монель в вакуумной печи для чего","Яндекс","1","1","0.0","1.0","00:00:15"
"монель в сернокислом растворе","Яндекс","1","1","0.0","1.0","00:00:15"
"монель к-400 хим состав","Яндекс","1","1","0.0","1.0","00:00:15"
"монель какая марка","Яндекс","1","1","0.0","1.0","00:00:16"
"монель металл состав","Яндекс","1","1","0.0","1.0","00:00:15"
"монель металл состав сплава гост","Яндекс","1","1","0.0","1.0","00:00:15"
"монель может быть медного цвета?","Яндекс","1","1","0.0","1.0","00:00:15"
"монель производство пермь","Яндекс","1","1","0.0","3.0","00:14:57"
"монель российский аналог","Яндекс","1","1","0.0","1.0","00:00:16"
"монель с костантантом","Яндекс","1","1","1.0","1.0","00:00:00"
"монель свойства","Яндекс","1","1","0.0","5.0","00:20:30"
"монель сигма в","Яндекс","1","1","0.0","2.0","00:00:39"
"монель сплав температура применения","Яндекс","1","1","0.0","1.0","00:00:15"
"монель цена за кг","Яндекс","1","1","0.0","1.0","00:00:15"
"монель что это","Яндекс","1","1","0.0","1.0","00:00:14"
"монель это","Яндекс","1","1","0.0","1.0","00:00:15"
"монель+400+,+размеры+листа","Яндекс","1","1","0.0","1.0","00:00:16"
"монель-металл","Яндекс","1","1","0.0","1.0","00:00:14"
"монель-металл состав","Яндекс","1","1","0.0","2.0","00:27:24"
"монель.","Яндекс","1","1","0.0","1.0","00:00:15"
"мощность кольцевого нагревателя формула","Яндекс","1","1","1.0","1.0","00:00:00"
"мощность спирали от диаметра и длины","Яндекс","1","1","0.0","1.0","00:00:15"
"мощностью 50–70 вт при 24 в какое сопротивление нихрома","Яндекс","1","1","0.0","1.0","00:00:15"
"мр47 проволока ту","Яндекс","1","1","0.0","1.0","00:00:15"
"мр47 сплав","Яндекс","1","1","0.0","1.0","00:00:15"
"мр47 сплав характеристики","Яндекс","1","1","0.0","2.0","00:07:36"
"мтк «метотехника» официальный сайт","Яндекс","1","1","0.0","2.0","00:00:23"
"мтш68","Яндекс","1","1","0.0","1.0","00:00:16"
"мч 24х2 мм ту 48-19-251-85","Яндекс","1","1","1.0","1.0","00:00:00"
"мч 3 яе0.021.057 ту","Яндекс","1","1","0.0","1.0","00:00:15"
"мч молибден калькулятор","Яндекс","1","1","1.0","1.0","00:00:00"
"мч ту 48-19-472-90","Яндекс","1","1","1.0","1.0","00:00:00"
"мч ту48-19-472-90","Яндекс","1","1","0.0","2.0","00:10:33"
"мч-1-а4-200 яе0.021.123 ту","Яндекс","1","1","0.0","1.0","00:00:15"
"мч-2 полоса 0,6","Яндекс","1","1","0.0","1.0","00:00:15"
"мчвп молибден состав","Яндекс","1","1","0.0","1.0","00:00:22"
"мчвп ту 48-19-472-90","Яндекс","1","1","0.0","1.0","00:00:15"
"мчвп характеристики","Яндекс","1","1","0.0","1.0","00:00:19"
"мягко магнитные металлы","Яндекс","1","1","0.0","1.0","00:00:18"
"н0а","Яндекс","1","1","0.0","3.0","00:00:38"
"н65д29ют","Яндекс","1","1","0.0","1.0","00:00:15"
"н65д29ют ту 14-1-3917-85","Яндекс","1","1","0.0","1.0","00:00:16"
"на буравых коронках в паян какой металл для бурения","Яндекс","1","1","0.0","5.0","00:01:53"
"на буровых коронках шарики из чего сделаны","Яндекс","1","1","1.0","1.0","00:00:00"
"на рисунке 1.3 приведены сравнительные диаграммы влияния основных легирующих элементов (mn, si, nb, v) на предел текучести и ударную вязкость низколегированной стали.","Яндекс","1","1","0.0","1.0","00:00:15"
"на сколько востребован титан в порошковом состояние на внутреннем рынке и по какой цене можно продать","Яндекс","1","1","0.0","1.0","00:00:15"
"на сколько подорожал металл в 2020","Яндекс","1","1","1.0","1.0","00:00:00"
"на установленную в вакууме кварцевую подложку происходит осаждение паров тугоплавких материалов. требуется контроль температуры подложки с помощью термопары. подложка съемная. какую термопару и как установить?","Яндекс","1","1","0.0","1.0","00:00:15"
"навески из ванадия","Яндекс","1","1","0.0","1.0","00:00:15"
"нагрев нихромовой проволоки 1.4 диаметр 20 см длины до 500 градусов сила тока","Яндекс","1","1","0.0","1.0","00:00:23"
"нагреватели в муфельной печи какие бывают","Яндекс","1","1","1.0","1.0","00:00:00"
"нагреватели. методика и примеры расчета.статья","Яндекс","1","1","0.0","2.0","00:24:47"
"нагреватель из нихромовой проволоки проектирование","Яндекс","1","1","0.0","1.0","00:00:15"
"нагреватель из нихромовой проволоки своими руками","Яндекс","1","1","0.0","1.0","00:00:17"
"нагреватель нихромовый на температуру 450 градусов расчет","Яндекс","1","1","0.0","1.0","00:00:15"
"нагревательные элементы печи из нихромовой проволоки расчёт","Яндекс","1","1","0.0","1.0","00:00:16"
"нагревательный элемент для электропечи производство","Яндекс","1","1","0.0","1.0","00:00:15"
"нагреть нихромовую проволоку 0,2 мм до 180 градусов","Яндекс","1","1","0.0","1.0","00:00:15"
"найди фирмы, которые скупают канализационные насосы б/у на разборку на запчасти","Яндекс","1","1","1.0","1.0","00:00:00"
"найти сопротивление нихрома","Яндекс","1","1","0.0","2.0","00:02:15"
"найти термин твердые сплавы","Яндекс","1","1","0.0","3.0","00:03:32"
"намотка спиралей из фехраля","Яндекс","1","1","0.0","2.0","00:12:52"
"нанесение гальванических покрытий кобальтом","Яндекс","1","1","0.0","2.0","00:00:48"
"нанесение оловянных покрытий на медные изделия","Яндекс","1","1","0.0","6.0","00:02:57"
"нано материалы порошок","Яндекс","1","1","0.0","1.0","00:00:15"
"нанопорошковые функциональные материалы, применение в спекании","Яндекс","1","1","0.0","1.0","00:00:15"
"наплавка слоя олова на поверхность гальваническим методом","Яндекс","1","1","0.0","1.0","00:00:15"
"направление волокна испытание титана","Яндекс","1","1","0.0","1.0","00:00:14"
"напряжение термопары железо медь","Яндекс","1","1","0.0","1.0","00:00:14"
"нарезка тантала в каких производст используется","Яндекс","1","1","0.0","1.0","00:00:21"
"нафтенат меди кухой купить","Яндекс","1","1","1.0","1.0","00:00:00"
"нб-4 порошок характеристики","Яндекс","1","1","0.0","1.0","00:00:15"
"нб10в5мцу труба","Яндекс","1","1","0.0","2.0","00:00:30"
"не резистор металл","Яндекс","1","1","0.0","1.0","00:00:15"
"негорючий материал для изоляции спирали накаливания влагостойкий","Яндекс","1","1","0.0","1.0","00:00:15"
"неликвиды теплообменников","Яндекс","1","1","1.0","1.0","00:00:00"
"неликвиды ферросплавов","Яндекс","1","1","1.0","1.0","00:00:00"
"необеливая труба нб10 34.7","Яндекс","1","1","0.0","1.0","00:00:15"
"необий","Яндекс","1","1","0.0","1.0","00:00:15"
"необий металл","Яндекс","1","1","0.0","2.0","00:01:05"
"необий металл цена","Яндекс","1","1","0.0","1.0","00:00:19"
"неплавящийся электрод эвл 2 0-175 гост 23949-80 отказное письмо","Яндекс","1","1","0.0","2.0","00:00:50"
"нержавейка труба малибденкалькулятор","Яндекс","1","1","0.0","1.0","00:00:19"
"нержавеющая сталь взаимодействие с химическими веществами справочник","Яндекс","1","1","0.0","1.0","00:00:15"
"нержавеющие металлы","Яндекс","1","1","1.0","1.0","00:00:00"
"нержавеющий тантал марки хром паяный","Яндекс","1","1","1.0","1.0","00:00:00"
"нехром цена","Яндекс","1","1","0.0","1.0","00:00:18"
"нжмц 28-2,5-1,5 твердость поссле термообработки","Яндекс","1","1","0.0","1.0","00:00:15"
"нижнее распределительное устройство (нру) для фипа i 1.4 (нерж","Яндекс","1","1","1.0","1.0","00:00:00"
"никелевая  трубка 4.75 мм. никель","Яндекс","1","1","1.0","1.0","00:00:00"
"никелевая лента гост 2170–73 дпрнм (никелевая лента нв3в 0.13х65 мм гост 2170–73 дпрнм)","Яндекс","1","1","0.0","1.0","00:00:18"
"никелевая лента для точечной сварки технические характеристики и применение","Яндекс","1","1","0.0","1.0","00:00:15"
"никелевая нить","Яндекс","1","1","1.0","1.0","00:00:00"
"никелевая полоса  34.5","Яндекс","1","1","0.0","1.0","00:00:15"
"никелевая проволока производство","Яндекс","1","1","0.0","1.0","00:00:15"
"никелевая фольга 0.1 мкм 170 мм нп2","Яндекс","1","1","1.0","1.0","00:00:00"
"никелево - ренивый сплав лента плющеная 40Н10Р - вакуумной плавки","Яндекс","1","1","1.0","1.0","00:00:00"
"никелево рениевый сплав","Яндекс","1","1","0.0","6.0","00:07:05"
"никелевые аноды калькулятор","Яндекс","1","1","0.0","4.0","00:01:14"
"никелевые аноды производство","Яндекс","1","1","0.0","1.0","00:00:14"
"никелевые трубки","Яндекс","1","1","0.0","1.0","00:00:17"
"никелевый анод","Яндекс","1","1","0.0","1.0","00:00:15"
"никелевый калькулятор \","Яндекс","1","1","0.0","1.0","00:00:24"
"никелевый круг","Яндекс","1","1","0.0","1.0","00:00:15"
"никелевый прайс","Яндекс","1","1","1.0","1.0","00:00:00"
"никелевый пруток резьба","Яндекс","1","1","0.0","1.0","00:00:15"
"никели","Яндекс","1","1","0.0","3.0","00:00:31"
"никелирование вольфрамовой проволокой","Яндекс","1","1","0.0","2.0","00:01:34"
"никелированная полоса 20 мм толщина 0.2 какой ток выдержит","Яндекс","1","1","0.0","1.0","00:00:15"
"никель + металл","Яндекс","1","1","1.0","1.0","00:00:00"
"никель калькулятор","Яндекс","1","1","0.0","1.0","00:00:22"
"никель кальций","Яндекс","1","1","0.0","1.0","00:00:15"
"никель катодный фото","Яндекс","1","1","0.0","1.0","00:00:14"
"никель килограмм промышленность сплав цена","Яндекс","1","1","0.0","1.0","00:00:22"
"никель лента для точечной сварки литиевых аккумуляторов n6 0,15 х 8 мм","Яндекс","1","1","1.0","1.0","00:00:00"
"никель листовой м1 м2 цена","Яндекс","1","1","0.0","1.0","00:00:23"
"никель листовой цена в касса","Яндекс","1","1","0.0","1.0","00:00:23"
"никель листовой цена килограмм касса","Яндекс","1","1","0.0","4.0","00:09:21"
"никель листовой цена килограмм москве","Яндекс","1","1","0.0","2.0","00:02:38"
"никель металл фото","Яндекс","1","1","0.0","1.0","00:00:15"
"никель н2,н3","Яндекс","1","1","0.0","1.0","00:00:15"
"никель нить","Яндекс","1","1","1.0","1.0","00:00:00"
"никель описание химического элемента","Яндекс","1","1","0.0","1.0","00:00:15"
"никель температура плавления","Яндекс","1","1","1.0","1.0","00:00:01"
"никель трубка м2 цена касса","Яндекс","1","1","0.0","3.0","00:01:28"
"никель характеристика","Яндекс","1","1","0.0","1.0","00:00:15"
"никель что это такое ?","Яндекс","1","1","1.0","1.0","00:00:00"
"никель что это такое и что из него делают","Яндекс","1","1","1.0","1.0","00:00:00"
"никель это металл или неметалл","Яндекс","1","1","0.0","1.0","00:00:15"
"никель. физические свойства","Яндекс","1","1","0.0","1.0","00:00:15"
"никеля","Яндекс","1","1","0.0","1.0","00:00:15"
"никиль","Яндекс","1","1","0.0","1.0","00:00:17"
"никобий стоимость","Яндекс","1","1","0.0","1.0","00:00:19"
"ниобиевая фольга","Яндекс","1","1","0.0","1.0","00:00:15"
"ниобиевые ленты","Яндекс","1","1","0.0","5.0","00:03:42"
"ниобиевые листы нб 0,5х1000х1000 ту95.311-75 сертификат соответствия","Яндекс","1","1","0.0","1.0","00:00:15"
"ниобиевые сплавы","Яндекс","1","1","0.0","3.0","00:32:30"
"ниобиевые сплавы купить","Яндекс","1","1","0.0","6.0","00:05:08"
"ниобиевые трубы","Яндекс","1","1","0.0","1.0","00:00:15"
"ниобиевый порошок нб5в2мц производство","Яндекс","1","1","0.0","1.0","00:00:29"
"ниобиевый провод - это","Яндекс","1","1","0.0","3.0","00:00:46"
"ниобий вакуумной обработки в рулоне для чего","Яндекс","1","1","0.0","1.0","00:00:15"
"ниобий и его сплавы, свойства и применение","Яндекс","1","1","0.0","1.0","00:00:14"
"ниобий и тантал","Яндекс","1","1","0.0","2.0","00:01:39"
"ниобий лента нб-1","Яндекс","1","1","0.0","2.0","00:00:42"
"ниобий лист термообработка","Яндекс","1","1","0.0","1.0","00:00:17"
"ниобий металл для чего используется","Яндекс","1","1","0.0","1.0","00:00:15"
"ниобий нб","Яндекс","1","1","1.0","1.0","00:00:00"
"ниобий нбпл-1, полоса 0,1х50","Яндекс","1","1","0.0","5.0","00:01:19"
"ниобий пятиокись","Яндекс","1","1","1.0","1.0","00:00:00"
"ниобий сфера применения","Яндекс","1","1","0.0","1.0","00:00:15"
"ниобий ту","Яндекс","1","1","0.0","9.0","00:01:37"
"ниобий характеристики","Яндекс","1","1","0.0","1.0","00:00:15"
"ниобий цена","Яндекс","1","1","0.0","1.0","00:00:16"
"ниобий это тантал","Яндекс","1","1","0.0","1.0","00:00:15"
"ниодиум элемент табл.менделеева.применение","Яндекс","1","1","0.0","1.0","00:00:16"
"нить алюмель 0,3 мм птн-1100 оа ту 3567-022-66158671-2016","Яндекс","1","1","0.0","1.0","00:00:15"
"нить алюмель 0,3 мм птн-1100 оа ту 3567-022-66158671-2016 - 30 м","Яндекс","1","1","0.0","1.0","00:00:29"
"нить детектора теплопроводности вольфрам-рениевый сплав","Яндекс","1","1","0.0","1.0","00:00:15"
"нить из кобальта","Яндекс","1","1","0.0","1.0","00:00:15"
"нить хромель птн-1100 0Х -0.3","Яндекс","1","1","0.0","1.0","00:00:15"
"нихром в стеклотканевой","Яндекс","1","1","0.0","1.0","00:00:15"
"нихром деловой прокат","Яндекс","1","1","1.0","1.0","00:00:00"
"нихром диаметром 7 мм максимально допустимая нагрузка","Яндекс","1","1","0.0","1.0","00:00:15"
"нихром калькулятор","Яндекс","1","1","1.0","1.0","00:00:00"
"нихром категория металла","Яндекс","1","1","0.0","1.0","00:00:14"
"нихром купить метотехника","Яндекс","1","1","0.0","5.0","00:00:57"
"нихром максимальный ток","Яндекс","1","1","0.0","1.0","00:00:15"
"нихром многожильный из гибких нагревателей марка","Яндекс","1","1","0.0","1.0","00:00:18"
"нихром на складе","Яндекс","1","1","0.0","1.0","00:00:16"
"нихром нить сопротивление","Яндекс","1","1","0.0","1.0","00:00:16"
"нихром предельная поверхностная мощность","Яндекс","1","1","0.0","1.0","00:00:24"
"нихром применение","Яндекс","1","1","1.0","1.0","00:00:00"
"нихром проволока марки","Яндекс","1","1","0.0","1.0","00:00:15"
"нихром пруток калькулятор","Яндекс","1","1","0.0","1.0","00:00:23"
"нихром свойства","Яндекс","1","1","0.0","8.0","00:13:58"
"нихром свойства и применение","Яндекс","1","1","0.0","2.0","00:01:40"
"нихром спирали виды","Яндекс","1","1","0.0","1.0","00:00:15"
"нихром толщина 1 мм ширина 10 мм чем нагреть","Яндекс","1","1","1.0","1.0","00:00:00"
"нихром фехраль как отличить?","Яндекс","1","1","0.0","1.0","00:00:15"
"нихром физические свойства","Яндекс","1","1","1.0","1.0","00:00:00"
"нихром фольга","Яндекс","1","1","0.0","1.0","00:00:15"
"нихром цена","Яндекс","1","1","0.0","1.0","00:00:16"
"нихром чем заизолировать","Яндекс","1","1","0.0","5.0","00:18:31"
"нихрома уд. вес","Яндекс","1","1","0.0","1.0","00:00:15"
"нихромовая лента 0,3 х 1мм 5 метров","Яндекс","1","1","1.0","1.0","00:00:00"
"нихромовая лента температура нагрева","Яндекс","1","1","0.0","1.0","00:00:15"
"нихромовая нить 0 6 для чего","Яндекс","1","1","1.0","1.0","00:00:00"
"нихромовая нить в стеклоткани","Яндекс","1","1","0.0","2.0","00:02:40"
"нихромовая нить какой диаметр нужен для обогревателя","Яндекс","1","1","0.0","1.0","00:00:15"
"нихромовая нить что покупают вместе","Яндекс","1","1","0.0","1.0","00:00:15"
"нихромовая проволока в изоляции","Яндекс","1","1","0.0","5.0","00:07:35"
"нихромовая проволока в нагревателях термопластавтоматов?","Яндекс","1","1","0.0","1.0","00:00:16"
"нихромовая проволока диаметр количество в бухте нихром марка стали","Яндекс","1","1","1.0","1.0","00:00:00"
"нихромовая проволока производство","Яндекс","1","1","0.0","1.0","00:00:15"
"нихромовая проволока пруток производство","Яндекс","1","1","0.0","1.0","00:00:14"
"нихромовая проволока расчет нагревателя","Яндекс","1","1","0.0","1.0","00:00:14"
"нихромовая спираль для плиты сертификат","Яндекс","1","1","0.0","5.0","00:00:45"
"нихромовая спираль для электроплитки какая толщина должна быть","Яндекс","1","1","1.0","1.0","00:00:00"
"нихромовая фольга","Яндекс","1","1","0.0","2.0","00:00:20"
"нихромовый нагреватель для нагрева внутренней поверхности  массивного стального контейнера","Яндекс","1","1","1.0","1.0","00:00:00"
"нм23хю хим состав","Яндекс","1","1","0.0","1.0","00:00:14"
"нм40а лента","Яндекс","1","1","1.0","1.0","00:00:00"
"нмжм ц28-2,5-1,5 свойства","Яндекс","1","1","0.0","1.0","00:00:15"
"нмжмц 28-2,5-1,5 твердость по бринеллю","Яндекс","1","1","0.0","1.0","00:00:15"
"нмжмц 28-2.5-1.5 расшифровка","Яндекс","1","1","0.0","1.0","00:00:15"
"нмжмц28-2,5-1,5 монель состав","Яндекс","1","1","0.0","1.0","00:00:15"
"нмжмц 28-2,5-1,5 температура эксплуатации","Яндекс","1","1","1.0","1.0","00:00:00"
"нмцат-3-1,5-0,6 ту 48-21-284-73","Яндекс","1","1","0.0","1.0","00:00:15"
"нмцатк-3-1,5-0,6","Яндекс","1","1","0.0","1.0","00:00:16"
"новолипецкий металлургический комбинат цены на титан вт1 сегодня в рублях","Яндекс","1","1","0.0","2.0","00:20:40"
"нож ат10709.00.00 гост 5632-72 купить","Яндекс","1","1","1.0","1.0","00:00:00"
"номер ес тантала","Яндекс","1","1","1.0","1.0","00:00:00"
"номер хрома в таблице менделеева","Яндекс","1","1","0.0","2.0","00:00:43"
"нпк метотехника пруток","Яндекс","1","1","0.0","1.0","00:00:14"
"нпк метотехника сайт","Яндекс","1","1","0.0","1.0","00:00:15"
"нпк метотехника санкт-петербург официальный","Яндекс","1","1","1.0","1.0","00:00:00"
"нпк мототехника","Яндекс","1","1","0.0","4.0","00:03:13"
"нсх вр-а1","Яндекс","1","1","0.0","1.0","00:00:15"
"нужны ли сопротивления при подключении нихромовой спирали напрямую к розетке","Яндекс","1","1","0.0","1.0","00:00:15"
"нх9.5","Яндекс","1","1","1.0","1.0","00:00:00"
"нхм9,5 удельное электрическое сопротивление","Яндекс","1","1","0.0","1.0","00:00:15"
"о тантале","Яндекс","1","1","1.0","1.0","00:00:00"
"обезуглероживание феррохрома патенты","Яндекс","1","1","0.0","1.0","00:00:15"
"области применения рения","Яндекс","1","1","0.0","1.0","00:00:15"
"области применения титана и его сплавов","Яндекс","1","1","0.0","1.0","00:00:15"
"область применения вольфрама и его сплавов","Яндекс","1","1","0.0","1.0","00:00:16"
"область применения кобальта","Яндекс","1","1","0.0","1.0","00:00:15"
"обогреватель спиральный для футеровк","Яндекс","1","1","0.0","2.0","00:08:15"
"обозначение вольфрама","Яндекс","1","1","0.0","1.0","00:00:15"
"оборудование для изготовления порошковой металлургии тз вк8","Яндекс","1","1","0.0","3.0","00:00:30"
"оборудование для получения металлических порошков механическим способом","Яндекс","1","1","0.0","1.0","00:00:15"
"обработка проволоки 52к13ф для придания магнитных свойств","Яндекс","1","1","0.0","1.0","00:00:15"
"образец лабораторного регламента получения порошка титана","Яндекс","1","1","0.0","1.0","00:00:15"
"общие стандарты на вольфрам для производства в европе","Яндекс","1","1","0.0","1.0","00:00:15"
"объявления - купим плиты титана вт1-0 дорого","Яндекс","1","1","1.0","1.0","00:00:00"
"объявления metal","Яндекс","1","1","0.0","12.0","00:00:42"
"объявления о потребности в электродах цл-11","Яндекс","1","1","0.0","2.0","00:06:55"
"объявления о продаже металла","Яндекс","1","1","0.0","5.0","00:02:11"
"объявления по ферросплавам","Яндекс","1","1","1.0","1.0","00:00:00"
"объёмный вес концентрат хрома","Яндекс","1","1","0.0","1.0","00:00:16"
"огнеупорная прочная на разрыв проволока","Яндекс","1","1","0.0","1.0","00:00:15"
"огнеупорная сталь цена за кг","Яндекс","1","1","0.0","1.0","00:00:15"
"одовянныее нити","Яндекс","1","1","1.0","1.0","00:00:00"
"окисление нихрома в среде со2","Яндекс","1","1","1.0","1.0","00:00:00"
"окпд 2 на фехралевые нагреватели (спираль из проволоки)","Яндекс","1","1","1.0","1.0","00:00:00"
"окпд 2 сталь калиброванная ту 8560-78 09х16н4б шест","Яндекс","1","1","1.0","1.0","00:00:00"
"окраска луженого металла","Яндекс","1","1","0.0","1.0","00:00:15"
"оксид этелен на бирже котировка на 29.06.2026","Яндекс","1","1","1.0","1.0","00:00:00"
"оксида вольфрама wo3 ту 48-4205-122-2019 с чистотой не менее 99,9% производитель","Яндекс","1","1","0.0","1.0","00:00:15"
"олов","Яндекс","1","1","1.0","1.0","00:00:00"
"олово в сплавах","Яндекс","1","1","0.0","1.0","00:00:17"
"олово для гальванического покрытия","Яндекс","1","1","0.0","1.0","00:00:16"
"олово для горячего лужения","Яндекс","1","1","1.0","1.0","00:00:00"
"олово домики химия","Яндекс","1","1","0.0","3.0","00:02:15"
"олово и хром металл или нет.","Яндекс","1","1","1.0","1.0","00:00:00"
"олово как называется в химии","Яндекс","1","1","0.0","3.0","00:00:48"
"олово купить слиток","Яндекс","1","1","0.0","1.0","00:00:14"
"олово лд50","Яндекс","1","1","1.0","1.0","00:00:00"
"олово нмета ц ена","Яндекс","1","1","0.0","2.0","00:00:19"
"олово общее описание химического элемента","Яндекс","1","1","0.0","2.0","00:21:25"
"олово пищевая химический состав","Яндекс","1","1","0.0","2.0","00:01:21"
"олово сплав состав","Яндекс","1","1","0.0","1.0","00:00:15"
"олово сплавы","Яндекс","1","1","0.0","1.0","00:00:16"
"олово типы и составы","Яндекс","1","1","1.0","1.0","00:00:00"
"олово химические свойства","Яндекс","1","1","0.0","1.0","00:00:15"
"олово чушка производитель","Яндекс","1","1","0.0","2.0","00:28:21"
"олово эп-079 характеристики","Яндекс","1","1","1.0","1.0","00:00:00"
"олово это сплав","Яндекс","1","1","0.0","1.0","00:00:15"
"олово, состав","Яндекс","1","1","0.0","2.0","00:04:37"
"оловянная нить","Яндекс","1","1","1.0","1.0","00:00:00"
"оловянные нити для чего они","Яндекс","1","1","1.0","1.0","00:00:00"
"оловянные нить озон","Яндекс","1","1","0.0","1.0","00:00:19"
"оловянные чушки формы выпуска и марки","Яндекс","1","1","0.0","1.0","00:00:15"
"оловянный припой производитель в россии","Яндекс","1","1","0.0","1.0","00:00:15"
"омт 1 90027","Яндекс","1","1","1.0","1.0","00:00:00"
"онлайн кальеулятор спирали нагревателя","Яндекс","1","1","0.0","1.0","00:00:19"
"онлайн калькулятор металлопроката твердого сплава","Яндекс","1","1","1.0","1.0","00:00:00"
"онлайн калькулятор сплава","Яндекс","1","1","1.0","1.0","00:00:00"
"онлайн калькуляторы для измерения веса цепочки","Яндекс","1","1","0.0","1.0","00:00:15"
"онлайн программа для расчëта серебряных сплавов alloy","Яндекс","1","1","1.0","1.0","00:00:00"
"онлайн расчет горизонтальной спиральной намотки профильной трубы","Яндекс","1","1","0.0","1.0","00:00:14"
"онлайн расчет спирали","Яндекс","1","1","0.0","1.0","00:00:22"
"онлайн расчёт спирали","Яндекс","1","1","0.0","1.0","00:00:23"
"ооо ""метотехника"",","Яндекс","1","1","0.0","1.0","00:00:15"
"ооо ""нпк ""метотехника""","Яндекс","1","1","0.0","2.0","00:00:15"
"ооо «метресурс» осуществляет дорого закупку, переработку и поставку лома черных металлов, производит сложный демонтаж высотных промышленных объектов.","Яндекс","1","1","1.0","1.0","00:00:00"
"ооо «нпк метотехника»","Яндекс","1","1","0.0","1.0","00:00:19"
"ооо метатехника, москва","Яндекс","1","1","0.0","2.0","00:00:37"
"ооо метотех официальный сайт","Яндекс","1","1","0.0","2.0","00:00:12"
"ооо нпк метотехника москва","Яндекс","1","1","1.0","1.0","00:00:00"
"оост 1 90013","Яндекс","1","1","0.0","1.0","00:00:15"
"описание и виды ферросплавов","Яндекс","1","1","0.0","1.0","00:00:15"
"описание какие факторы влияют на погрешность измерения показаний термопарой в печи","Яндекс","1","1","0.0","1.0","00:00:15"
"описание молибдена","Яндекс","1","1","0.0","1.0","00:00:15"
"определение азота и кислорода в ферротитане гост","Яндекс","1","1","0.0","1.0","00:00:15"
"определение и классификация термочувствительных материалов","Яндекс","1","1","0.0","3.0","00:22:31"
"определение параметров электронагревательной спирали из фехраля для термической камеры печи курсовая","Яндекс","1","1","0.0","4.0","00:18:18"
"определить вес оловянной проволоки","Яндекс","1","1","0.0","2.0","00:00:28"
"определить диаметр нагревателя, при напряжении сети u = 220в, мощности р = 8000вт, удельное сопротивление нагревательного элемента ρt = 1,1, допустимая удельная поверхностная мощность β = 4,7∙104","Яндекс","1","1","0.0","1.0","00:00:14"
"оптом титановый сплав ta1 цена","Яндекс","1","1","0.0","1.0","00:00:26"
"основные размеры термопары","Яндекс","1","1","0.0","1.0","00:00:15"
"основные свойсва никеля","Яндекс","1","1","0.0","1.0","00:00:15"
"основные свойства титана","Яндекс","1","1","1.0","1.0","00:00:00"
"основные функции и основные характеристики титана","Яндекс","1","1","0.0","1.0","00:00:15"
"особенности воздействия магнитного поле на плавку прицезионные марки стали","Яндекс","1","1","0.0","3.0","00:03:04"
"особенности мехобработки магнитомягких сплавов","Яндекс","1","1","0.0","1.0","00:00:15"
"ост 1 190013‑81","Яндекс","1","1","0.0","2.0","00:04:14"
"ост 1 90 266","Яндекс","1","1","0.0","2.0","00:03:56"
"ост 1 9000-70 термообработка","Яндекс","1","1","0.0","1.0","00:00:15"
"ост 1 90000-70 штамповки и поковки","Яндекс","1","1","0.0","1.0","00:00:19"
"ост 1 900007","Яндекс","1","1","0.0","2.0","00:02:15"
"ост 1 90002 86 читать","Яндекс","1","1","1.0","1.0","00:00:00"
"ост 1 90002-86 скачать","Яндекс","1","1","0.0","2.0","00:00:33"
"ост 1 90006 pdf","Яндекс","1","1","0.0","1.0","00:00:15"
"ост 1 90006-76","Яндекс","1","1","1.0","1.0","00:00:00"
"ост 1 90006-86 читать","Яндекс","1","1","1.0","1.0","00:00:00"
"ост 1 90013-81 («титаны и титановые сплавы, обрабатываемые давлением. технические условия»).","Яндекс","1","1","0.0","1.0","00:00:14"
"ост 1 90013-81 смотреть онлайн","Яндекс","1","1","0.0","1.0","00:00:18"
"ост 1 90022-71","Яндекс","1","1","1.0","1.0","00:00:00"
"ост 1 90024-94","Яндекс","1","1","0.0","2.0","00:00:21"
"ост 1 90027","Яндекс","1","1","0.0","3.0","00:04:57"
"ост 1 90027-71 статус на 2026 год","Яндекс","1","1","0.0","1.0","00:00:14"
"ост 1 90042-71","Яндекс","1","1","0.0","4.0","00:03:57"
"ост 1 90050-72 скачать","Яндекс","1","1","0.0","1.0","00:00:15"
"ост 1 90065","Яндекс","1","1","0.0","2.0","00:01:33"
"ост 1 90065-72","Яндекс","1","1","0.0","1.0","00:00:15"
"ост 1 90107","Яндекс","1","1","0.0","1.0","00:00:15"
"ост 1 90107-73 сплавы титановые марки","Яндекс","1","1","0.0","3.0","00:11:34"
"ост 1 901107-73","Яндекс","1","1","1.0","1.0","00:00:00"
"ост 1 90145","Яндекс","1","1","1.0","1.0","00:00:00"
"ост 1 90145-74","Яндекс","1","1","0.0","1.0","00:00:15"
"ост 1 90173-75.","Яндекс","1","1","0.0","1.0","00:00:15"
"ост 1 90202-75","Яндекс","1","1","0.0","1.0","00:00:15"
"ост 1 90218","Яндекс","1","1","0.0","2.0","00:18:21"
"ост 1 90218 76","Яндекс","1","1","1.0","1.0","00:00:00"
"ост 1 90218-76 листы из титановых сплавов технические требования","Яндекс","1","1","0.0","4.0","00:11:40"
"ост 1 90266","Яндекс","1","1","0.0","1.0","00:00:15"
"ост 1 90266-86 читать","Яндекс","1","1","0.0","4.0","00:00:34"
"ост 1 92016","Яндекс","1","1","1.0","1.0","00:00:00"
"ост 1 92062-90 «прутки катаные из титановых сплавов. технические условия» не является действующим стандартом","Яндекс","1","1","0.0","1.0","00:00:15"
"ост 1 92062-90м","Яндекс","1","1","0.0","1.0","00:00:16"
"ост 1 99201-75","Яндекс","1","1","0.0","1.0","00:00:15"
"ост 1-90006-86","Яндекс","1","1","1.0","1.0","00:00:00"
"ост 1-90013","Яндекс","1","1","0.0","9.0","00:23:27"
"ост 1-90013-81","Яндекс","1","1","0.0","2.0","00:12:49"
"ост 1-90024-71","Яндекс","1","1","0.0","13.0","00:12:23"
"ост 1-90027-71","Яндекс","1","1","0.0","1.0","00:00:16"
"ост 1-90065","Яндекс","1","1","0.0","1.0","00:00:14"
"ост 1-90173-75 334","Яндекс","1","1","1.0","1.0","00:00:00"
"ост 1-901733-75","Яндекс","1","1","0.0","1.0","00:00:15"
"ост 1-92028","Яндекс","1","1","0.0","4.0","00:02:03"
"ост 1-92062","Яндекс","1","1","0.0","1.0","00:00:15"
"ост 1.90000","Яндекс","1","1","0.0","2.0","00:17:36"
"ост 1.90006-86 заготовки из титановых сплавов для изготовления лопаток. технические требования. 30с.","Яндекс","1","1","0.0","2.0","00:08:46"
"ост 1.90022-71","Яндекс","1","1","0.0","2.0","00:01:26"
"ост 1.90107-23","Яндекс","1","1","0.0","2.0","00:00:23"
"ост 1.90173","Яндекс","1","1","0.0","2.0","00:02:29"
"ост 1.90266-86 о","Яндекс","1","1","0.0","1.0","00:00:15"
"ост 1.92062-90","Яндекс","1","1","0.0","1.0","00:00:15"
"ост 11 021 006 76","Яндекс","1","1","0.0","2.0","00:19:31"
"ост 11 021.005-76","Яндекс","1","1","0.0","1.0","00:00:15"
"ост 190000","Яндекс","1","1","0.0","1.0","00:00:15"
"ост 190013-71","Яндекс","1","1","0.0","1.0","00:00:15"
"ост 190015-77","Яндекс","1","1","0.0","1.0","00:00:15"
"ост 190173-75","Яндекс","1","1","0.0","1.0","00:00:15"
"ост 190173-75 скачать","Яндекс","1","1","1.0","1.0","00:00:00"
"ост 190201","Яндекс","1","1","1.0","1.0","00:00:00"
"ост 190201-75","Яндекс","1","1","0.0","1.0","00:00:15"
"ост 190266-86","Яндекс","1","1","0.0","1.0","00:00:15"
"ост 4 021 027","Яндекс","1","1","0.0","4.0","00:05:26"
"ост 5.9306-78","Яндекс","1","1","1.0","1.0","00:00:00"
"ост 9000","Яндекс","1","1","0.0","1.0","00:00:15"
"ост 90000-70 вт1","Яндекс","1","1","1.0","1.0","00:00:00"
"ост 90006-86","Яндекс","1","1","0.0","1.0","00:00:15"
"ост 90013","Яндекс","1","1","1.0","1.0","00:00:00"
"ост 90107-73","Яндекс","1","1","0.0","1.0","00:00:16"
"ост 90201","Яндекс","1","1","0.0","1.0","00:00:16"
"ост 92062","Яндекс","1","1","0.0","3.0","00:11:40"
"ост  900013  титан","Яндекс","1","1","0.0","1.0","00:00:15"
"ост гост титановые болты","Яндекс","1","1","1.0","1.0","00:00:00"
"ост гост титановых болтов","Яндекс","1","1","0.0","1.0","00:00:15"
"ост калиброванный пруток титан","Яндекс","1","1","0.0","1.0","00:00:15"
"ост на лопатки из титана","Яндекс","1","1","1.0","1.0","00:00:00"
"ост на титан ост 9006","Яндекс","1","1","0.0","2.0","00:00:29"
"ост на штамповки из титановх сплаово","Яндекс","1","1","0.0","1.0","00:00:15"
"ост ост1 90107-73","Яндекс","1","1","0.0","1.0","00:00:21"
"ост отраслевой стандарт титан","Яндекс","1","1","0.0","2.0","00:16:13"
"ост по обработке титана","Яндекс","1","1","1.0","1.0","00:00:00"
"ост титановые трубы","Яндекс","1","1","0.0","2.0","00:02:07"
"ост+1+90000-70","Яндекс","1","1","0.0","1.0","00:00:15"
"ост+1+90013-81+сплавы+титановые+марки","Яндекс","1","1","0.0","1.0","00:00:15"
"ост- 88.00.021.228","Яндекс","1","1","0.0","1.0","00:00:19"
"ост-88.00.021.228","Яндекс","1","1","0.0","1.0","00:00:15"
"ост.1 90015-77","Яндекс","1","1","0.0","1.0","00:00:15"
"ост.190027-71","Яндекс","1","1","0.0","4.0","00:05:12"
"ост1 31244","Яндекс","1","1","0.0","1.0","00:00:15"
"ост1 90000","Яндекс","1","1","1.0","1.0","00:00:00"
"ост1 90006-86","Яндекс","1","1","1.0","1.0","00:00:00"
"ост1 90013-71","Яндекс","1","1","0.0","1.0","00:00:15"
"ост1 9001381","Яндекс","1","1","0.0","1.0","00:00:15"
"ост1 90013—81.","Яндекс","1","1","0.0","1.0","00:00:15"
"ост1 90042-71","Яндекс","1","1","1.0","1.0","00:00:00"
"ост1 90050-72 скачать","Яндекс","1","1","0.0","1.0","00:00:15"
"ост1 90065-72","Яндекс","1","1","0.0","1.0","00:00:19"
"ост1 90107","Яндекс","1","1","0.0","1.0","00:00:15"
"ост1 90107-73","Яндекс","1","1","0.0","1.0","00:00:15"
"ост1 90218","Яндекс","1","1","0.0","2.0","00:02:06"
"ост1 90266-86","Яндекс","1","1","0.0","3.0","00:05:18"
"ост1-90000-70","Яндекс","1","1","0.0","1.0","00:00:15"
"ост1-900000-70","Яндекс","1","1","0.0","1.0","00:00:14"
"ост1-90013","Яндекс","1","1","0.0","1.0","00:00:15"
"ост1-90107-73","Яндекс","1","1","0.0","1.0","00:00:16"
"ост1. 90173-75","Яндекс","1","1","0.0","2.0","00:00:32"
"ост1.90000","Яндекс","1","1","0.0","1.0","00:00:15"
"ост1.90000-70","Яндекс","1","1","0.0","3.0","00:18:38"
"ост1.90013-81 хим состав","Яндекс","1","1","0.0","1.0","00:00:16"
"ост11.021.005","Яндекс","1","1","1.0","1.0","00:00:00"
"ост190013","Яндекс","1","1","0.0","1.0","00:00:15"
"ост190013-81 скачать","Яндекс","1","1","0.0","1.0","00:00:16"
"ост190050-72","Яндекс","1","1","0.0","1.0","00:00:15"
"ост190107-73","Яндекс","1","1","1.0","1.0","00:00:00"
"ост5 9306-78 смотреть","Яндекс","1","1","1.0","1.0","00:00:00"
"ост90050","Яндекс","1","1","1.0","1.0","00:00:00"
"ост90218-78","Яндекс","1","1","0.0","1.0","00:00:14"
"ост 1 90013-81","Яндекс","1","1","0.0","1.0","00:00:15"
"ост 1-90266-86м","Яндекс","1","1","0.0","1.0","00:00:15"
"ост 1 92028‑90","Яндекс","1","1","0.0","2.0","00:09:45"
"от4-0-20x2 ост1 90065-72","Яндекс","1","1","0.0","1.0","00:00:18"
"отвердитель тантал","Яндекс","1","1","0.0","1.0","00:00:18"
"отливные заготовки из хрома металлопрокат","Яндекс","1","1","0.0","1.0","00:00:15"
"отличается ли обычная термопара от термопары wok","Яндекс","1","1","0.0","1.0","00:00:15"
"отличие термопары хромель-алюмель от алюмель-копель. как выбрать","Яндекс","1","1","0.0","1.0","00:00:15"
"панель никеля материалы качество долговечное проверено","Яндекс","1","1","0.0","7.0","00:06:41"
"панч 11 химический состав","Яндекс","1","1","0.0","1.0","00:00:15"
"панч сплав","Яндекс","1","1","0.0","2.0","00:04:52"
"панч-11 проволока сварочная хим состав","Яндекс","1","1","1.0","1.0","00:00:00"
"панч-11 проволока хим состав","Яндекс","1","1","0.0","1.0","00:00:16"
"панч11 скачать pdf","Яндекс","1","1","0.0","2.0","00:00:33"
"паравольфрамат аммония atp стоимость за тонну","Яндекс","1","1","1.0","1.0","00:00:00"
"паравольфрамат аммония биржа","Яндекс","1","1","1.0","1.0","00:00:00"
"паравольфрамат аммония стоимость на бирже","Яндекс","1","1","1.0","1.0","00:00:00"
"паравольфрамат аммония цена в 2023","Яндекс","1","1","1.0","1.0","00:00:00"
"паравольфрамата аммония график цен 2026 август","Яндекс","1","1","1.0","1.0","00:00:00"
"параметры молибдена по сто","Яндекс","1","1","0.0","1.0","00:00:15"
"параметры отжига нихрома в водородной среде","Яндекс","1","1","0.0","1.0","00:00:15"
"паспорт на полосы вольфрамовые неотожженные","Яндекс","1","1","0.0","2.0","00:00:21"
"паспорт полоса вольфрамовая ва 02х200х1000 мм ту 48-19-106-91","Яндекс","1","1","1.0","1.0","00:00:00"
"паспорт термопары т49 хк","Яндекс","1","1","0.0","3.0","00:17:25"
"пастина из вольфрама 100х100х10мм","Яндекс","1","1","0.0","1.0","00:00:17"
"патент ферроникель гранулированный","Яндекс","1","1","0.0","1.0","00:00:15"
"паяный сталь тантал 5 цена за 1 кг","Яндекс","1","1","0.0","1.0","00:00:15"
"паяный тантал сталь синего цвета","Яндекс","1","1","0.0","1.0","00:00:18"
"пвв ту 48-19-72-92","Яндекс","1","1","0.0","1.0","00:00:15"
"пвп титан расшифровка","Яндекс","1","1","0.0","1.0","00:00:26"
"пентаксид ванадия цена на рынке","Яндекс","1","1","0.0","2.0","00:05:18"
"пентансил 6501 твердость","Яндекс","1","1","1.0","1.0","00:00:00"
"пеработка тк вк предприятия в россии","Яндекс","1","1","1.0","1.0","00:00:00"
"перевести проволоку из метров в килограммы фольга оловянная","Яндекс","1","1","1.0","1.0","00:00:00"
"перевод массы одной детали из разных сплавов","Яндекс","1","1","1.0","1.0","00:00:00"
"перекат трубы кто делает","Яндекс","1","1","1.0","1.0","00:00:00"
"пересчет метров проволоки молибденовой МЧ","Яндекс","1","1","0.0","2.0","00:07:27"
"пермаллой обработка резанием","Яндекс","1","1","0.0","1.0","00:00:15"
"печи закалочные технология изготовлени нагревателей","Яндекс","1","1","0.0","1.0","00:00:15"
"печи и камеры сопротивления","Яндекс","1","1","0.0","1.0","00:00:15"
"печи сопротивления принцип работы","Яндекс","1","1","0.0","1.0","00:00:46"
"печь сопротивления простыми словами","Яндекс","1","1","0.0","1.0","00:00:15"
"печь сопротивления схема и описание","Яндекс","1","1","1.0","1.0","00:00:00"
"печь сопротивления эпс-80/1300","Яндекс","1","1","0.0","1.0","00:00:20"
"печь электрокамерная сопротивления из чего состоит","Яндекс","1","1","0.0","1.0","00:00:15"
"печёная бронза","Яндекс","1","1","0.0","1.0","00:00:15"
"пи 1.4.1898-2003","Яндекс","1","1","0.0","1.0","00:00:15"
"пиём жаропрочка","Яндекс","1","1","0.0","1.0","00:00:15"
"пкф ""молибден-рений"" (зеленоград)","Яндекс","1","1","0.0","2.0","00:00:25"
"плавильные печи сопротивления: назначение, классификация, основные характеристики, особенности конструкции и режимов их работы","Яндекс","1","1","0.0","1.0","00:00:14"
"плавление титана","Яндекс","1","1","0.0","1.0","00:00:15"
"пластина вольфрамовая в-мп","Яндекс","1","1","0.0","3.0","00:02:16"
"пластины толщиной 0 1 мм из ванадия","Яндекс","1","1","0.0","1.0","00:00:15"
"платина платинородий или хромель алюминий","Яндекс","1","1","0.0","1.0","00:00:15"
"плита из прецизионных сплавов","Яндекс","1","1","0.0","2.0","00:00:32"
"плиты из феросплава","Яндекс","1","1","1.0","1.0","00:00:00"
"плотность провода птн","Яндекс","1","1","0.0","1.0","00:00:15"
"плотность твердого сплава","Яндекс","1","1","0.0","1.0","00:00:15"
"плотность тока через нихромовую проволоку","Яндекс","1","1","0.0","1.0","00:00:16"
"плотность фехраль","Яндекс","1","1","0.0","1.0","00:00:15"
"победит гост","Яндекс","1","1","0.0","1.0","00:00:16"
"поверхностная мощность нихромовой проволоки","Яндекс","1","1","0.0","1.0","00:00:15"
"повышение жаропрочности какими легирующими элементами","Яндекс","1","1","0.0","1.0","00:00:16"
"погрешность термопары тип B зонда для замера температуры жидкой стали","Яндекс","1","1","0.0","1.0","00:00:14"
"под каким номером кобальт","Яндекс","1","1","0.0","1.0","00:00:15"
"подкладка кб-65 бу купить штуку","Яндекс","1","1","1.0","1.0","00:00:00"
"подкладка р65 продатт как изделие","Яндекс","1","1","1.0","1.0","00:00:00"
"подкосы башмак башмак","Яндекс","1","1","1.0","1.0","00:00:00"
"подовые контактные соединения в печи","Яндекс","1","1","0.0","1.0","00:00:15"
"подогрев из константанта","Яндекс","1","1","0.0","1.0","00:00:18"
"подорожание металла в сентябре 2026","Яндекс","1","1","1.0","1.0","00:00:00"
"покажи настоящую цену за 1 кг кускового ванадия ,а 1500 за 1 кг,то 18000 т.р как орентироваться","Яндекс","1","1","0.0","1.0","00:00:15"
"покажите мне фото рени металл такой","Яндекс","1","1","0.0","1.0","00:00:15"
"поковка титановая ост","Яндекс","1","1","0.0","1.0","00:00:15"
"поковки из вт-i гост","Яндекс","1","1","0.0","1.0","00:00:16"
"покрытие c9 хромовый порошок","Яндекс","1","1","1.0","1.0","00:00:00"
"покрытие cobalt","Яндекс","1","1","0.0","1.0","00:00:16"
"покрытие из олова","Яндекс","1","1","0.0","1.0","00:00:15"
"покрытие монель","Яндекс","1","1","0.0","1.0","00:00:19"
"покрытие оловом латунь гальваническое","Яндекс","1","1","0.0","1.0","00:00:15"
"покрытие оловом металлических","Яндекс","1","1","0.0","1.0","00:00:14"
"покрыть метал оловом гальваническим способом","Яндекс","1","1","0.0","1.0","00:00:15"
"покрыть молибден химическим никелем","Яндекс","1","1","0.0","1.0","00:00:15"
"покупаем катушки из под сварочной проволоки","Яндекс","1","1","1.0","1.0","00:00:00"
"покупаем насосы","Яндекс","1","1","1.0","1.0","00:00:00"
"покупаем слюду","Яндекс","1","1","0.0","6.0","00:02:21"
"покупка отходов кевлара цена","Яндекс","1","1","1.0","1.0","00:00:00"
"полный перечень ферросплавов используемом на производстве стали чугуна алюминия","Яндекс","1","1","1.0","1.0","00:00:00"
"полоса из вольфрама гост","Яндекс","1","1","0.0","2.0","00:00:42"
"полоса мд40-м 2,0 яе0.021.105","Яндекс","1","1","1.0","1.0","00:00:00"
"полоса мд40-м-0,7х16 яе0.021.105 ту","Яндекс","1","1","0.0","1.0","00:00:15"
"полоса мельхиор для дерева","Яндекс","1","1","0.0","1.0","00:00:16"
"полоса мр-47 0,1 предел прочности","Яндекс","1","1","0.0","1.0","00:00:15"
"полоса мч 0,3х850 ту","Яндекс","1","1","0.0","5.0","00:21:50"
"полоса мч ту48-19-472-90","Яндекс","1","1","1.0","1.0","00:00:00"
"полоса нейзильбер 1*40 мм","Яндекс","1","1","1.0","1.0","00:00:00"
"полосы вольфрамовые неотожженные","Яндекс","1","1","1.0","1.0","00:00:00"
"полосы молибденовые ту","Яндекс","1","1","0.0","2.0","00:01:08"
"полосы молибденовые холоднокатаные ту 48-19-315-89","Яндекс","1","1","0.0","1.0","00:00:16"
"полуда это олово","Яндекс","1","1","0.0","1.0","00:00:14"
"получение порошка никеля","Яндекс","1","1","1.0","1.0","00:00:00"
"получение титана в промышленности","Яндекс","1","1","0.0","2.0","00:26:41"
"популярный сплав для сверхпроводящих магнитов","Яндекс","1","1","0.0","1.0","00:00:16"
"пористые материалы в электротехнике","Яндекс","1","1","0.0","1.0","00:00:15"
"пористый фильтр","Яндекс","1","1","0.0","1.0","00:00:15"
"порошки жаропрочных сплавов","Яндекс","1","1","0.0","1.0","00:00:15"
"порошки из каких сплавов подвергаются химической пассивации","Яндекс","1","1","0.0","2.0","00:21:48"
"порошки композитные","Яндекс","1","1","0.0","1.0","00:00:16"
"порошки цветных металлов","Яндекс","1","1","0.0","4.0","00:31:33"
"порошки цветных металлов какие бывают","Яндекс","1","1","0.0","1.0","00:00:15"
"порошковая металлургия методы получения порошков","Яндекс","1","1","0.0","1.0","00:00:15"
"порошковая металлургия приготовления алмазоносной шихты","Яндекс","1","1","1.0","1.0","00:00:00"
"порошковые материалы применение в промышленности","Яндекс","1","1","1.0","1.0","00:00:00"
"порошковые электротехнические материалы","Яндекс","1","1","0.0","1.0","00:00:15"
"порошкообразного концентрата вольфрама где используют","Яндекс","1","1","0.0","1.0","00:00:19"
"порошок re и ta это","Яндекс","1","1","0.0","1.0","00:00:15"
"порошок ticl4 бывает в виде порошка","Яндекс","1","1","0.0","4.0","00:01:41"
"порошок ВА состав","Яндекс","1","1","1.0","1.0","00:00:00"
"порошок вольфрамовый марки какие бывают ва,","Яндекс","1","1","0.0","1.0","00:00:15"
"порошок вчдка пту сколько ложить надо сертификата в ту 70 84","Яндекс","1","1","1.0","1.0","00:00:00"
"порошок молибден текучесть по гост 20899 (gb/t 1482) для 3d принтеров","Яндекс","1","1","0.0","2.0","00:00:38"
"порошок молибдена гсот","Яндекс","1","1","0.0","2.0","00:01:07"
"порошок молибдена что с ним делать","Яндекс","1","1","0.0","1.0","00:00:15"
"порошок никелевый для чего","Яндекс","1","1","0.0","1.0","00:00:15"
"порошок никелевый карбонильный марки пнк-1л5 гост 9722-97","Яндекс","1","1","0.0","3.0","00:04:42"
"порошок ниобия","Яндекс","1","1","1.0","1.0","00:00:00"
"порошок рениевый р-0","Яндекс","1","1","0.0","1.0","00:00:18"
"порошок титановый птф","Яндекс","1","1","0.0","1.0","00:00:15"
"порошок титановый хранение","Яндекс","1","1","0.0","1.0","00:00:16"
"порошок хрома как применять","Яндекс","1","1","0.0","1.0","00:00:16"
"портится ли от воды сплав циркон","Яндекс","1","1","0.0","1.0","00:00:15"
"поставка тантала","Яндекс","1","1","0.0","1.0","00:00:15"
"постоянная мэд для кобальта 9,17*10","Яндекс","1","1","0.0","1.0","00:00:15"
"посчитать вес вольфрама кругляка","Яндекс","1","1","0.0","5.0","00:14:45"
"посчитать вес вольфрамового круга","Яндекс","1","1","1.0","1.0","00:00:00"
"посчитать вольфрам","Яндекс","1","1","0.0","2.0","00:00:25"
"посчитать массу серебряной трубки","Яндекс","1","1","0.0","1.0","00:00:18"
"потенциал мельхиора  в морской воде, как измерить и какая вличина должна быть","Яндекс","1","1","0.0","1.0","00:00:15"
"потенциал мельхиора в морской воде, как измерить и какая величина должна быть","Яндекс","1","1","0.0","1.0","00:00:16"
"потенциал никелирование","Яндекс","1","1","0.0","1.0","00:00:19"
"потеющие материалы","Яндекс","1","1","0.0","1.0","00:00:15"
"потребители жаропрочных сплавы","Яндекс","1","1","0.0","1.0","00:00:10"
"почему аккумуляторы соединяют не медными проводами а никелевой лентой","Яндекс","1","1","0.0","2.0","00:00:23"
"почему в твэл используется цирконий","Яндекс","1","1","0.0","1.0","00:00:15"
"почему для термопар применяют платину и родий","Яндекс","1","1","0.0","1.0","00:00:15"
"почему дорожает ферромолибден","Яндекс","1","1","1.0","1.0","00:00:00"
"почему используют никелевые ленты для сварки аккумуляторов","Яндекс","1","1","0.0","2.0","00:00:33"
"почему нихромовая проволка уменьшила сопротивление","Яндекс","1","1","0.0","1.0","00:00:15"
"почему ржавеет мельхиор","Яндекс","1","1","0.0","1.0","00:00:15"
"почему термопара тха одна на 400 градусов а другая на 800","Яндекс","1","1","0.0","1.0","00:00:14"
"пояется ли константан","Яндекс","1","1","0.0","1.0","00:00:16"
"правильный расчёт мощности нагревателя на 3 фазы","Яндекс","1","1","0.0","1.0","00:02:11"
"прайс лист на титановую продукцию","Яндекс","1","1","0.0","1.0","00:00:15"
"предел прочности молибдена при нагреве","Яндекс","1","1","0.0","1.0","00:00:16"
"предел прочности титановых вплавов","Яндекс","1","1","0.0","1.0","00:00:15"
"предел текучести титанового сплава вт555","Яндекс","1","1","0.0","1.0","00:00:15"
"предельная температура на поверхности спирального нагревателя из нихрома","Яндекс","1","1","0.0","1.0","00:00:15"
"презентация сплавы с регламентируемым температурным коэффициентом линейного расширения.","Яндекс","1","1","0.0","4.0","00:19:52"
"прессованная стружка тантал цена","Яндекс","1","1","0.0","1.0","00:00:14"
"прецизионная сталь","Яндекс","1","1","0.0","1.0","00:00:25"
"прецизионные сплавы из наличия","Яндекс","1","1","0.0","1.0","00:00:16"
"прецизионный сплав","Яндекс","1","1","0.0","10.0","00:03:46"
"прецинзионные сплавы","Яндекс","1","1","0.0","1.0","00:00:15"
"при какой температуре плавится молибен","Яндекс","1","1","0.0","1.0","00:00:15"
"при каком расположении термопары в огне вырабатывается максимальная эдс","Яндекс","1","1","0.0","1.0","00:00:15"
"при хромировании деталь анод или катод?","Яндекс","1","1","0.0","1.0","00:00:15"
"прибор с термопсрой","Яндекс","1","1","0.0","1.0","00:00:17"
"приварка ленты к цилиндрическим аккумуляторам","Яндекс","1","1","0.0","1.0","00:00:15"
"привес при напыления нихром-олова","Яндекс","1","1","0.0","1.0","00:00:15"
"прием щетки для электродвигателей","Яндекс","1","1","1.0","1.0","00:00:00"
"приемке молибденовой проволоки геомет","Яндекс","1","1","0.0","2.0","00:00:47"
"применение колбит","Яндекс","1","1","0.0","3.0","00:00:15"
"применение мельхиора","Яндекс","1","1","0.0","1.0","00:00:16"
"применение олова","Яндекс","1","1","0.0","1.0","00:00:14"
"применение олова материаловедение","Яндекс","1","1","1.0","1.0","00:00:00"
"применение порошка вольфрама","Яндекс","1","1","0.0","2.0","00:01:09"
"применение проволоки вр-20 в промышленности","Яндекс","1","1","0.0","1.0","00:00:15"
"применение прутка из вольфрама","Яндекс","1","1","0.0","1.0","00:00:14"
"применение сплава монель","Яндекс","1","1","0.0","1.0","00:00:15"
"применение тантала в ювелирном деле","Яндекс","1","1","1.0","1.0","00:00:00"
"применение титана в судостроении и химической промышленности","Яндекс","1","1","0.0","1.0","00:00:15"
"применяемый сплав в нагрузочный сопротивлениях","Яндекс","1","1","1.0","1.0","00:00:02"
"применяется ли цирконий в ядерном","Яндекс","1","1","0.0","1.0","00:00:15"
"пример содержания молибдена в продукции","Яндекс","1","1","0.0","1.0","00:00:15"
"приминенме+молибдена","Яндекс","1","1","0.0","1.0","00:00:28"
"принцип работы термопары в титане","Яндекс","1","1","0.0","1.0","00:00:14"
"припайка датчиков температуры в печи","Яндекс","1","1","0.0","1.0","00:00:15"
"припуски на механическую обработку титановых отливок (гост)","Яндекс","1","1","0.0","1.0","00:00:16"
"прицепной бетононасос, cifa pc 709/415 s7 купить","Яндекс","1","1","1.0","1.0","00:00:00"
"причины падения цен в китае на карбонат кобальта","Яндекс","1","1","1.0","1.0","00:00:00"
"про ванадий где применяется конспект","Яндекс","1","1","0.0","2.0","00:00:46"
"про монель металл","Яндекс","1","1","0.0","1.0","00:00:14"
"про цирконий где применяется для урока","Яндекс","1","1","1.0","1.0","00:00:00"
"проблемы при гальваническом лужении медной проволоки","Яндекс","1","1","0.0","1.0","00:00:15"
"провлока ва п л н ту","Яндекс","1","1","0.0","1.0","00:00:15"
"провод из которых состоит термопара 1.4","Яндекс","1","1","0.0","1.0","00:00:19"
"провод константановый параметры","Яндекс","1","1","1.0","1.0","00:00:00"
"провод птн-1100 0х0,3 ту 3567-022-66158671-2016 l=4v","Яндекс","1","1","0.0","1.0","00:00:16"
"провод птн-1100-оа","Яндекс","1","1","1.0","1.0","00:00:00"
"провод птн1100 ох-0,3","Яндекс","1","1","0.0","1.0","00:00:18"
"провод с нихромовой жилой","Яндекс","1","1","0.0","1.0","00:00:15"
"провод хромель алюмель","Яндекс","1","1","0.0","1.0","00:00:17"
"проволка сварочная вт1-00 ост 1 90015-77","Яндекс","1","1","0.0","1.0","00:00:15"
"проволо в-2 ту 48-19-39-85","Яндекс","1","1","0.0","1.0","00:00:15"
"проволока 0,15 х20н80 гост 8803-89","Яндекс","1","1","0.0","1.0","00:00:15"
"проволока 0,6 ту14-1-899-74","Яндекс","1","1","0.0","1.0","00:00:15"
"проволока 0,8 мр-47 ту 48-19-254-91","Яндекс","1","1","0.0","2.0","00:00:22"
"проволока 0.8 мр-47 ту 48-19-254-91","Яндекс","1","1","0.0","1.0","00:00:15"
"проволока 1 мм 12хнкмтю (сп22) ту14-1-3853-84","Яндекс","1","1","0.0","1.0","00:00:16"
"проволока 1,2 сталь 20х13 гост 18143-72","Яндекс","1","1","1.0","1.0","00:00:00"
"проволока 1,5 вт20-2 св ост 1 90015-77","Яндекс","1","1","0.0","1.0","00:00:15"
"проволока МЧ-1-А4-0,05","Яндекс","1","1","0.0","8.0","00:32:57"
"проволока в термопаре","Яндекс","1","1","0.0","1.0","00:00:15"
"проволока внпр-1 ф0,8мм ту 48-4-372-76","Яндекс","1","1","0.0","2.0","00:01:34"
"проволока внпр-1 ф0,8мм ту 48-4-372-76 кто изготавливает","Яндекс","1","1","0.0","1.0","00:00:20"
"проволока вольфрамовая характеристики","Яндекс","1","1","1.0","1.0","00:00:00"
"проволока впрн1 ванадий","Яндекс","1","1","0.0","4.0","00:05:40"
"проволока вр-20 хим состав","Яндекс","1","1","0.0","2.0","00:19:55"
"проволока вр5 вр 20 отличие ту","Яндекс","1","1","0.0","1.0","00:00:15"
"проволока вт-5/вр-20 ту","Яндекс","1","1","0.0","1.0","00:00:15"
"проволока дkphm hп2 γoct 2179-75 метотехника","Яндекс","1","1","0.0","2.0","00:01:15"
"проволока дкрнм 0,5 мнмц 43-0,5 метотехника","Яндекс","1","1","0.0","5.0","00:00:49"
"проволока дкрхм 3,2 нммц43","Яндекс","1","1","0.0","1.0","00:00:15"
"проволока для намотки сопротивлений крановых","Яндекс","1","1","0.0","1.0","00:00:15"
"проволока из ТХА","Яндекс","1","1","0.0","1.0","00:00:15"
"проволока из высоколегированной, жаропростойкой и коррозионностойкой стали диаметр 2,0-тс","Яндекс","1","1","0.0","1.0","00:00:22"
"проволока из кобальто-вольфрамового сплава.","Яндекс","1","1","1.0","1.0","00:00:00"
"проволока из никелевого сплава узбекистана","Яндекс","1","1","0.0","1.0","00:00:15"
"проволока из платины в термопаре где","Яндекс","1","1","0.0","1.0","00:00:14"
"проволока из платины для термопары в каких приборах","Яндекс","1","1","0.0","1.0","00:00:15"
"проволока из рения","Яндекс","1","1","0.0","1.0","00:00:15"
"проволока круг. монельcjcnfd","Яндекс","1","1","0.0","1.0","00:00:15"
"проволока мв 50 что означает","Яндекс","1","1","0.0","1.0","00:00:16"
"проволока мв-м 1,0 яео.021.112 т","Яндекс","1","1","0.0","2.0","00:00:22"
"проволока мв-м 1,0 яео.021.112ту","Яндекс","1","1","0.0","2.0","00:01:52"
"проволока мв-м-1,0 ту11-76 яео.021.112","Яндекс","1","1","1.0","1.0","00:00:00"
"проволока мк 1,2х0,47 ту состав","Яндекс","1","1","0.0","1.0","00:00:15"
"проволока мнмц 40-1,5","Яндекс","1","1","0.0","2.0","00:00:23"
"проволока молибденовая калькулятор веса","Яндекс","1","1","0.0","1.0","00:00:29"
"проволока молибденовая мч-1-а4-0,05 яе0.021.123ту","Яндекс","1","1","0.0","1.0","00:00:16"
"проволока молибденовая перевод метры в килограммы","Яндекс","1","1","0.0","1.0","00:00:58"
"проволока молибденовая прочность","Яндекс","1","1","0.0","1.0","00:00:15"
"проволока монел ту 482114-2007","Яндекс","1","1","0.0","2.0","00:01:49"
"проволока мр-47вп-г что это","Яндекс","1","1","0.0","1.0","00:00:15"
"проволока мч 0.6 ту 48-19-203 сколько метров в бухте?","Яндекс","1","1","0.0","1.0","00:00:15"
"проволока никелевая нп1","Яндекс","1","1","0.0","2.0","00:00:16"
"проволока ниобиевая гост ту ?","Яндекс","1","1","1.0","1.0","00:00:00"
"проволока ниобиевая марка нб-к конденсаторная","Яндекс","1","1","0.0","2.0","00:00:37"
"проволока ниобиевая марки?","Яндекс","1","1","0.0","6.0","00:05:57"
"проволока нихромовая 2 мм калькулятор","Яндекс","1","1","0.0","1.0","00:00:15"
"проволока о2-0,8 ту 48-13-17-93","Яндекс","1","1","0.0","1.0","00:00:29"
"проволока танталовая ту","Яндекс","1","1","0.0","8.0","00:40:31"
"проволока титановая 2мм от 4","Яндекс","1","1","0.0","1.0","00:00:15"
"проволока титановая не сварочная гост","Яндекс","1","1","0.0","8.0","00:08:47"
"проволока тха","Яндекс","1","1","0.0","1.0","00:00:16"
"проволока фехраль 3.5 мм сфера применения","Яндекс","1","1","0.0","1.0","00:00:15"
"проволока циркония механические свойства","Яндекс","1","1","0.0","3.0","00:00:31"
"проволока+вольфрамовая+температура+от+тока","Яндекс","1","1","0.0","1.0","00:00:24"
"проволоки хромель-алюмель","Яндекс","1","1","0.0","1.0","00:00:15"
"проволочный зигзагообразный нагреватель","Яндекс","1","1","0.0","1.0","00:00:15"
"прогноз цен на вольфрам 2026 июль","Яндекс","1","1","1.0","1.0","00:00:00"
"прогноз цены молибден октябрь 2026","Яндекс","1","1","0.0","3.0","00:02:42"
"программа для расчёта лерующих в сплаве","Яндекс","1","1","1.0","1.0","00:00:00"
"продаем цирконий редкие металлы лом россия","Яндекс","1","1","1.0","1.0","00:00:00"
"продаем цирконий хром ванадий редкие металлы лом россия","Яндекс","1","1","1.0","1.0","00:00:00"
"продажа лист г/к s690ql","Яндекс","1","1","0.0","2.0","00:00:21"
"продажа металлопроката обьявления доски","Яндекс","1","1","1.0","1.0","00:00:00"
"продажа ниобия","Яндекс","1","1","0.0","1.0","00:00:17"
"продажа титана в россии","Яндекс","1","1","0.0","1.0","00:00:15"
"продажа хрома","Яндекс","1","1","1.0","1.0","00:00:00"
"продажа.сплава.молнкбен.рений","Яндекс","1","1","1.0","1.0","00:00:00"
"продам мельхиоровые трубы","Яндекс","1","1","0.0","1.0","00:00:15"
"продам нкв 73 с покрытием на 2026 год на 2026 год по хмао","Яндекс","1","1","1.0","1.0","00:00:00"
"продам провод алюмель-хромель б.у.","Яндекс","1","1","0.0","1.0","00:00:14"
"продам слитки сталь х20н80","Яндекс","1","1","0.0","3.0","00:00:29"
"продам титан","Яндекс","1","1","1.0","1.0","00:00:00"
"продам трубу доска объявлений","Яндекс","1","1","0.0","17.0","00:07:10"
"продам трубы восстановленные в перми","Яндекс","1","1","0.0","2.0","00:00:20"
"продам хромовую руду","Яндекс","1","1","1.0","1.0","00:00:00"
"продам шлак алюминиевый д16","Яндекс","1","1","1.0","1.0","00:00:00"
"продать насос грюнфус в петербурге","Яндекс","1","1","1.0","1.0","00:00:00"
"продать насосное оборудование","Яндекс","1","1","1.0","1.0","00:00:00"
"продать теплообменник тюмень","Яндекс","1","1","1.0","1.0","00:00:00"
"продать феррохром","Яндекс","1","1","1.0","1.0","00:00:00"
"продать электропривод belimo","Яндекс","1","1","1.0","1.0","00:00:00"
"производители вольфрамовых прутков","Яндекс","1","1","0.0","1.0","00:00:15"
"производители никелевых анодов в россии","Яндекс","1","1","0.0","1.0","00:00:29"
"производители фрез из материала вк8 и вк6м","Яндекс","1","1","1.0","1.0","00:00:00"
"производитель жилы храмель алюмель","Яндекс","1","1","0.0","4.0","00:01:59"
"производитель провода из вольфрам-рениевого сплава wre - 20","Яндекс","1","1","0.0","1.0","00:00:15"
"производитель титановой фольги в россии","Яндекс","1","1","0.0","1.0","00:00:15"
"производства никелированной ленты","Яндекс","1","1","0.0","1.0","00:00:37"
"производственный процесс производства кобальта","Яндекс","1","1","0.0","6.0","00:05:08"
"производство вольфрамового порошка пнж-90 крупнейшие заводы","Яндекс","1","1","0.0","1.0","00:00:15"
"производство вольфрамовых электродов","Яндекс","1","1","0.0","2.0","00:00:21"
"производство вольфрамовых электродов г","Яндекс","1","1","0.0","1.0","00:00:16"
"производство изделий и материалов методом порошковой металлургии","Яндекс","1","1","0.0","1.0","00:00:15"
"производство изделий из гранул титановых сплавов для использования на море","Яндекс","1","1","1.0","1.0","00:00:00"
"производство изделий порошковой металлургии","Яндекс","1","1","0.0","1.0","00:04:48"
"производство лент нихромовых","Яндекс","1","1","0.0","1.0","00:00:16"
"производство молибдена","Яндекс","1","1","0.0","1.0","00:00:15"
"производство нихром проволоки заводы в россии","Яндекс","1","1","1.0","1.0","00:00:00"
"производство нихрома","Яндекс","1","1","0.0","5.0","00:01:13"
"производство нихрома владимирская область","Яндекс","1","1","1.0","1.0","00:00:00"
"производство нихромовой полосы","Яндекс","1","1","1.0","1.0","00:00:00"
"производство нихромовой проволоки","Яндекс","1","1","0.0","8.0","00:03:09"
"производство оловянных чушек в чувашии","Яндекс","1","1","1.0","1.0","00:00:00"
"производство проволока фехраль на катушки пластиковые к250 в москве","Яндекс","1","1","1.0","1.0","00:00:00"
"производство проволоки из олова на катушках пластиковых 125","Яндекс","1","1","0.0","2.0","00:01:00"
"производство проволоки мельхиор","Яндекс","1","1","0.0","1.0","00:00:16"
"производство спеченных материалов","Яндекс","1","1","0.0","1.0","00:00:14"
"производство сферического молибдена","Яндекс","1","1","0.0","1.0","00:00:15"
"производство титановых листов вт1-0, пт-3в","Яндекс","1","1","0.0","1.0","00:00:15"
"производство фехралевой и никелевой проволоки","Яндекс","1","1","0.0","3.0","00:00:27"
"производство фехрали","Яндекс","1","1","1.0","1.0","00:00:00"
"производство электродов вольфрамовых","Яндекс","1","1","0.0","1.0","00:00:16"
"производят ли одножильный нихромовый провод в изоляционном покрытии","Яндекс","1","1","0.0","3.0","00:01:19"
"прокат из титана технические требования","Яндекс","1","1","1.0","1.0","00:00:00"
"прокатка титана","Яндекс","1","1","0.0","1.0","00:00:14"
"процесс спекания вольфрама кто делает","Яндекс","1","1","0.0","5.0","00:10:29"
"прочность твердых сплавов","Яндекс","1","1","0.0","1.0","00:00:16"
"пружина из монель","Яндекс","1","1","0.0","1.0","00:00:15"
"прут из мено-никелевго сплава диаметр больше 400 мм","Яндекс","1","1","0.0","1.0","00:00:16"
"пруткам танталовым","Яндекс","1","1","0.0","2.0","00:01:13"
"прутки ва ту","Яндекс","1","1","0.0","5.0","00:01:26"
"прутки карбидвольфрама на медной основе концентрации твердых частиц в процентном соотношении (content 65-70% - s221 30-35%) мелкозернистый","Яндекс","1","1","1.0","1.0","00:00:00"
"прутки хромованадиевые","Яндекс","1","1","0.0","1.0","00:00:15"
"прутки цм2а","Яндекс","1","1","0.0","2.0","00:00:12"
"пруток 15мм х20н80","Яндекс","1","1","0.0","1.0","00:00:15"
"пруток 19 350 х нд - i купить в рф","Яндекс","1","1","0.0","1.0","00:00:15"
"пруток 42нхтю ф2 мм","Яндекс","1","1","0.0","2.0","00:03:46"
"пруток nbti 46","Яндекс","1","1","0.0","1.0","00:00:15"
"пруток вольфрама вес","Яндекс","1","1","0.0","1.0","00:00:27"
"пруток вольфрамовый 21 мм врн ту 11-77 (яе0.021.056 ту) купить","Яндекс","1","1","0.0","3.0","00:00:53"
"пруток вольфрамовый ва ту","Яндекс","1","1","0.0","12.0","00:08:26"
"пруток вольфрамовый для нагревательных элементов","Яндекс","1","1","0.0","2.0","00:04:55"
"пруток вольфрамовый используется","Яндекс","1","1","0.0","1.0","00:00:15"
"пруток вольфрамовый лантанир ту48-19-27-88 вл партия 3913 a-23 документы качества","Яндекс","1","1","0.0","8.0","00:44:04"
"пруток вольфрамовый марки в ту48-19-39-95","Яндекс","1","1","0.0","1.0","00:00:15"
"пруток вольфрамовый марки и среды использования","Яндекс","1","1","0.0","1.0","00:00:15"
"пруток вольфрамовый ту","Яндекс","1","1","0.0","1.0","00:00:14"
"пруток врн 24 ту 11-77 яе0,021,056 ту","Яндекс","1","1","0.0","3.0","00:03:53"
"пруток вт22 170 ту1-92-38-75","Яндекс","1","1","0.0","2.0","00:00:22"
"пруток вт9 кр16,5 т/о ост 1.90006-86","Яндекс","1","1","0.0","1.0","00:00:15"
"пруток кованный сплав мч химический состав ту 48-19-247-93","Яндекс","1","1","0.0","1.0","00:00:15"
"пруток кр45 мч ту48-19-203-85","Яндекс","1","1","0.0","1.0","00:00:15"
"пруток мч ту 48-19-203-85","Яндекс","1","1","0.0","2.0","00:00:43"
"пруток никелевый нп3","Яндекс","1","1","0.0","1.0","00:00:22"
"пруток пт-3вм 25х1000 ост 1 92062-90м","Яндекс","1","1","0.0","3.0","00:01:56"
"пруток пт-эвм 25 ост 1 92062-90","Яндекс","1","1","0.0","1.0","00:00:15"
"пруток сви-1 ту 48-19-221-83","Яндекс","1","1","1.0","1.0","00:00:00"
"пруток т-8 ту 11-78","Яндекс","1","1","0.0","2.0","00:01:26"
"пруток танталовый ф10х100 ту 1875-435-00196109-2002","Яндекс","1","1","0.0","3.0","00:07:38"
"пруток хн45ю какое ту","Яндекс","1","1","1.0","1.0","00:00:00"
"псевдосплав мд40 удельный вес. технические характеристики","Яндекс","1","1","0.0","1.0","00:00:15"
"птн 1100","Яндекс","1","1","0.0","1.0","00:09:10"
"птн-1100","Яндекс","1","1","0.0","1.0","00:00:18"
"птн-1100 ха 2х1,5","Яндекс","1","1","1.0","1.0","00:00:00"
"птн1100 он 1х0.2 паспорт","Яндекс","1","1","0.0","5.0","00:16:18"
"пьютер","Яндекс","1","1","0.0","1.0","00:00:16"
"пэны из константовой проволоки","Яндекс","1","1","0.0","1.0","00:00:15"
"рабоксит","Яндекс","1","1","1.0","1.0","00:00:00"
"работа с двухлорным оловом","Яндекс","1","1","0.0","1.0","00:00:15"
"рабочая температура для олова","Яндекс","1","1","0.0","1.0","00:00:15"
"рабочая температура нихромовой проволоки в нагревательном элементе начальника 40 ватт","Яндекс","1","1","0.0","2.0","00:26:37"
"рабочая температура термопары хромель копель","Яндекс","1","1","0.0","1.0","00:00:15"
"размеры фехтвалевой спирали","Яндекс","1","1","0.0","1.0","00:00:15"
"разместить объявление о продаже металлопроката","Яндекс","1","1","0.0","6.0","00:12:02"
"разница в цене ванадий и пентоксид ванадия","Яндекс","1","1","1.0","1.0","00:00:00"
"разновидность вольфрама и цена его","Яндекс","1","1","0.0","1.0","00:00:15"
"раскатка фехрали до фольги","Яндекс","1","1","0.0","1.0","00:00:15"
"расскажите о металле цирконий","Яндекс","1","1","0.0","1.0","00:00:15"
"рассчитать вес анода оловянного","Яндекс","1","1","0.0","1.0","00:00:15"
"рассчитать вес вольфрама по объему","Яндекс","1","1","0.0","1.0","00:00:15"
"рассчитать вес листов мнц","Яндекс","1","1","0.0","1.0","00:00:15"
"рассчитать вес проката вольфрам","Яндекс","1","1","1.0","1.0","00:00:00"
"рассчитать длину молибденового прутка","Яндекс","1","1","0.0","1.0","00:00:27"
"рассчитать объем листа тантала в кг","Яндекс","1","1","0.0","3.0","00:01:20"
"рассчитать сплав калькулятор","Яндекс","1","1","1.0","1.0","00:00:00"
"растет ли проволока в цене июль 2026","Яндекс","1","1","1.0","1.0","00:00:00"
"расчет веса вольфрамовой проволоки","Яндекс","1","1","0.0","1.0","00:00:19"
"расчет веса изделия из монель к500","Яндекс","1","1","0.0","1.0","00:00:15"
"расчет веса металла никелевый сплав","Яндекс","1","1","1.0","1.0","00:00:00"
"расчет веса металла хн77","Яндекс","1","1","0.0","1.0","00:00:39"
"расчет веса металлопрокат хн45","Яндекс","1","1","0.0","1.0","00:00:33"
"расчет веса молибд","Яндекс","1","1","0.0","1.0","00:00:25"
"расчет веса сплав 29нк","Яндекс","1","1","0.0","1.0","00:00:16"
"расчет витков для спиралей для 3 фазной печи онлайн","Яндекс","1","1","0.0","1.0","00:00:15"
"расчет длины нихрома онлайн","Яндекс","1","1","1.0","1.0","00:00:00"
"расчет длины платиновой проволоки для нагревателя мощностью 300 вт","Яндекс","1","1","0.0","2.0","00:23:56"
"расчет длины спирали из нихрома калькулятор","Яндекс","1","1","0.0","3.0","00:08:40"
"расчет количества молибденовых экранов в печь 1500 градусов","Яндекс","1","1","0.0","1.0","00:00:16"
"расчет контактного нагревателя","Яндекс","1","1","0.0","1.0","00:00:15"
"расчет листа жаропрочного","Яндекс","1","1","0.0","1.0","00:00:21"
"расчет массы заготовок из сплава","Яндекс","1","1","0.0","1.0","00:00:25"
"расчет массы круга вольфрама","Яндекс","1","1","0.0","1.0","00:00:30"
"расчет массы круга из жаропрочной стали","Яндекс","1","1","0.0","1.0","00:00:20"
"расчет массы олова калькулятор","Яндекс","1","1","0.0","5.0","00:01:05"
"расчет массы оловянного анода о1","Яндекс","1","1","0.0","2.0","00:03:11"
"расчет массы пролоки храмель","Яндекс","1","1","0.0","1.0","00:00:43"
"расчет массы сплава 2 металлов","Яндекс","1","1","0.0","1.0","00:00:26"
"расчет массы тантала","Яндекс","1","1","0.0","1.0","00:00:16"
"расчет мощности муфельной печи обьемом 9 литров","Яндекс","1","1","0.0","1.0","00:00:15"
"расчет мощности нагревателя из нихрома по диаметру и длине","Яндекс","1","1","0.0","1.0","00:00:15"
"расчет мощности нихромовой проволоки х20 Н60онлайн","Яндекс","1","1","0.0","2.0","00:03:47"
"расчет мощности спирали онлайн","Яндекс","1","1","1.0","1.0","00:00:00"
"расчет мощности электронагревателя камерной печи","Яндекс","1","1","0.0","1.0","00:00:33"
"расчет нагревателей дьяков","Яндекс","1","1","0.0","2.0","00:16:18"
"расчет нагревательного элемента для закалочной печи печи","Яндекс","1","1","0.0","1.0","00:00:15"
"расчет нагревательных элементов нихром","Яндекс","1","1","0.0","1.0","00:00:15"
"расчет нагревателя печи","Яндекс","1","1","0.0","5.0","00:06:08"
"расчет намотки нихрома на паяльник","Яндекс","1","1","0.0","1.0","00:00:15"
"расчет нихромового нагревателя","Яндекс","1","1","0.0","1.0","00:00:17"
"расчет нихромового нагревателя калькулятор","Яндекс","1","1","0.0","1.0","00:00:18"
"расчет нихромовой проволоки для нагревателя онлайн преимущества","Яндекс","1","1","0.0","1.0","00:00:21"
"расчет обогревателя из нихромовой проволоки","Яндекс","1","1","0.0","1.0","00:00:16"
"расчет припоя онлайн","Яндекс","1","1","0.0","1.0","00:00:32"
"расчет прутка фольфрама","Яндекс","1","1","0.0","2.0","00:04:01"
"расчет сопротивления нихромовой ленты онлайн калькулятор","Яндекс","1","1","1.0","1.0","00:00:00"
"расчет спиралей","Яндекс","1","1","1.0","1.0","00:00:00"
"расчет спирали из нихрома для печки","Яндекс","1","1","0.0","1.0","00:00:15"
"расчет спирали печи","Яндекс","1","1","0.0","1.0","00:00:15"
"расчет сплавьв","Яндекс","1","1","1.0","1.0","00:00:00"
"расчет элементов нагрева спирали","Яндекс","1","1","0.0","1.0","00:00:33"
"расчетник металлов","Яндекс","1","1","0.0","1.0","00:00:30"
"расчитать вес анода","Яндекс","1","1","0.0","1.0","00:00:25"
"расчитать вес вальфрамового прутка 40х800мм","Яндекс","1","1","0.0","2.0","00:00:52"
"расчитать вес прутка ниобий титан","Яндекс","1","1","1.0","1.0","00:00:00"
"расчитать вес твердого сплава","Яндекс","1","1","1.0","1.0","00:00:00"
"расчитать мощность спирали","Яндекс","1","1","0.0","1.0","00:00:15"
"расчёт веса листа никеля","Яндекс","1","1","0.0","1.0","00:00:30"
"расчёт длины нихромовой проаолки для нагревательного жлемещ","Яндекс","1","1","0.0","2.0","00:00:31"
"расчёт длины фехралевой проволоки 0.7 мм на температуру нагрева 700 градусов при 220в","Яндекс","1","1","0.0","1.0","00:00:15"
"расчёт массы вольфрама","Яндекс","1","1","0.0","1.0","00:00:31"
"расчёт массы вольфрама калькулятор онлайн","Яндекс","1","1","0.0","1.0","00:00:15"
"расчёт массы прутка 1м из сплава хн70ю","Яндекс","1","1","0.0","1.0","00:00:10"
"расчёт мощности для нагрева проволоик","Яндекс","1","1","0.0","1.0","00:00:16"
"расчёт мощность спирали","Яндекс","1","1","0.0","1.0","00:00:19"
"расчёт мощьности нагревателя для печи онлайн","Яндекс","1","1","0.0","2.0","00:09:57"
"расчёт нагревателя для монитора","Яндекс","1","1","0.0","1.0","00:00:16"
"расчёт нагревателя из нихромовой ленты","Яндекс","1","1","0.0","1.0","00:00:15"
"расчёт нагревателя из нихромовой проволоки","Яндекс","1","1","0.0","1.0","00:00:14"
"расчёт нагревателя из нихромовой проволоки 220 вольт","Яндекс","1","1","0.0","1.0","00:00:17"
"расчёт нагревателя из нихромовой проволоки онлайн соединение треугольник","Яндекс","1","1","0.0","1.0","00:00:15"
"расчёт нагревателям из нихрома","Яндекс","1","1","0.0","1.0","00:00:18"
"расчёт нихрома на 12 вольт","Яндекс","1","1","0.0","1.0","00:00:15"
"расчёт проволоки для печи калькулятор","Яндекс","1","1","0.0","1.0","00:00:42"
"расчёт спиралей закалочной печи по температуре","Яндекс","1","1","0.0","1.0","00:00:15"
"расшифровка цм-2а","Яндекс","1","1","1.0","1.0","00:00:00"
"рвм сплав","Яндекс","1","1","0.0","1.0","00:00:15"
"реальная цена бокситов за тонну","Яндекс","1","1","1.0","1.0","00:00:00"
"реестр ту вольфрама","Яндекс","1","1","1.0","1.0","00:00:00"
"реестр ту на вольфрам","Яндекс","1","1","0.0","1.0","00:00:15"
"режущий инструмент из твердого сплава к-44","Яндекс","1","1","0.0","1.0","00:00:15"
"резистор из нихромовой проволоки","Яндекс","1","1","1.0","1.0","00:00:00"
"резисторы из нихрома","Яндекс","1","1","0.0","1.0","00:00:15"
"рекомендуемые диаметры спералей из фехраля для печей с 1350 гр нагрева","Яндекс","1","1","0.0","1.0","00:02:48"
"ремпутьмашсервис металл претензионные сплавы","Яндекс","1","1","0.0","1.0","00:00:15"
"рениевая проволока и нить","Яндекс","1","1","0.0","1.0","00:00:24"
"рениевый порошок","Яндекс","1","1","0.0","3.0","00:02:15"
"рениит применение","Яндекс","1","1","0.0","1.0","00:00:14"
"рений в таблице менделеева","Яндекс","1","1","0.0","1.0","00:00:15"
"рений где используется","Яндекс","1","1","0.0","1.0","00:00:16"
"рений для чего используется металл","Яндекс","1","1","0.0","1.0","00:00:23"
"рений и вольфрам сплав","Яндекс","1","1","0.0","1.0","00:00:15"
"рений и его применение","Яндекс","1","1","0.0","1.0","00:00:15"
"рений котировка","Яндекс","1","1","0.0","2.0","00:00:52"
"рений лондонская биржа","Яндекс","1","1","1.0","1.0","00:00:00"
"рений металл применение","Яндекс","1","1","0.0","1.0","00:00:17"
"рений проволока","Яндекс","1","1","0.0","8.0","00:14:46"
"рений свойства и применение","Яндекс","1","1","0.0","1.0","00:00:15"
"рений сплав","Яндекс","1","1","0.0","1.0","00:00:19"
"рений температура плавления","Яндекс","1","1","0.0","1.0","00:00:15"
"рений титан сплав","Яндекс","1","1","0.0","6.0","00:11:03"
"рений химический элемент","Яндекс","1","1","0.0","1.0","00:00:15"
"рений цена за 1 грамм в рублях на сегодня на бирже","Яндекс","1","1","0.0","1.0","00:00:15"
"рений цена за кг","Яндекс","1","1","0.0","3.0","00:01:34"
"рений что это","Яндекс","1","1","0.0","1.0","00:00:15"
"рений элемент","Яндекс","1","1","0.0","2.0","00:02:01"
"рений это металл или неметалл","Яндекс","1","1","0.0","1.0","00:00:15"
"ренийсодержащие сплавы","Яндекс","1","1","0.0","2.0","00:00:50"
"ренийсодержащих сплавах","Яндекс","1","1","0.0","7.0","00:05:03"
"рентген вольфрам стекло","Яндекс","1","1","0.0","1.0","00:00:17"
"реферат на тему титан и его сплавы","Яндекс","1","1","0.0","2.0","00:01:23"
"рифленые листы титана","Яндекс","1","1","0.0","1.0","00:00:15"
"родий цена лондонской биржи котировка","Яндекс","1","1","1.0","1.0","00:00:00"
"рост стоимости металла в 2020 график","Яндекс","1","1","0.0","3.0","00:01:59"
"рост цены ферромолибдена форум","Яндекс","1","1","1.0","1.0","00:00:00"
"ротационного обжатия прутков","Яндекс","1","1","0.0","1.0","00:00:15"
"ртуть металлическая, 99.999% min, exw китай (без ндс)","Яндекс","1","1","0.0","2.0","00:07:25"
"руда бокситовая марки вкб купить","Яндекс","1","1","1.0","1.0","00:00:00"
"руда бокситовая марки вкб цена купить","Яндекс","1","1","1.0","1.0","00:00:00"
"рынок проволоки взлетел июль 2026","Яндекс","1","1","1.0","1.0","00:00:00"
"рыночная цена тантала","Яндекс","1","1","0.0","1.0","00:00:18"
"рыночная цена титана вт1-00","Яндекс","1","1","0.0","1.0","00:00:15"
"рэлит твердый сплав карбида вольфрама","Яндекс","1","1","0.0","2.0","00:00:17"
"с каким металлом цирконий э125 сравним по плотности","Яндекс","1","1","1.0","1.0","00:00:00"
"с каких компонентов плавят ферросиликохром","Яндекс","1","1","0.0","1.0","00:00:15"
"с чего делают наконечники для буровых","Яндекс","1","1","0.0","1.0","00:00:15"
"сайт где ты сплавляешь разные металлы","Яндекс","1","1","1.0","1.0","00:00:00"
"сайт для сплавов металлов песочница","Яндекс","1","1","1.0","1.0","00:00:00"
"салициланилид купить","Яндекс","1","1","1.0","1.0","00:00:00"
"самые распространенные порошковые металлы","Яндекс","1","1","0.0","2.0","00:02:28"
"сателлитовая пластина кобальтовая","Яндекс","1","1","0.0","1.0","00:00:15"
"сбт 73 левая спрос","Яндекс","1","1","0.0","4.0","00:01:21"
"сварка фехрали электродом","Яндекс","1","1","0.0","1.0","00:00:15"
"сви-1 круг 6,0 ту48-19-221-83 пруток вольфр.иттрирован.","Яндекс","1","1","1.0","1.0","00:00:00"
"свойства жаропрочных сплавов","Яндекс","1","1","0.0","1.0","00:00:15"
"свойства корпуса часов из металла циркония","Яндекс","1","1","0.0","1.0","00:00:16"
"свойства металла титан","Яндекс","1","1","0.0","1.0","00:00:15"
"свойства молибден марки мд 50","Яндекс","1","1","0.0","1.0","00:00:15"
"свойства молибдена","Яндекс","1","1","0.0","1.0","00:00:14"
"свойства молибдена и его соединений","Яндекс","1","1","1.0","1.0","00:00:00"
"свойства молибдена и его соединений.","Яндекс","1","1","0.0","3.0","00:03:51"
"свойства никелированных труб временное сопротивление и предел текучести","Яндекс","1","1","0.0","1.0","00:00:22"
"свойства никеля","Яндекс","1","1","0.0","2.0","00:00:20"
"свойства олова","Яндекс","1","1","0.0","1.0","00:00:16"
"свойства проволоки вр-20 при разных температурах","Яндекс","1","1","0.0","1.0","00:00:15"
"свойства твердых сплавов","Яндекс","1","1","0.0","1.0","00:00:15"
"свойства твердых сплавов на основе никеля вк6 с никелем","Яндекс","1","1","0.0","1.0","00:00:15"
"свойства титана?","Яндекс","1","1","0.0","1.0","00:00:24"
"свойства характеристика хрома металла","Яндекс","1","1","0.0","1.0","00:00:15"
"свойства хрома для легирования сплава","Яндекс","1","1","0.0","1.0","00:00:15"
"свойства циркония металла","Яндекс","1","1","0.0","4.0","00:04:11"
"свойство вольфрама","Яндекс","1","1","0.0","1.0","00:00:15"
"связь ТКЛР с магнитными свойствами 29НК при отрицательных температурах","Яндекс","1","1","0.0","1.0","00:00:15"
"сдать в тбо кресла пластиковые с трибун стадиона","Яндекс","1","1","1.0","1.0","00:00:00"
"сдать титан цена вт3 1","Яндекс","1","1","1.0","1.0","00:00:00"
"семижильный нихромовый кабель в двойной изоляции купить","Яндекс","1","1","0.0","1.0","00:00:15"
"сера стоимость на лондонской бирже","Яндекс","1","1","1.0","1.0","00:00:00"
"сертификат на титан вт1-0 лист 4 мм скачать","Яндекс","1","1","0.0","1.0","00:00:15"
"сетку фильтровую нмжмц28-2,5-1,5 купить","Яндекс","1","1","1.0","1.0","00:00:00"
"сила тока для нихрома диаметром 2 мм длиной 90 мм","Яндекс","1","1","0.0","1.0","00:00:15"
"силикомарганец 65 mn 17 si внутр рынок кнр стоимость","Яндекс","1","1","1.0","1.0","00:00:00"
"скачать калькулятор металлопроката","Яндекс","1","1","0.0","1.0","00:00:15"
"скачать ост 90024 71","Яндекс","1","1","1.0","1.0","00:00:00"
"скачать ту 3568-011-66158671-2013","Яндекс","1","1","0.0","17.0","00:04:22"
"скачать ту на провод","Яндекс","1","1","0.0","22.0","00:17:55"
"сколько клв потребляет спираль","Яндекс","1","1","0.0","1.0","00:00:16"
"сколько процентов железа в фехраль","Яндекс","1","1","0.0","1.0","00:00:15"
"сколько стоит 1 кг константа","Яндекс","1","1","0.0","1.0","00:00:22"
"сколько стоит 1 кг металлического ниобия?","Яндекс","1","1","0.0","1.0","00:00:17"
"сколько стоит 1 кг рения","Яндекс","1","1","0.0","1.0","00:00:15"
"сколько стоит 1 тонна циркония","Яндекс","1","1","0.0","1.0","00:00:16"
"сколько стоит 500 грамм титана","Яндекс","1","1","1.0","1.0","00:00:00"
"сколько стоит банка 2л с рениевой кислотой сухой порошок","Яндекс","1","1","1.0","1.0","00:00:00"
"сколько стоит в китаи вольфрам в штапиках 9995 9998 в юанях","Яндекс","1","1","0.0","2.0","00:00:36"
"сколько стоит ванадий за 1 кг в рублях на сегодня","Яндекс","1","1","0.0","2.0","00:01:21"
"сколько стоит грамм вольфрама","Яндекс","1","1","1.0","1.0","00:00:00"
"сколько стоит жароупор","Яндекс","1","1","0.0","1.0","00:00:15"
"сколько стоит кг молибдена","Яндекс","1","1","0.0","1.0","00:00:14"
"сколько стоит киллограм фехрали","Яндекс","1","1","0.0","1.0","00:00:15"
"сколько стоит килограмм медно никелевого сплава","Яндекс","1","1","0.0","3.0","00:02:41"
"сколько стоит килограмм тантала","Яндекс","1","1","0.0","1.0","00:00:18"
"сколько стоит килограмм титан","Яндекс","1","1","1.0","1.0","00:00:00"
"сколько стоит килограмм титана в россии","Яндекс","1","1","0.0","1.0","00:00:15"
"сколько стоит килограмм титана в рублях на сегодня в россии","Яндекс","1","1","0.0","1.0","00:00:14"
"сколько стоит килограмм титанового сплава","Яндекс","1","1","1.0","1.0","00:00:00"
"сколько стоит коробка титан","Яндекс","1","1","1.0","1.0","00:00:00"
"сколько стоит лист титана 3000х2000х1","Яндекс","1","1","0.0","1.0","00:00:19"
"сколько стоит мельхиор за грамм","Яндекс","1","1","0.0","1.0","00:00:15"
"сколько стоит металл констант","Яндекс","1","1","1.0","1.0","00:00:00"
"сколько стоит молибден камнями","Яндекс","1","1","0.0","1.0","00:00:15"
"сколько стоит на рынке 1 тонна титана","Яндекс","1","1","0.0","1.0","00:00:17"
"сколько стоит сейчас килограмм нихрома?","Яндекс","1","1","1.0","1.0","00:00:00"
"сколько стоит сплав титана","Яндекс","1","1","0.0","1.0","00:00:15"
"сколько стоит титаг сплсв","Яндекс","1","1","0.0","1.0","00:00:15"
"сколько стоит титан в озоне","Яндекс","1","1","0.0","1.0","00:00:15"
"сколько стоит титан в12","Яндекс","1","1","0.0","3.0","00:02:08"
"сколько стоит титан за 1 кг","Яндекс","1","1","1.0","1.0","00:00:00"
"сколько стоит титан космик","Яндекс","1","1","0.0","2.0","00:01:14"
"сколько стоит титан метал","Яндекс","1","1","0.0","1.0","00:00:15"
"сколько стоит титан металл","Яндекс","1","1","1.0","1.0","00:00:00"
"сколько стоит титан на смт-гроуп ру","Яндекс","1","1","0.0","1.0","00:00:15"
"сколько стоит тонна боксита","Яндекс","1","1","1.0","1.0","00:00:01"
"сколько стоит ферра никель","Яндекс","1","1","0.0","1.0","00:00:15"
"сколько стоит ферровольфрам на самом деле","Яндекс","1","1","0.0","6.0","00:04:13"
"сколько стоит ферроникель в гранулах с отправкой с завода в китай","Яндекс","1","1","1.0","1.0","00:00:00"
"сколько стоит ферросплавы","Яндекс","1","1","0.0","1.0","00:00:16"
"сколько стоит хром ванадий метал","Яндекс","1","1","0.0","1.0","00:00:14"
"сколько стоит цирконий","Яндекс","1","1","0.0","1.0","00:00:17"
"сколько углерода в нихроме","Яндекс","1","1","0.0","1.0","00:00:15"
"сколькр стоит виркониевпя аоронка","Яндекс","1","1","0.0","1.0","00:00:18"
"скупаем рений","Яндекс","1","1","0.0","1.0","00:00:19"
"скупка grundfos wilo","Яндекс","1","1","1.0","1.0","00:00:00"
"скупка бу теплообменников","Яндекс","1","1","1.0","1.0","00:00:00"
"скупка водяных насосов","Яндекс","1","1","1.0","1.0","00:00:00"
"скупка гидромоторов rexroth danfoss","Яндекс","1","1","1.0","1.0","00:00:00"
"скупка графит (электрощетки) новосибирск","Яндекс","1","1","1.0","1.0","00:00:00"
"скупка данфос","Яндекс","1","1","1.0","1.0","00:00:00"
"скупка кабеля в тольятти","Яндекс","1","1","1.0","1.0","00:00:00"
"скупка лом  сталь  15х5м","Яндекс","1","1","1.0","1.0","00:00:00"
"скупка насос grundfos cr5-7 a-a-a-e-hqqe скупка","Яндекс","1","1","1.0","1.0","00:00:00"
"скупка насосов грюнфос бу","Яндекс","1","1","1.0","1.0","00:00:00"
"скупка приводов белимо","Яндекс","1","1","1.0","1.0","00:00:00"
"скупка приводов дымоудаления белимо","Яндекс","1","1","1.0","1.0","00:00:00"
"скупка регуляторов давлен","Яндекс","1","1","1.0","1.0","00:00:00"
"скупка теплообменников","Яндекс","1","1","1.0","1.0","00:00:00"
"скупка электроды ниппели эг-0","Яндекс","1","1","1.0","1.0","00:00:00"
"слав 3м ост1-92062-78","Яндекс","1","1","0.0","1.0","00:00:16"
"слиток олова описание","Яндекс","1","1","0.0","1.0","00:00:15"
"слиток титана продать","Яндекс","1","1","1.0","1.0","00:00:00"
"смесь твердого сплава вк8","Яндекс","1","1","0.0","1.0","00:00:15"
"смесь твердосплавная вк-8 с пластификатором — 16 кг","Яндекс","1","1","0.0","1.0","00:00:16"
"смесь титана и вольфрама","Яндекс","1","1","1.0","1.0","00:00:00"
"смесь циркония, керамики и","Яндекс","1","1","0.0","1.0","00:00:15"
"смк ту 1-805-","Яндекс","1","1","0.0","1.0","00:00:15"
"советские чушки олова разновидности фото","Яндекс","1","1","1.0","1.0","00:00:00"
"современные функциональные материалы","Яндекс","1","1","0.0","1.0","00:00:21"
"содержание кислорода в вольфрамовом штабике для металлургических целей","Яндекс","1","1","0.0","1.0","00:00:18"
"соединения ванадия","Яндекс","1","1","1.0","1.0","00:00:00"
"сопротивление резистивных сплавов","Яндекс","1","1","1.0","1.0","00:00:00"
"сопротивление стержней нихрома","Яндекс","1","1","0.0","1.0","00:00:15"
"сопротивление фехрали","Яндекс","1","1","1.0","1.0","00:00:00"
"сопротивление фехраль","Яндекс","1","1","0.0","1.0","00:00:15"
"сопротивление фехраля","Яндекс","1","1","0.0","1.0","00:00:15"
"сорта титана","Яндекс","1","1","0.0","1.0","00:00:15"
"состав алюмеля","Яндекс","1","1","0.0","1.0","00:00:15"
"состав необия для литейщиков","Яндекс","1","1","1.0","1.0","00:00:00"
"состав по ост 190013-81","Яндекс","1","1","0.0","1.0","00:00:15"
"состав сплава фехраль","Яндекс","1","1","0.0","1.0","00:00:15"
"состав титана металл","Яндекс","1","1","0.0","1.0","00:00:15"
"состав титановых пластин","Яндекс","1","1","0.0","1.0","00:00:15"
"состав+нихром","Яндекс","1","1","0.0","1.0","00:00:15"
"специализированных жаропрочных и коррозионностойких сплавах","Яндекс","1","1","0.0","1.0","00:00:15"
"спеченный вольфрамо-кобальтовый сплав характеристики","Яндекс","1","1","0.0","2.0","00:10:48"
"спечённый порошковый материал марки мк‑5","Яндекс","1","1","1.0","1.0","00:00:00"
"спираль 6 мм нихром 380 сколько метров","Яндекс","1","1","0.0","1.0","00:00:15"
"спираль в18, 16 а500с l=2150","Яндекс","1","1","0.0","1.0","00:00:15"
"спираль диаметром ф37","Яндекс","1","1","1.0","1.0","00:00:00"
"спираль накаливания гост вольфрам","Яндекс","1","1","0.0","1.0","00:00:15"
"спираль фехраль диаметр проволоки расчет мощности калькулятор онлайн","Яндекс","1","1","0.0","1.0","00:00:29"
"спиральная нить для точных приборов","Яндекс","1","1","0.0","2.0","00:00:46"
"сплав 36нхтю5м физические свойства","Яндекс","1","1","0.0","1.0","00:00:16"
"сплав 4604","Яндекс","1","1","0.0","1.0","00:00:15"
"сплав 70нхс купить","Яндекс","1","1","0.0","1.0","00:00:17"
"сплав ауритан","Яндекс","1","1","0.0","1.0","00:00:15"
"сплав в ту48-19-106-91","Яндекс","1","1","0.0","7.0","00:15:47"
"сплав вк10 технические условия","Яндекс","1","1","0.0","1.0","00:00:15"
"сплав вк200","Яндекс","1","1","0.0","1.0","00:00:15"
"сплав врн круги","Яндекс","1","1","0.0","1.0","00:00:15"
"сплав для ролика режущего","Яндекс","1","1","0.0","1.0","00:00:15"
"сплав константан для высоковольтных проводов","Яндекс","1","1","0.0","1.0","00:00:15"
"сплав контал","Яндекс","1","1","0.0","1.0","00:00:15"
"сплав манель","Яндекс","1","1","1.0","1.0","00:00:00"
"сплав металла на буровой картинке?","Яндекс","1","1","0.0","1.0","00:00:24"
"сплав молибдена и рения","Яндекс","1","1","0.0","1.0","00:00:15"
"сплав монель химический состав","Яндекс","1","1","0.0","2.0","00:02:11"
"сплав монель что это","Яндекс","1","1","0.0","1.0","00:00:15"
"сплав монель шестигранник купить","Яндекс","1","1","0.0","1.0","00:00:15"
"сплав мр-473вп химсостав","Яндекс","1","1","0.0","1.0","00:00:15"
"сплав мр-47вп химсостав","Яндекс","1","1","0.0","1.0","00:00:15"
"сплав на буровых коронках","Яндекс","1","1","0.0","1.0","00:00:15"
"сплав на основе железа легированная хромом, кобальтом, молибденом, вольфрамом","Яндекс","1","1","1.0","1.0","00:00:00"
"сплав нм23хю","Яндекс","1","1","0.0","2.0","00:02:46"
"сплав нм40а","Яндекс","1","1","0.0","1.0","00:00:15"
"сплав нм40а удельное сопротивление","Яндекс","1","1","0.0","1.0","00:00:14"
"сплав нх9,5","Яндекс","1","1","0.0","1.0","00:00:15"
"сплав олова сурьма или висмут","Яндекс","1","1","0.0","1.0","00:00:15"
"сплав олова что это такое","Яндекс","1","1","0.0","1.0","00:00:15"
"сплав пьютер состав","Яндекс","1","1","0.0","2.0","00:04:42"
"сплав с буровых начадок","Яндекс","1","1","1.0","1.0","00:00:00"
"сплав содержащий олово","Яндекс","1","1","0.0","1.0","00:00:15"
"сплав тв10","Яндекс","1","1","0.0","4.0","00:10:02"
"сплав титан-ip состав","Яндекс","1","1","0.0","1.0","00:00:15"
"сплав титана стоимость","Яндекс","1","1","0.0","1.0","00:00:15"
"сплав титана цинка и хрома","Яндекс","1","1","0.0","1.0","00:00:15"
"сплав тсм 7 плотность в г","Яндекс","1","1","0.0","1.0","00:00:15"
"сплав тсм расшифровка","Яндекс","1","1","0.0","1.0","00:00:17"
"сплав тсм-7с","Яндекс","1","1","0.0","1.0","00:00:15"
"сплав фер н","Яндекс","1","1","0.0","2.0","00:09:55"
"сплав ферросплавный","Яндекс","1","1","0.0","1.0","00:00:15"
"сплав фехраль это","Яндекс","1","1","1.0","1.0","00:00:00"
"сплав х23ю5т лента термообработка","Яндекс","1","1","0.0","1.0","00:00:15"
"сплав хрома","Яндекс","1","1","0.0","1.0","00:00:16"
"сплав хромель","Яндекс","1","1","0.0","1.0","00:00:22"
"сплав хромель алюмель хим состав","Яндекс","1","1","0.0","1.0","00:00:15"
"сплав циркон","Яндекс","1","1","0.0","1.0","00:00:15"
"сплав циркония для каналов реактора","Яндекс","1","1","0.0","1.0","00:00:15"
"сплав цм-10 вд","Яндекс","1","1","0.0","1.0","00:00:15"
"сплав цна цирконий-никель-алюминий","Яндекс","1","1","1.0","1.0","00:00:00"
"сплав+на+основе+олова","Яндекс","1","1","0.0","1.0","00:00:19"
"сплав+эи437б+проволока+свойства+","Яндекс","1","1","0.0","1.0","00:00:15"
"сплавы вольфрам-никель железо виды","Яндекс","1","1","0.0","1.0","00:00:15"
"сплавы высокого сопротивления","Яндекс","1","1","0.0","1.0","00:00:15"
"сплавы для элементов сопротивления и реостатов","Яндекс","1","1","0.0","1.0","00:17:10"
"сплавы железо хром","Яндекс","1","1","0.0","1.0","00:00:15"
"сплавы из олова","Яндекс","1","1","0.0","1.0","00:00:15"
"сплавы на основе железа 70 и ванадия кобальта хрома и вольфрама","Яндекс","1","1","0.0","1.0","00:00:16"
"сплавы на основе кобальта цена","Яндекс","1","1","0.0","1.0","00:00:15"
"сплавы на основе олова","Яндекс","1","1","1.0","1.0","00:00:00"
"сплавы на основе рения","Яндекс","1","1","0.0","1.0","00:00:15"
"сплавы олова примеры и их состав","Яндекс","1","1","0.0","1.0","00:00:14"
"сплавы с оловом","Яндекс","1","1","0.0","1.0","00:00:18"
"сплавы с рением","Яндекс","1","1","0.0","1.0","00:02:37"
"сплавы с самым высоким показателем электрического сопротивления","Яндекс","1","1","0.0","1.0","00:00:15"
"сплавы титана","Яндекс","1","1","0.0","1.0","00:00:15"
"сплавы титана примеры","Яндекс","1","1","0.0","1.0","00:00:15"
"способ изготовления замедлителя ядерного реактора на основе гидрида цирконияао ""вниинм""","Яндекс","1","1","0.0","1.0","00:00:15"
"способы получения дроби титана","Яндекс","1","1","0.0","1.0","00:00:15"
"спот стоимость сурьмы в рф","Яндекс","1","1","1.0","1.0","00:00:00"
"справка о стоимости кобальта","Яндекс","1","1","0.0","1.0","00:00:15"
"справочник твердых сплавов","Яндекс","1","1","0.0","2.0","00:00:10"
"спрос на проволоку 36нхтю ф 2 мм","Яндекс","1","1","0.0","1.0","00:00:16"
"спрос поковка ст.34хн1ма","Яндекс","1","1","1.0","1.0","00:00:00"
"спрос теплообменников бу","Яндекс","1","1","1.0","1.0","00:00:00"
"спрос труба нержавеющая г.москва","Яндекс","1","1","0.0","2.0","00:00:32"
"спрос цветного металла доска объявлений","Яндекс","1","1","0.0","13.0","00:04:05"
"сравнение проволок х20н80-н и х23ю5т по характеристикам для расчета нагревателей","Яндекс","1","1","0.0","1.0","00:00:15"
"среднее арифметическое значение официально публикуемых котировок лондонской биржи на 13 июля 2026 года","Яндекс","1","1","1.0","1.0","00:00:00"
"средняя стоимость меди январь 2025 года лондонская биржа","Яндекс","1","1","1.0","1.0","00:00:00"
"сренднегодовая цена 2025 концентрат 65% wo₃ (китай)","Яндекс","1","1","1.0","1.0","00:00:00"
"срок годности бентопорошка модифицированный натриевый альбрехта-mv","Яндекс","1","1","1.0","1.0","00:00:00"
"срок службы электрических нагревателей из нихрома при температуре более 1000 градусов","Яндекс","1","1","0.0","1.0","00:00:15"
"сталь 110г13л купить лист","Яндекс","1","1","1.0","1.0","00:00:00"
"сталь 38х2мюа","Яндекс","1","1","1.0","1.0","00:00:00"
"сталь 40хню ви","Яндекс","1","1","0.0","3.0","00:06:32"
"сталь 45 нхт","Яндекс","1","1","0.0","1.0","00:00:14"
"сталь 45х2нмфба","Яндекс","1","1","1.0","1.0","00:00:00"
"сталь 96 состав","Яндекс","1","1","1.0","1.0","00:00:00"
"сталь ТБ-1353","Яндекс","1","1","0.0","1.0","00:00:15"
"сталь бтвт 450","Яндекс","1","1","1.0","1.0","00:00:00"
"сталь монель 400","Яндекс","1","1","0.0","1.0","00:00:15"
"сталь монель характеристика где применяется","Яндекс","1","1","1.0","1.0","00:00:00"
"сталь на лондонской бирже химки","Яндекс","1","1","1.0","1.0","00:00:00"
"сталь с танталом","Яндекс","1","1","0.0","3.0","00:00:59"
"сталь эк41","Яндекс","1","1","1.0","1.0","00:00:00"
"сталь эп 44 стоимость","Яндекс","1","1","1.0","1.0","00:00:00"
"стан для производства анодов","Яндекс","1","1","0.0","1.0","00:00:14"
"статьи литье жаропрочных сталей и сплавов","Яндекс","1","1","0.0","25.0","00:14:02"
"статьи металл","Яндекс","1","1","0.0","1.0","00:00:14"
"статьи про металлы","Яндекс","1","1","0.0","1.0","00:00:15"
"статьи. литью жаропрочных сталей и сплавов.","Яндекс","1","1","0.0","1.0","00:00:15"
"стационарный потенциал мельхиора мнжмц30-1-1","Яндекс","1","1","0.0","1.0","00:00:15"
"степень окисления у молибдена moo4","Яндекс","1","1","0.0","1.0","00:00:23"
"стержни нихромовые","Яндекс","1","1","0.0","3.0","00:04:56"
"сто производят из молибдена","Яндекс","1","1","0.0","1.0","00:00:15"
"стоимость 1 тонны титана на рынке","Яндекс","1","1","0.0","2.0","00:00:34"
"стоимость 1т труб из мельхиора в советское время","Яндекс","1","1","0.0","1.0","00:00:24"
"стоимость ванадия за 1 кг биржа в рублях","Яндекс","1","1","1.0","1.0","00:00:00"
"стоимость ванадия лме","Яндекс","1","1","1.0","1.0","00:00:00"
"стоимость ванадия на бирже","Яндекс","1","1","1.0","1.0","00:00:00"
"стоимость висмута в 2023","Яндекс","1","1","0.0","3.0","00:00:58"
"стоимость вольврама в январе 2025 г","Яндекс","1","1","0.0","2.0","00:00:25"
"стоимость вольфрам на бирже","Яндекс","1","1","0.0","7.0","00:02:54"
"стоимость вольфрама в 2019 году","Яндекс","1","1","1.0","1.0","00:00:00"
"стоимость вольфрама в 2026 график","Яндекс","1","1","1.0","1.0","00:00:00"
"стоимость вольфрама в августе 2026","Яндекс","1","1","1.0","1.0","00:00:00"
"стоимость вольфрама в китае","Яндекс","1","1","1.0","1.0","00:00:00"
"стоимость вольфрама и молибдена в долларах","Яндекс","1","1","1.0","1.0","00:00:00"
"стоимость вольфрама и молибдена на лондонской бирже","Яндекс","1","1","0.0","2.0","00:01:19"
"стоимость вольфрама март 2025 мировой рынок","Яндекс","1","1","0.0","2.0","00:01:35"
"стоимость вольфрама на бирже","Яндекс","1","1","1.0","1.0","00:00:00"
"стоимость вольфрама на бирже в китае","Яндекс","1","1","1.0","1.0","00:00:00"
"стоимость вольфрама на бирже на февраль 2025 г года","Яндекс","1","1","1.0","1.0","00:00:00"
"стоимость золота на лондонской бирже на сегодня 26,06,20026","Яндекс","1","1","1.0","1.0","00:00:00"
"стоимость кобальта на сегодня","Яндекс","1","1","1.0","1.0","00:00:00"
"стоимость марганца за тонну на бирже","Яндекс","1","1","1.0","1.0","00:00:00"
"стоимость меди на 13 февраля 2024 года","Яндекс","1","1","1.0","1.0","00:00:00"
"стоимость меди на апрель 2026 год","Яндекс","1","1","1.0","1.0","00:00:00"
"стоимость меди на бирже 15.07.2025","Яндекс","1","1","0.0","2.0","00:00:52"
"стоимость металла 2020","Яндекс","1","1","1.0","1.0","00:00:00"
"стоимость металла в 2026 году на бирже","Яндекс","1","1","1.0","1.0","00:00:00"
"стоимость металла в июле 2026","Яндекс","1","1","1.0","1.0","00:00:00"
"стоимость металла константа","Яндекс","1","1","0.0","2.0","00:01:24"
"стоимость металла на лондонской бирже","Яндекс","1","1","1.0","1.0","00:00:00"
"стоимость металла тантала в русских рублях","Яндекс","1","1","0.0","1.0","00:00:19"
"стоимость металлов на европейском рынке","Яндекс","1","1","1.0","1.0","00:00:00"
"стоимость металургии чёрного и цветного металла на бирже","Яндекс","1","1","1.0","1.0","00:00:00"
"стоимость молибдена на международных рынках в сентябре 2026","Яндекс","1","1","1.0","1.0","00:00:00"
"стоимость никелевого порошка на бирже","Яндекс","1","1","1.0","1.0","00:00:00"
"стоимость никеля на лондонской бирже","Яндекс","1","1","1.0","1.0","00:00:00"
"стоимость нихрома на бирже","Яндекс","1","1","1.0","1.0","00:00:00"
"стоимость нихрома на мировых биржах","Яндекс","1","1","0.0","3.0","00:05:51"
"стоимость олова июнь 2026","Яндекс","1","1","1.0","1.0","00:00:00"
"стоимость палладия июнь 2024 на лондонской бирже","Яндекс","1","1","1.0","1.0","00:00:00"
"стоимость прутьев из молибдена","Яндекс","1","1","0.0","2.0","00:02:22"
"стоимость рения на бирже","Яндекс","1","1","1.0","1.0","00:00:00"
"стоимость рлс ниобий","Яндекс","1","1","0.0","2.0","00:00:36"
"стоимость серебра на бирже 31.10.25","Яндекс","1","1","0.0","21.0","00:20:48"
"стоимость стали на бирже динамика 2021","Яндекс","1","1","1.0","1.0","00:00:00"
"стоимость сурьмы в европе 2026","Яндекс","1","1","1.0","1.0","00:00:00"
"стоимость сурьмы график","Яндекс","1","1","1.0","1.0","00:00:00"
"стоимость сурьмы на лондонской бирже металлов","Яндекс","1","1","1.0","1.0","00:00:00"
"стоимость тантала на лондонской биржи металлов","Яндекс","1","1","0.0","3.0","00:01:34"
"стоимость титан","Яндекс","1","1","1.0","1.0","00:00:00"
"стоимость титан или тантал","Яндекс","1","1","0.0","1.0","00:00:15"
"стоимость титана за 1 кг на lme 23 июня","Яндекс","1","1","1.0","1.0","00:00:00"
"стоимость титана за тонну труба","Яндекс","1","1","0.0","5.0","00:01:52"
"стоимость титана на бирже","Яндекс","1","1","1.0","1.0","00:00:01"
"стоимость тоннв бокситов для алюминия","Яндекс","1","1","1.0","1.0","00:00:00"
"стоимость тонны боксита","Яндекс","1","1","1.0","1.0","00:00:00"
"стоимость тонны титина","Яндекс","1","1","0.0","1.0","00:00:15"
"стоимость фера сплава в семнадцати процентном содержании никеля","Яндекс","1","1","0.0","1.0","00:00:15"
"стоимость феросплава ванадия и ниоби","Яндекс","1","1","0.0","2.0","00:00:22"
"стоимость ферровольфрама цены на 2026 помесячно","Яндекс","1","1","1.0","1.0","00:00:00"
"стоимость ферромарганца на бирже","Яндекс","1","1","0.0","3.0","00:14:41"
"стоимость ферросплавов в китае","Яндекс","1","1","0.0","4.0","00:09:41"
"стоимость ферротитана на бирже","Яндекс","1","1","0.0","2.0","00:00:37"
"стоимость фирос сплава семнадцатипроцентного","Яндекс","1","1","0.0","1.0","00:00:15"
"стоимость хрома на мировой бирже","Яндекс","1","1","1.0","1.0","00:00:01"
"стоимость хрома октябрь 2024 г","Яндекс","1","1","1.0","1.0","00:00:01"
"стоимость циркония","Яндекс","1","1","0.0","1.0","00:00:18"
"стоимость циркония на рынке","Яндекс","1","1","0.0","1.0","00:00:15"
"стоимость черного металла график 2026","Яндекс","1","1","0.0","3.0","00:01:13"
"стоимость. сурьмы. сегодня. на бирже","Яндекс","1","1","0.0","2.0","00:01:05"
"стоимоть никеля на бирже 18.03.2026","Яндекс","1","1","0.0","2.0","00:00:23"
"стойкость покрытия монель в сероводороде","Яндекс","1","1","0.0","1.0","00:00:19"
"стыковая сварка алюмеля и хромеля","Яндекс","1","1","1.0","1.0","00:00:00"
"стёкла из циркония заказать","Яндекс","1","1","0.0","1.0","00:00:17"
"су0.021.016","Яндекс","1","1","0.0","1.0","00:00:15"
"суо.021.142 ту скачать","Яндекс","1","1","0.0","1.0","00:00:15"
"суперфехраль gs sy диаметр 1.8 рассчитать нагреватель на 1350 градусов ,230 вольт 3.6 квт","Яндекс","1","1","0.0","4.0","00:05:16"
"сурьма цена на бирже","Яндекс","1","1","1.0","1.0","00:00:00"
"сфера применения танталового листа","Яндекс","1","1","0.0","1.0","00:00:15"
"сферический литой карбид вольфрама","Яндекс","1","1","0.0","1.0","00:00:17"
"схема порошковой металлургии","Яндекс","1","1","0.0","1.0","00:00:15"
"сырье для производства фольфрама","Яндекс","1","1","0.0","1.0","00:00:15"
"сырья для изготовления различных карбидов","Яндекс","1","1","0.0","1.0","00:00:14"
"т тмк термопара это","Яндекс","1","1","0.0","2.0","00:05:00"
"та1 марка титана в пищевой промышленности","Яндекс","1","1","0.0","1.0","00:00:15"
"таблица магнитомягких","Яндекс","1","1","0.0","2.0","00:09:25"
"таблица нсх вр","Яндекс","1","1","0.0","1.0","00:00:15"
"табочая температура 16х-ви","Яндекс","1","1","0.0","1.0","00:00:15"
"тав 10 сплав механические свойства","Яндекс","1","1","0.0","1.0","00:00:15"
"таердый сплав","Яндекс","1","1","1.0","1.0","00:00:00"
"танатал","Яндекс","1","1","0.0","1.0","00:00:15"
"танаталовый пруток производство","Яндекс","1","1","0.0","3.0","00:02:39"
"танковая броня купить листы","Яндекс","1","1","1.0","1.0","00:00:00"
"тантал lme","Яндекс","1","1","1.0","1.0","00:00:00"
"тантал гсот","Яндекс","1","1","0.0","1.0","00:00:15"
"тантал для производства ювелирных украшений","Яндекс","1","1","0.0","1.0","00:00:16"
"тантал значение для промышленности","Яндекс","1","1","1.0","1.0","00:00:00"
"тантал и титан в чем разница между ними","Яндекс","1","1","0.0","1.0","00:00:15"
"тантал и титан на что могут реагировать","Яндекс","1","1","0.0","1.0","00:00:15"
"тантал используется в бурильных головках","Яндекс","1","1","0.0","1.0","00:00:15"
"тантал котировки металла","Яндекс","1","1","1.0","1.0","00:00:00"
"тантал лист","Яндекс","1","1","0.0","2.0","00:01:52"
"тантал листовой","Яндекс","1","1","0.0","7.0","00:01:33"
"тантал листовой на авито","Яндекс","1","1","0.0","1.0","00:00:15"
"тантал малошумящие нано-сквиды","Яндекс","1","1","0.0","1.0","00:00:26"
"тантал металл","Яндекс","1","1","0.0","1.0","00:00:15"
"тантал металл где применяется","Яндекс","1","1","1.0","1.0","00:00:00"
"тантал металл для ювелирных украшений","Яндекс","1","1","0.0","1.0","00:00:16"
"тантал мировые цены","Яндекс","1","1","1.0","1.0","00:00:00"
"тантал ниобий химический состав","Яндекс","1","1","0.0","2.0","00:14:47"
"тантал применение история","Яндекс","1","1","0.0","2.0","00:04:28"
"тантал свойства","Яндекс","1","1","0.0","1.0","00:00:13"
"тантал состав","Яндекс","1","1","0.0","1.0","00:00:15"
"тантал стоимость","Яндекс","1","1","0.0","1.0","00:00:15"
"тантал стоимость за тонну на бирже","Яндекс","1","1","1.0","1.0","00:00:00"
"тантал твч 3,0х215х245 ту 95.311-75","Яндекс","1","1","0.0","2.0","00:00:27"
"тантал твч гост химсостав","Яндекс","1","1","0.0","2.0","00:00:28"
"тантал твч листы ту","Яндекс","1","1","0.0","2.0","00:05:16"
"тантал твч состав","Яндекс","1","1","0.0","1.0","00:00:16"
"тантал твч стоимость кг","Яндекс","1","1","0.0","1.0","00:00:15"
"тантал трубу","Яндекс","1","1","0.0","1.0","00:00:15"
"тантал ту 48-19-284 сертификат","Яндекс","1","1","0.0","5.0","00:00:42"
"тантал ту 95.311","Яндекс","1","1","0.0","1.0","00:00:15"
"тантал тч свойства проволока","Яндекс","1","1","0.0","1.0","00:00:16"
"тантал хим состав","Яндекс","1","1","1.0","1.0","00:00:00"
"тантал химия","Яндекс","1","1","0.0","1.0","00:00:15"
"тантал цена за 1 кг на сегодня","Яндекс","1","1","0.0","2.0","00:00:55"
"тантал что использовать в списки","Яндекс","1","1","1.0","1.0","00:00:00"
"тантал что это за металл и где используется","Яндекс","1","1","0.0","1.0","00:00:15"
"тантал это","Яндекс","1","1","0.0","1.0","00:00:15"
"тантал, ниобий, молибден, редкие металлы новости август 2026","Яндекс","1","1","1.0","1.0","00:00:00"
"танталовая лента","Яндекс","1","1","1.0","1.0","00:00:00"
"танталовая нить","Яндекс","1","1","0.0","1.0","00:00:15"
"танталовая продукция","Яндекс","1","1","0.0","1.0","00:00:15"
"танталовая стружка цена","Яндекс","1","1","0.0","1.0","00:00:15"
"танталовая труба","Яндекс","1","1","0.0","1.0","00:00:16"
"танталовую проволоку ту 95.353-75 0,2 мм","Яндекс","1","1","0.0","7.0","00:16:32"
"танталовые пруток тяжёлый металл или нет","Яндекс","1","1","0.0","1.0","00:00:15"
"танталовые пруток фото","Яндекс","1","1","0.0","2.0","00:00:51"
"танталовый порошок - что это","Яндекс","1","1","0.0","2.0","00:02:05"
"тарированный вольфрам","Яндекс","1","1","0.0","1.0","00:00:15"
"татан тклр","Яндекс","1","1","0.0","1.0","00:00:15"
"тб 73/57 лента","Яндекс","1","1","0.0","1.0","00:00:15"
"тб160/122 сплав производство ленты","Яндекс","1","1","0.0","1.0","00:00:15"
"твердоплав для долот буровых","Яндекс","1","1","0.0","1.0","00:00:15"
"твердосплав в буровом инструменте химический состав","Яндекс","1","1","0.0","3.0","00:04:39"
"твердосплавная смесь вк8 производители","Яндекс","1","1","0.0","2.0","00:00:23"
"твердосплавные материалы тс4","Яндекс","1","1","0.0","1.0","00:00:15"
"твердосплавы список","Яндекс","1","1","1.0","1.0","00:00:00"
"твердость 29нк-ви","Яндекс","1","1","0.0","1.0","00:00:25"
"твердость вольфрамового листа марки в-мп","Яндекс","1","1","0.0","1.0","00:00:15"
"твердость циркония физические свойства","Яндекс","1","1","0.0","1.0","00:00:15"
"твердые сплавы на основе титана вольфрама тантала с кобальтом никелем молибденом и ниобием","Яндекс","1","1","0.0","1.0","00:00:16"
"твердые сплавы общие сведения об твердвх споавах","Яндекс","1","1","1.0","1.0","00:00:00"
"твердые сплавы содержание хрома","Яндекс","1","1","1.0","1.0","00:00:00"
"твердые сплавы характеристика","Яндекс","1","1","0.0","1.0","00:00:15"
"твердый сплав","Яндекс","1","1","0.0","2.0","00:00:26"
"твердый сплав вк 15 коэффициент теплового линейного расширения википедия","Яндекс","1","1","0.0","3.0","00:01:19"
"твердый сплав вк характеристики","Яндекс","1","1","0.0","1.0","00:00:15"
"твердый сплав вн-10м плотность","Яндекс","1","1","0.0","1.0","00:00:16"
"твердый сплав для вытягивания проволоки","Яндекс","1","1","1.0","1.0","00:00:00"
"твердый сплав кулибине","Яндекс","1","1","0.0","1.0","00:00:15"
"твердый сплав тс10 см","Яндекс","1","1","0.0","1.0","00:00:15"
"твр а-2 какая проволока","Яндекс","1","1","0.0","1.0","00:00:15"
"твч ту 11-78 су0.021.041","Яндекс","1","1","0.0","6.0","00:12:01"
"твёрдо споавы что такое","Яндекс","1","1","1.0","1.0","00:00:00"
"твёрдосплавы их твёодость","Яндекс","1","1","0.0","1.0","00:00:15"
"твёрдость молибдена","Яндекс","1","1","0.0","7.0","00:05:37"
"твёрдые сплавы для буров скважин","Яндекс","1","1","0.0","1.0","00:00:18"
"твёрдые сплавы состав","Яндекс","1","1","0.0","1.0","00:00:15"
"твёрдый сплав","Яндекс","1","1","0.0","2.0","00:00:55"
"твёрдый сплав аs20me","Яндекс","1","1","0.0","1.0","00:00:15"
"те термопара как расшифровывается","Яндекс","1","1","0.0","1.0","00:00:16"
"температура в печах контролируется термопарами с автоматической записью показаний нагрева, термопарами типа акк (s),","Яндекс","1","1","0.0","1.0","00:00:15"
"температура возгонки ванадия","Яндекс","1","1","0.0","1.0","00:00:14"
"температура кристаллизации молибдена","Яндекс","1","1","0.0","1.0","00:00:15"
"температура нагрева нихрома в вакууме","Яндекс","1","1","0.0","1.0","00:00:15"
"температура нагрева нихромовой проволоки","Яндекс","1","1","0.0","1.0","00:00:15"
"температура нагрева нихромовой проволоки в зависимости от площади сечения","Яндекс","1","1","0.0","1.0","00:00:15"
"температура нихромовой проволоки в зависимости от тока","Яндекс","1","1","1.0","1.0","00:00:00"
"температура плавления и теплопроводность циркония","Яндекс","1","1","0.0","15.0","00:29:32"
"температура плавления титана в градусах цельсия","Яндекс","1","1","0.0","1.0","00:00:27"
"температура плавления ферросплавов на основе никеля и хрома","Яндекс","1","1","0.0","1.0","00:00:15"
"температура титана плавления","Яндекс","1","1","0.0","1.0","00:00:15"
"температура штамповки титана","Яндекс","1","1","0.0","1.0","00:00:15"
"температурная характеристика термопары хромель аллюмель","Яндекс","1","1","0.0","1.0","00:00:19"
"температурное поле термопарой вольфрам рений","Яндекс","1","1","0.0","1.0","00:00:15"
"температурный предел термопары хромель алюмель","Яндекс","1","1","0.0","1.0","00:00:15"
"температуропроводность циркония","Яндекс","1","1","0.0","1.0","00:00:14"
"теплопроводность титана","Яндекс","1","1","0.0","1.0","00:00:15"
"теплопроводность+циркония","Яндекс","1","1","0.0","1.0","00:00:19"
"теплопроводящий материал для заделки нихрома в корпусе тэн","Яндекс","1","1","0.0","1.0","00:00:16"
"теплоустойчивая сталь купить в россии","Яндекс","1","1","1.0","1.0","00:00:00"
"теплофизические и термомеханические свойства молибден-рениевого сплава мр-47","Яндекс","1","1","0.0","1.0","00:00:17"
"теплоёмкость титана","Яндекс","1","1","0.0","1.0","00:00:15"
"термо и коррозионностойкие стали","Яндекс","1","1","0.0","1.0","00:00:15"
"термобиметаллы","Яндекс","1","1","0.0","1.0","00:00:14"
"термоколлектор (электрожгут проводов алюмелевых/хромелевых)04.06.740 опросной лист","Яндекс","1","1","0.0","1.0","00:00:15"
"термопара ng-fi 004 гост","Яндекс","1","1","1.0","1.0","00:00:00"
"термопара ПП(с) характеристики","Яндекс","1","1","0.0","1.0","00:00:15"
"термопара ХА","Яндекс","1","1","1.0","1.0","00:00:00"
"термопара вид","Яндекс","1","1","0.0","1.0","00:00:15"
"термопара диамтер","Яндекс","1","1","0.0","1.0","00:00:15"
"термопара дтпк 235-0915 из каких элементов состоит","Яндекс","1","1","1.0","1.0","00:00:00"
"термопара из платины где находится","Яндекс","1","1","0.0","1.0","00:00:14"
"термопара изготовление","Яндекс","1","1","0.0","2.0","00:00:22"
"термопара к-типа характеристики","Яндекс","1","1","0.0","1.0","00:00:15"
"термопара конструкция","Яндекс","1","1","0.0","1.0","00:00:20"
"термопара максимальную температуру","Яндекс","1","1","0.0","1.0","00:00:15"
"термопара материал изготовления","Яндекс","1","1","0.0","1.0","00:00:15"
"термопара медь железо","Яндекс","1","1","1.0","1.0","00:00:00"
"термопара металлургия","Яндекс","1","1","1.0","1.0","00:00:00"
"термопара на основе нихрома","Яндекс","1","1","0.0","1.0","00:00:15"
"термопара платинородий платина это какой тип?","Яндекс","1","1","0.0","1.0","00:10:41"
"термопара пп характеристика","Яндекс","1","1","0.0","1.0","00:00:15"
"термопара пр","Яндекс","1","1","0.0","1.0","00:00:15"
"термопара причины скачков показаний","Яндекс","1","1","0.0","1.0","00:00:15"
"термопара с низкой массой для чего используется","Яндекс","1","1","0.0","1.0","00:00:15"
"термопара твр 2а","Яндекс","1","1","0.0","2.0","00:04:50"
"термопара тип к по гост р 8,585-2001","Яндекс","1","1","0.0","1.0","00:00:15"
"термопара тип тмк","Яндекс","1","1","0.0","1.0","00:00:15"
"термопара типа ха описание, область применения, модификации если есть, технические характеристик, работа устройства","Яндекс","1","1","0.0","2.0","00:06:35"
"термопара типы","Яндекс","1","1","0.0","1.0","00:00:15"
"термопара тмк т","Яндекс","1","1","1.0","1.0","00:00:01"
"термопара тх содержание металлов","Яндекс","1","1","0.0","1.0","00:00:16"
"термопара тха конструкция","Яндекс","1","1","1.0","1.0","00:00:00"
"термопара тха что сейчас с банком открытие характеристики","Яндекс","1","1","0.0","2.0","00:00:19"
"термопара тхк характеристики","Яндекс","1","1","0.0","1.0","00:00:14"
"термопара характеристики","Яндекс","1","1","0.0","1.0","00:00:06"
"термопара хромель и платина","Яндекс","1","1","0.0","1.0","00:00:15"
"термопара хромель копель","Яндекс","1","1","0.0","2.0","00:03:00"
"термопара хромель копель +-","Яндекс","1","1","1.0","1.0","00:00:00"
"термопарная проволока железо","Яндекс","1","1","0.0","2.0","00:01:31"
"термопары ТПР","Яндекс","1","1","0.0","1.0","00:00:14"
"термопары виды и характеристики","Яндекс","1","1","0.0","1.0","00:00:15"
"термопары выпуск","Яндекс","1","1","1.0","1.0","00:00:00"
"термопары иридий-радий","Яндекс","1","1","0.0","1.0","00:00:15"
"термопары как их делать","Яндекс","1","1","0.0","1.0","00:00:15"
"термопары какие распространенные материалы пп тпп","Яндекс","1","1","0.0","3.0","00:02:24"
"термопары принцип действия","Яндекс","1","1","0.0","1.0","00:00:15"
"термопары принцип работы . типы","Яндекс","1","1","0.0","1.0","00:00:18"
"термопары промышленные состав","Яндекс","1","1","0.0","1.0","00:00:15"
"термопары тжк и тха отличия","Яндекс","1","1","0.0","1.0","00:00:14"
"термопары тип а-1","Яндекс","1","1","0.0","1.0","00:00:15"
"термопары хк и ха","Яндекс","1","1","0.0","1.0","00:00:15"
"термопары что это","Яндекс","1","1","0.0","1.0","00:00:15"
"термопреобразователи нихром-константан","Яндекс","1","1","0.0","1.0","00:00:28"
"термоэдс алюмель-хромелевой пары","Яндекс","1","1","1.0","1.0","00:00:00"
"термоэлектродный кабель metotech ru","Яндекс","1","1","0.0","1.0","00:00:16"
"тех требования к поковке из сплава вт1-0","Яндекс","1","1","0.0","6.0","00:08:29"
"технические требования к вт1-0 90000","Яндекс","1","1","0.0","1.0","00:00:16"
"технические условия на листы мч","Яндекс","1","1","0.0","1.0","00:00:15"
"технические условия ту 48-21-593-85","Яндекс","1","1","0.0","3.0","00:03:32"
"технические характеристики  титана","Яндекс","1","1","0.0","1.0","00:00:15"
"технические характеристики на молибденовую проволоку","Яндекс","1","1","1.0","1.0","00:00:00"
"технические характеристики циркониевых сплавов","Яндекс","1","1","0.0","2.0","00:02:15"
"технологии производства вольфрама","Яндекс","1","1","0.0","2.0","00:01:41"
"технология (способ, устройства для реализации способа) изготовления вольфрамовых наноструктурированных матриц со стабильной наноразмерной структурой, включающая получение (способ, устройства для реализации способа) наноструктурированных катодных материалов с регулируемой пористостью на основе тугоплавких металлов.","Яндекс","1","1","0.0","1.0","00:00:23"
"технология изготовления трубок малого диаметра из титанового сплава от4-1в","Яндекс","1","1","0.0","2.0","00:08:47"
"технология навивки фехралей","Яндекс","1","1","0.0","1.0","00:00:21"
"технология нанесения оловянного 03 опл покрытия","Яндекс","1","1","0.0","1.0","00:00:16"
"технология нанесения покрытия 03 опл. методом лужения","Яндекс","1","1","0.0","2.0","00:19:22"
"технология покрытия оловом мкт деталей","Яндекс","1","1","0.0","1.0","00:00:15"
"технология получения вольфрамовых заготовок из порошка вольфрама","Яндекс","1","1","0.0","1.0","00:00:15"
"технология порошковой металлургии","Яндекс","1","1","0.0","1.0","00:00:23"
"технология производства молибдена","Яндекс","1","1","0.0","1.0","00:01:36"
"технология производства нихромовой проволоки","Яндекс","1","1","0.0","1.0","00:00:15"
"технология сварки 08Х13+монель 400","Яндекс","1","1","0.0","1.0","00:00:15"
"тип термопары хк","Яндекс","1","1","0.0","1.0","00:00:15"
"типы термопар","Яндекс","1","1","0.0","5.0","00:16:20"
"типы термопар из сочетания металлов","Яндекс","1","1","0.0","1.0","00:00:15"
"титан (элемент) применение","Яндекс","1","1","1.0","1.0","00:00:00"
"титан (элемент) свойства","Яндекс","1","1","0.0","1.0","00:00:15"
"титан авиация килограмм цена куплю сплав","Яндекс","1","1","0.0","1.0","00:00:25"
"титан авио строении","Яндекс","1","1","0.0","1.0","00:00:16"
"титан белизна килограмм цена сплава","Яндекс","1","1","1.0","1.0","00:00:00"
"титан белизна сплав килограмм цена","Яндекс","1","1","0.0","2.0","00:00:49"
"титан вещество","Яндекс","1","1","0.0","1.0","00:00:16"
"титан википедия металл","Яндекс","1","1","0.0","1.0","00:00:15"
"титан все о нем","Яндекс","1","1","0.0","1.0","00:00:15"
"титан все физические и химическиее свройствапо","Яндекс","1","1","0.0","2.0","00:16:01"
"титан вт1-0 гост 19807-91","Яндекс","1","1","0.0","1.0","00:00:15"
"титан вт1-00 слитки чистота 99,9 % какова стоимость на международном рынке за тонну","Яндекс","1","1","0.0","1.0","00:00:15"
"титан высекает ли искры","Яндекс","1","1","0.0","1.0","00:00:21"
"титан гмарки и характеристики","Яндекс","1","1","0.0","1.0","00:00:15"
"титан госты","Яндекс","1","1","0.0","4.0","00:00:21"
"титан динамика цен на лондонской бирже 2026","Яндекс","1","1","1.0","1.0","00:00:00"
"титан за кг","Яндекс","1","1","0.0","1.0","00:00:15"
"титан за кг цена","Яндекс","1","1","0.0","1.0","00:00:15"
"титан и его свойства","Яндекс","1","1","0.0","1.0","00:00:15"
"титан и его сплавы где применяются","Яндекс","1","1","0.0","1.0","00:00:36"
"титан и его сплавы и марки присадки","Яндекс","1","1","0.0","1.0","00:00:15"
"титан и его сплавы применение","Яндекс","1","1","0.0","1.0","00:00:15"
"титан из чего состоит","Яндекс","1","1","0.0","1.0","00:00:15"
"титан купить","Яндекс","1","1","1.0","1.0","00:00:00"
"титан купить oboronspecsplav","Яндекс","1","1","0.0","1.0","00:00:15"
"титан купить металл","Яндекс","1","1","1.0","1.0","00:00:00"
"титан купить цена","Яндекс","1","1","1.0","1.0","00:00:00"
"титан листы","Яндекс","1","1","0.0","1.0","00:00:15"
"титан марка та1описание для пищевых продуктов","Яндекс","1","1","0.0","1.0","00:00:14"
"титан марки","Яндекс","1","1","0.0","2.0","00:00:05"
"титан марки та2","Яндекс","1","1","0.0","1.0","00:00:20"
"титан материал описание","Яндекс","1","1","0.0","1.0","00:00:15"
"титан материал это","Яндекс","1","1","0.0","1.0","00:00:15"
"титан материял сколко стоит","Яндекс","1","1","1.0","1.0","00:00:00"
"титан металл купить","Яндекс","1","1","1.0","1.0","00:00:00"
"титан металл плавится","Яндекс","1","1","0.0","1.0","00:00:15"
"титан металл порошок применение","Яндекс","1","1","0.0","1.0","00:00:15"
"титан металл сколько стоит","Яндекс","1","1","0.0","1.0","00:00:15"
"титан металл цена на бирже","Яндекс","1","1","0.0","2.0","00:00:31"
"титан металл цена?","Яндекс","1","1","1.0","1.0","00:00:00"
"титан на бирже","Яндекс","1","1","0.0","2.0","00:01:55"
"титан на бирже цена","Яндекс","1","1","1.0","1.0","00:00:00"
"титан на лондонской бирже","Яндекс","1","1","0.0","4.0","00:02:09"
"титан пвп что это","Яндекс","1","1","0.0","1.0","00:00:15"
"титан покупаем лом","Яндекс","1","1","1.0","1.0","00:00:00"
"титан покупка","Яндекс","1","1","0.0","1.0","00:00:15"
"титан пористый порошок","Яндекс","1","1","0.0","1.0","00:00:15"
"титан пористый, порошок тпп-6, фракция 306-630 мкм ту 1791-449-05785388-2016","Яндекс","1","1","0.0","1.0","00:00:15"
"титан при нагревании способен поглощать азот и кислород речь о простом вешестве или хим эл","Яндекс","1","1","0.0","1.0","00:00:15"
"титан применение","Яндекс","1","1","0.0","1.0","00:00:15"
"титан применяемый в авиастроении","Яндекс","1","1","0.0","1.0","00:00:15"
"титан прочность авиация килограмм цена","Яндекс","1","1","0.0","1.0","00:00:23"
"титан прочность килограмм цена авиация","Яндекс","1","1","0.0","1.0","00:00:15"
"титан пруток","Яндекс","1","1","1.0","1.0","00:00:00"
"титан рентгенконтрастен?","Яндекс","1","1","0.0","1.0","00:00:14"
"титан свойства","Яндекс","1","1","0.0","1.0","00:00:15"
"титан свойства и применение","Яндекс","1","1","0.0","1.0","00:00:15"
"титан свойства металла","Яндекс","1","1","0.0","1.0","00:00:17"
"титан свойства металла .","Яндекс","1","1","0.0","1.0","00:00:35"
"титан свойства применение в промышленности","Яндекс","1","1","0.0","1.0","00:00:32"
"титан свойства титана характеристики","Яндекс","1","1","0.0","3.0","00:03:22"
"титан сег цена на лонд бирже за кг","Яндекс","1","1","1.0","1.0","00:00:00"
"титан сколько стоит","Яндекс","1","1","0.0","1.0","00:00:17"
"титан сколько стоит 1 тонна","Яндекс","1","1","0.0","1.0","00:00:18"
"титан слиток килограмм дорого скупаю","Яндекс","1","1","0.0","2.0","00:00:13"
"титан состав","Яндекс","1","1","0.0","1.0","00:00:15"
"титан сплав авиационный цена килограмм","Яндекс","1","1","0.0","1.0","00:00:15"
"титан сплав килограмм прочность куплю","Яндекс","1","1","0.0","1.0","00:00:15"
"титан сплав килограмм цена контакты","Яндекс","1","1","0.0","3.0","00:01:45"
"титан сплав килограмм цена куплю","Яндекс","1","1","0.0","3.0","00:00:25"
"титан справочник по металлам свойства","Яндекс","1","1","0.0","1.0","00:00:15"
"титан стоит","Яндекс","1","1","1.0","1.0","00:00:00"
"титан термостойкость","Яндекс","1","1","0.0","1.0","00:00:15"
"титан труба сколько стоит вт1-0 30х2 сколько весит 1шт","Яндекс","1","1","1.0","1.0","00:00:00"
"титан физико химические свойсива","Яндекс","1","1","0.0","1.0","00:00:15"
"титан характеристик","Яндекс","1","1","1.0","1.0","00:00:00"
"титан характеристики металла","Яндекс","1","1","0.0","2.0","00:01:51"
"титан цена за кг в рублях на сегодня","Яндекс","1","1","0.0","1.0","00:00:13"
"титан цена на бирже","Яндекс","1","1","0.0","2.0","00:00:28"
"титан цена цб","Яндекс","1","1","1.0","1.0","00:00:00"
"титан что за металл","Яндекс","1","1","1.0","1.0","00:00:00"
"титан элемент таблицы менделеева","Яндекс","1","1","0.0","2.0","00:04:59"
"титан это","Яндекс","1","1","1.0","1.0","00:00:00"
"титан это какой металл","Яндекс","1","1","1.0","1.0","00:00:00"
"титан, цена за тонну","Яндекс","1","1","0.0","1.0","00:00:13"
"титана листов","Яндекс","1","1","1.0","1.0","00:00:00"
"титановая доска объявлений","Яндекс","1","1","1.0","1.0","00:00:00"
"титановая плита oboronspecsplav","Яндекс","1","1","1.0","1.0","00:00:00"
"титановая труба metotech ru","Яндекс","1","1","1.0","1.0","00:00:00"
"титановая труба марки титановых труб","Яндекс","1","1","0.0","1.0","00:00:17"
"титановая труба характеристики труба титановая","Яндекс","1","1","0.0","1.0","00:00:16"
"титановое изделие цена за кг","Яндекс","1","1","0.0","1.0","00:00:15"
"титановые круги metotech ru","Яндекс","1","1","0.0","1.0","00:00:14"
"титановые ост на группу контроля","Яндекс","1","1","0.0","1.0","00:00:15"
"титановые сплавы","Яндекс","1","1","0.0","1.0","00:00:16"
"титановые сплавы использование","Яндекс","1","1","0.0","2.0","00:18:53"
"титановые сплавы марки","Яндекс","1","1","0.0","2.0","00:00:53"
"титановый лист","Яндекс","1","1","0.0","1.0","00:00:16"
"титановый порошок пт-ч крупнодисперсный фракция до 500мкм паспорт","Яндекс","1","1","0.0","4.0","00:01:17"
"титановый прокат производство","Яндекс","1","1","0.0","5.0","00:04:39"
"титановый прокат цена","Яндекс","1","1","1.0","1.0","00:00:00"
"титановый сплав с сигма b более 1000","Яндекс","1","1","0.0","1.0","00:00:15"
"тклр ковара","Яндекс","1","1","0.0","1.0","00:00:18"
"тклр хрома, вольфрама, титана","Яндекс","1","1","0.0","1.0","00:00:15"
"тклр четвертого разряда","Яндекс","1","1","0.0","2.0","00:01:35"
"только ли соединения шестивалентного хрома используют для хромирования пушек","Яндекс","1","1","0.0","1.0","00:00:14"
"тона тетал цена","Яндекс","1","1","0.0","1.0","00:00:15"
"тона титана сколько стоит","Яндекс","1","1","0.0","1.0","00:00:18"
"тонкий помол твердых сплавов","Яндекс","1","1","0.0","1.0","00:00:14"
"торированный вольфрам","Яндекс","1","1","0.0","2.0","00:04:39"
"тпроизводители медно никилиевых сплавовпроизводитель","Яндекс","1","1","1.0","1.0","00:00:00"
"требование к удельному сопротивлению алюмель","Яндекс","1","1","0.0","1.0","00:00:15"
"требование ост1.90107-73","Яндекс","1","1","1.0","1.0","00:00:00"
"требования к повозке титанового сплава","Яндекс","1","1","0.0","4.0","00:30:21"
"требования к твердым сплавам для изготовления монолитных инструментов","Яндекс","1","1","0.0","1.0","00:00:15"
"три комплекта оловянных нитей","Яндекс","1","1","0.0","1.0","00:00:15"
"труба 108х9 ст. 13х9м astm a335 дл 9 метров","Яндекс","1","1","1.0","1.0","00:00:00"
"труба 19х1 э110 ту","Яндекс","1","1","1.0","1.0","00:00:00"
"труба 9,1х7,73 э110","Яндекс","1","1","0.0","1.0","00:00:15"
"труба дкрнп мнжмц-10 или мнжмц-30","Яндекс","1","1","0.0","1.0","00:00:26"
"труба для условий работы при 1500 градусов цельсия","Яндекс","1","1","0.0","1.0","00:00:15"
"труба жаропрочная характеристики","Яндекс","1","1","0.0","1.0","00:00:15"
"труба из молибдена","Яндекс","1","1","0.0","1.0","00:00:15"
"труба из молибдена 125мм","Яндекс","1","1","0.0","1.0","00:00:15"
"труба из молибдена как обозначается","Яндекс","1","1","0.0","1.0","00:00:15"
"труба из специального высокотемпературного сплава","Яндекс","1","1","0.0","1.0","00:00:15"
"труба из тантала сортамент","Яндекс","1","1","1.0","1.0","00:00:00"
"труба из циркония э110d=88х4мм производство","Яндекс","1","1","0.0","1.0","00:00:18"
"труба марки э635","Яндекс","1","1","0.0","1.0","00:00:15"
"труба мнжмц 30-1-1 20х3","Яндекс","1","1","0.0","4.0","00:00:53"
"труба мчвп метотехника","Яндекс","1","1","0.0","2.0","00:00:19"
"труба нб","Яндекс","1","1","1.0","1.0","00:00:00"
"труба нержавеющая щербин александр","Яндекс","1","1","1.0","1.0","00:00:01"
"труба ниобиевая","Яндекс","1","1","0.0","1.0","00:01:51"
"труба ниобиевая марка нб10в5мцу диаметр 34,7мм длина 480мм толщина стенки 5мм","Яндекс","1","1","0.0","1.0","00:00:16"
"труба ниобиевая нб10в5мцу ф34.7х5х480 какой вес","Яндекс","1","1","0.0","1.0","00:00:27"
"труба с молибденом маркировка","Яндекс","1","1","1.0","1.0","00:00:00"
"труба танталовая 1х0,1х600мм","Яндекс","1","1","0.0","4.0","00:00:35"
"труба титан","Яндекс","1","1","1.0","1.0","00:00:00"
"труба титановая обрезок вт22, вт3-1 21х3 мм купить в москве","Яндекс","1","1","0.0","1.0","00:00:26"
"труба циркониевая 88,8","Яндекс","1","1","0.0","1.0","00:00:15"
"труба циркониевая 88х4","Яндекс","1","1","0.0","2.0","00:04:09"
"труба циркониевая э110","Яндекс","1","1","0.0","1.0","00:00:15"
"труба э110 ф 19х1","Яндекс","1","1","0.0","1.0","00:00:15"
"трубка дкрнт 2,0х0,15 нп2э, l=8 мм","Яндекс","1","1","0.0","1.0","00:00:15"
"трубка дкрт 1,7х0,2 л96 ту48-21-611","Яндекс","1","1","0.0","1.0","00:00:14"
"трубка из нейзильбера наружный диаметр 25 мм","Яндекс","1","1","1.0","1.0","00:00:00"
"трубка молибденовая мчвп i- 5x1 ту 48-19-251-94 это материалы и сортаменты?","Яндекс","1","1","0.0","1.0","00:00:15"
"трубка монель","Яндекс","1","1","0.0","2.0","00:00:20"
"трубка нп2э","Яндекс","1","1","0.0","1.0","00:00:15"
"трубка танталовая марки элп-1 Толщина стенки: 1,80 мм Диаметр, мм: 30 Длина, мм: 400 мм ТУ 14-224-118-87","Яндекс","1","1","0.0","1.0","00:10:14"
"трубка танталовая элп-1","Яндекс","1","1","0.0","1.0","00:00:16"
"трубки из мельхиора lkz hflbfnjhf","Яндекс","1","1","0.0","1.0","00:00:15"
"трубки из циркония купить","Яндекс","1","1","0.0","1.0","00:00:15"
"трубная прокатка молибдена","Яндекс","1","1","0.0","1.0","00:00:15"
"трубный калькулятор онлайн никель","Яндекс","1","1","0.0","1.0","00:00:15"
"трубный калькулятор проволока нихром","Яндекс","1","1","0.0","1.0","00:00:15"
"трубы из жаропрочной стали","Яндекс","1","1","1.0","1.0","00:00:00"
"трубы из жаропрочных сплавов гост","Яндекс","1","1","0.0","1.0","00:00:15"
"трубы из никеля диаметры","Яндекс","1","1","0.0","2.0","00:01:33"
"трубы из сплава э110 ту","Яндекс","1","1","0.0","1.0","00:00:16"
"трубы мнжмц особенности при изготовлении систем судовых","Яндекс","1","1","0.0","1.0","00:00:15"
"трубы танталовые","Яндекс","1","1","0.0","1.0","00:00:15"
"трубы титан","Яндекс","1","1","1.0","1.0","00:00:00"
"трубы титановые","Яндекс","1","1","1.0","1.0","00:00:00"
"ту 1 5 357-95 скачать","Яндекс","1","1","0.0","2.0","00:09:28"
"ту 1-5-357-75","Яндекс","1","1","0.0","1.0","00:00:15"
"ту 1-805-090 скачать бесплатно","Яндекс","1","1","0.0","1.0","00:00:15"
"ту 1-90006-86","Яндекс","1","1","0.0","2.0","00:00:20"
"ту 1.5.357","Яндекс","1","1","1.0","1.0","00:00:00"
"ту 11 яе0.021.131ту читать","Яндекс","1","1","0.0","3.0","00:03:02"
"ту 11-75","Яндекс","1","1","0.0","1.0","00:00:15"
"ту 11-75 яе0.021.125 ту","Яндекс","1","1","0.0","1.0","00:00:15"
"ту 11-77 су0.021.032","Яндекс","1","1","0.0","1.0","00:00:20"
"ту 11-77 яе0 21.056","Яндекс","1","1","0.0","6.0","00:00:48"
"ту 11-77 яе0.021.056","Яндекс","1","1","0.0","1.0","00:00:15"
"ту 11-78","Яндекс","1","1","1.0","1.0","00:00:00"
"ту 11-84","Яндекс","1","1","0.0","1.0","00:00:15"
"ту 14 1 899 74","Яндекс","1","1","1.0","1.0","00:00:00"
"ту 14-1-1885-2015","Яндекс","1","1","1.0","1.0","00:00:00"
"ту 14-1-1885-2015 читать онлайн бесплатно полностью без сокращений без регистрации","Яндекс","1","1","1.0","1.0","00:00:00"
"ту 14-1-196-73","Яндекс","1","1","1.0","1.0","00:00:00"
"ту 14-1-2357-78","Яндекс","1","1","0.0","1.0","00:00:15"
"ту 14-1-2564-2015 фото шгр","Яндекс","1","1","1.0","1.0","00:00:00"
"ту 14-1-3074","Яндекс","1","1","0.0","1.0","00:00:22"
"ту 14-1-3455-2003","Яндекс","1","1","1.0","1.0","00:00:00"
"ту 14-1-3581-83 посмотреть 22х1","Яндекс","1","1","1.0","1.0","00:00:00"
"ту 14-1-381-72 скачать","Яндекс","1","1","1.0","1.0","00:00:00"
"ту 14-1-3917","Яндекс","1","1","0.0","1.0","00:00:15"
"ту 14-1-4488-88 читать","Яндекс","1","1","0.0","1.0","00:00:13"
"ту 14-1-4618-89","Яндекс","1","1","0.0","1.0","00:00:15"
"ту 14-1-887-74","Яндекс","1","1","1.0","1.0","00:00:00"
"ту 14-1-899","Яндекс","1","1","0.0","2.0","00:00:31"
"ту 14-1-899-74","Яндекс","1","1","0.0","2.0","00:17:26"
"ту 14-1-941","Яндекс","1","1","0.0","1.0","00:00:15"
"ту 14-1-941-74","Яндекс","1","1","0.0","1.0","00:00:15"
"ту 14-1-997-74 проволока сварочная из жаропрочных, жаростойких, коррозионностойких сталей и сплавов скачать ту","Яндекс","1","1","1.0","1.0","00:00:00"
"ту 14-22-124-99","Яндекс","1","1","0.0","1.0","00:00:15"
"ту 14-22-57-92 скачать","Яндекс","1","1","0.0","1.0","00:00:15"
"ту 14-22-57-92 хранение","Яндекс","1","1","0.0","2.0","00:14:22"
"ту 14-3224-81","Яндекс","1","1","0.0","1.0","00:00:15"
"ту 1415282","Яндекс","1","1","0.0","1.0","00:00:16"
"ту 1479-689-56897835-2016 порошок титановый","Яндекс","1","1","0.0","1.0","00:00:15"
"ту 17-91-449-05785388-2010 скачать","Яндекс","1","1","0.0","1.0","00:00:15"
"ту 1791-001-42039714-2015. слитки титановые. технические условия","Яндекс","1","1","0.0","3.0","00:01:22"
"ту 1791-449-05785388","Яндекс","1","1","0.0","1.0","00:00:15"
"ту 1835-024-61252951-2013 и ту 48-13-14-87","Яндекс","1","1","0.0","1.0","00:00:15"
"ту 1875-435-00196109-02","Яндекс","1","1","0.0","1.0","00:00:15"
"ту 3-1303-25-91","Яндекс","1","1","1.0","1.0","00:00:00"
"ту 3567-003-66158671-2010","Яндекс","1","1","0.0","1.0","00:00:15"
"ту 3567-022- 66158671-2016","Яндекс","1","1","0.0","1.0","00:00:15"
"ту 3567-022-661586712-2016 характеристика","Яндекс","1","1","0.0","1.0","00:00:15"
"ту 3567-025","Яндекс","1","1","0.0","1.0","00:00:15"
"ту 3568-011-66158671","Яндекс","1","1","0.0","1.0","00:00:15"
"ту 46 19 27 88","Яндекс","1","1","0.0","11.0","00:11:37"
"ту 48 13 14 77","Яндекс","1","1","0.0","1.0","00:00:15"
"ту 48 19 102","Яндекс","1","1","0.0","1.0","00:00:18"
"ту 48 19 102 82","Яндекс","1","1","0.0","1.0","00:00:15"
"ту 48 19 106 91","Яндекс","1","1","0.0","1.0","00:00:15"
"ту 48 19 254","Яндекс","1","1","0.0","1.0","00:00:15"
"ту 48--19-273-91","Яндекс","1","1","0.0","1.0","00:00:15"
"ту 48-10-31-89 шлак титановый марки","Яндекс","1","1","1.0","1.0","00:00:00"
"ту 48-10-39-79","Яндекс","1","1","0.0","1.0","00:00:15"
"ту 48-10-78-83","Яндекс","1","1","0.0","1.0","00:00:15"
"ту 48-13-14-77","Яндекс","1","1","0.0","1.0","00:00:15"
"ту 48-13-16-91.","Яндекс","1","1","0.0","1.0","00:00:15"
"ту 48-13-20-91","Яндекс","1","1","0.0","1.0","00:00:15"
"ту 48-131477","Яндекс","1","1","0.0","2.0","00:00:40"
"ту 48-14-309-79 обозначение","Яндекс","1","1","0.0","1.0","00:00:15"
"ту 48-18-102-82","Яндекс","1","1","0.0","2.0","00:00:04"
"ту 48-19-102-82 действует ли сейчас","Яндекс","1","1","0.0","2.0","00:01:19"
"ту 48-19-102-82.","Яндекс","1","1","1.0","1.0","00:00:00"
"ту 48-19-17-86","Яндекс","1","1","0.0","1.0","00:00:16"
"ту 48-19-186-76","Яндекс","1","1","1.0","1.0","00:00:00"
"ту 48-19-190-82","Яндекс","1","1","0.0","1.0","00:00:15"
"ту 48-19-203-85 мчвп 3","Яндекс","1","1","0.0","6.0","00:27:27"
"ту 48-19-203-85;","Яндекс","1","1","0.0","1.0","00:00:15"
"ту 48-19-245-84","Яндекс","1","1","0.0","1.0","00:00:15"
"ту 48-19-247-77","Яндекс","1","1","0.0","1.0","00:00:16"
"ту 48-19-247-87","Яндекс","1","1","0.0","1.0","00:00:15"
"ту 48-19-247-87 скачать","Яндекс","1","1","0.0","1.0","00:00:16"
"ту 48-19-251-85:","Яндекс","1","1","0.0","1.0","00:00:15"
"ту 48-19-254","Яндекс","1","1","1.0","1.0","00:00:00"
"ту 48-19-258-77","Яндекс","1","1","0.0","23.0","00:30:38"
"ту 48-19-27-88 кто производит","Яндекс","1","1","0.0","1.0","00:00:15"
"ту 48-19-27-88 электроды  замена","Яндекс","1","1","0.0","1.0","00:00:15"
"ту 48-19-272","Яндекс","1","1","0.0","1.0","00:00:15"
"ту 48-19-273-87","Яндекс","1","1","0.0","8.0","00:15:30"
"ту 48-19-274-77","Яндекс","1","1","0.0","1.0","00:00:23"
"ту 48-19-284","Яндекс","1","1","0.0","1.0","00:00:15"
"ту 48-19-293-78 «фольга ниобиевая. технические условия».","Яндекс","1","1","0.0","4.0","00:13:32"
"ту 48-19-305-84","Яндекс","1","1","0.0","2.0","00:00:33"
"ту 48-19-315-86","Яндекс","1","1","0.0","1.0","00:00:15"
"ту 48-19-315-89","Яндекс","1","1","0.0","1.0","00:00:15"
"ту 48-19-316-92 скачать","Яндекс","1","1","0.0","9.0","00:11:36"
"ту 48-19-38-86 скачать","Яндекс","1","1","1.0","1.0","00:00:00"
"ту 48-19-39-85 скачать","Яндекс","1","1","0.0","2.0","00:06:02"
"ту 48-19-39-95 проволока вольфрамовая","Яндекс","1","1","0.0","1.0","00:00:15"
"ту 48-19-39-95 скачать","Яндекс","1","1","0.0","1.0","00:00:14"
"ту 48-19-39-95 скачать файл","Яндекс","1","1","0.0","7.0","00:16:48"
"ту 48-19-472-90 заготовки листовые","Яндекс","1","1","0.0","1.0","00:00:15"
"ту 48-19-495-90","Яндекс","1","1","0.0","3.0","00:29:56"
"ту 48-19-513-91","Яндекс","1","1","0.0","1.0","00:00:15"
"ту 48-19-54-93 документ","Яндекс","1","1","0.0","1.0","00:00:15"
"ту 48-19-59-87","Яндекс","1","1","0.0","1.0","00:00:15"
"ту 48-19-60-78 pdf","Яндекс","1","1","0.0","1.0","00:00:15"
"ту 48-19-69","Яндекс","1","1","0.0","1.0","00:00:15"
"ту 48-19-72","Яндекс","1","1","0.0","1.0","00:00:16"
"ту 48-19-72-92 текст ту","Яндекс","1","1","0.0","1.0","00:00:14"
"ту 48-19-76","Яндекс","1","1","0.0","2.0","00:00:28"
"ту 48-19-92-88","Яндекс","1","1","0.0","4.0","00:00:27"
"ту 48-21-128-72 pdf","Яндекс","1","1","1.0","1.0","00:00:00"
"ту 48-21-14-2007","Яндекс","1","1","0.0","6.0","00:16:03"
"ту 48-21-14-72","Яндекс","1","1","0.0","2.0","00:03:05"
"ту 48-21-16","Яндекс","1","1","0.0","1.0","00:00:15"
"ту 48-21-16-76","Яндекс","1","1","0.0","1.0","00:00:16"
"ту 48-21-172-72","Яндекс","1","1","0.0","1.0","00:00:15"
"ту 48-21-201-72","Яндекс","1","1","0.0","2.0","00:11:37"
"ту 48-21-593 pdf","Яндекс","1","1","0.0","3.0","00:00:36"
"ту 48-21-593-85 какой статус на 2026","Яндекс","1","1","0.0","1.0","00:00:15"
"ту 48-21-85-85","Яндекс","1","1","1.0","1.0","00:00:00"
"ту 48-317-77","Яндекс","1","1","0.0","1.0","00:00:14"
"ту 48-3812-1-72","Яндекс","1","1","0.0","1.0","00:00:15"
"ту 48-4-195-87","Яндекс","1","1","0.0","1.0","00:00:27"
"ту 48-4-195-87 марки ре-0","Яндекс","1","1","0.0","1.0","00:00:15"
"ту 48-4-272","Яндекс","1","1","1.0","1.0","00:00:00"
"ту 48-4-272-73","Яндекс","1","1","0.0","1.0","00:00:15"
"ту 48-4-282 скачать","Яндекс","1","1","0.0","6.0","00:02:08"
"ту 48-4-318-74 или ту 48-4-334-88 деформируемые сплавы читать туъ","Яндекс","1","1","0.0","1.0","00:00:16"
"ту 48-4-337-75","Яндекс","1","1","0.0","1.0","00:00:15"
"ту 48-4-372-76","Яндекс","1","1","0.0","1.0","00:00:15"
"ту 48-4-372-76 чье ту","Яндекс","1","1","0.0","1.0","00:06:55"
"ту 48-4-385","Яндекс","1","1","0.0","1.0","00:00:15"
"ту 48-4-388-75","Яндекс","1","1","0.0","1.0","00:00:15"
"ту 48-4-390-76","Яндекс","1","1","0.0","2.0","00:01:39"
"ту 48-4-390-76 полосы циркониевые технические условия","Яндекс","1","1","0.0","1.0","00:00:15"
"ту 48-4-429-82","Яндекс","1","1","0.0","1.0","00:00:16"
"ту 48-4-429-82 «ванадия пятиокись для металлургических целей","Яндекс","1","1","0.0","1.0","00:00:20"
"ту 48-4-з74-76","Яндекс","1","1","0.0","1.0","00:00:15"
"ту 48-42-115-71","Яндекс","1","1","1.0","1.0","00:00:00"
"ту 48-9-45-67","Яндекс","1","1","0.0","1.0","00:00:15"
"ту 48.19.250-77","Яндекс","1","1","0.0","1.0","00:00:15"
"ту 4819 247","Яндекс","1","1","0.0","1.0","00:00:15"
"ту 4819-216","Яндекс","1","1","0.0","4.0","00:10:46"
"ту 481924787","Яндекс","1","1","0.0","1.0","00:00:15"
"ту 48193579 вольфрамовый ангидрид изготовленный из паравольфрамата аммония скачать","Яндекс","1","1","0.0","1.0","00:00:15"
"ту 48‑19‑251‑85","Яндекс","1","1","0.0","1.0","00:00:15"
"ту 48‑19‑254‑91","Яндекс","1","1","0.0","1.0","00:00:16"
"ту 48–19–316–80","Яндекс","1","1","0.0","3.0","00:07:32"
"ту 5-357-75","Яндекс","1","1","0.0","1.0","00:00:26"
"ту 641247272","Яндекс","1","1","1.0","1.0","00:00:00"
"ту 95 166-83 скачать","Яндекс","1","1","0.0","1.0","00:00:15"
"ту 95 311-82 скачать","Яндекс","1","1","0.0","3.0","00:00:59"
"ту 95-166-83 pdf","Яндекс","1","1","0.0","2.0","00:02:45"
"ту 95-2816-2002","Яндекс","1","1","0.0","4.0","00:06:09"
"ту 95.2817-2002","Яндекс","1","1","0.0","1.0","00:00:18"
"ту 95.311","Яндекс","1","1","1.0","1.0","00:00:00"
"ту 95.311-82 скачать","Яндекс","1","1","0.0","1.0","00:00:15"
"ту 961-1543-70","Яндекс","1","1","0.0","1.0","00:00:15"
"ту tu 48-13-16-91 скачать полный текст","Яндекс","1","1","0.0","2.0","00:00:06"
"ту внж95 48-19-84-81","Яндекс","1","1","0.0","1.0","00:00:15"
"ту или ти феррокобальта 2026","Яндекс","1","1","0.0","2.0","00:01:06"
"ту молибденовые штабики","Яндекс","1","1","0.0","4.0","00:11:28"
"ту на вольфрамовые листы","Яндекс","1","1","0.0","5.0","00:02:31"
"ту на оловянную проволоку","Яндекс","1","1","0.0","2.0","00:00:51"
"ту на проволока вольфрамовая","Яндекс","1","1","1.0","1.0","00:00:00"
"ту на проволоку молибденовую","Яндекс","1","1","0.0","1.0","00:00:15"
"ту на продукцию из нержавеющей стали пример","Яндекс","1","1","1.0","1.0","00:00:00"
"ту на пруток вольфрам ва","Яндекс","1","1","0.0","1.0","00:00:15"
"ту порошок титановый гт ту14-22-57-92 читать","Яндекс","1","1","0.0","1.0","00:00:26"
"ту яе0.021.055","Яндекс","1","1","0.0","1.0","00:00:16"
"ту яе0.021.105","Яндекс","1","1","0.0","1.0","00:00:19"
"ту яео 0.021.090","Яндекс","1","1","0.0","1.0","00:00:15"
"ту-1-4608-89","Яндекс","1","1","1.0","1.0","00:00:00"
"ту-1-5-357","Яндекс","1","1","0.0","2.0","00:02:26"
"ту-1870-258-00196109-2001","Яндекс","1","1","0.0","1.0","00:00:15"
"ту-48-13-17-77","Яндекс","1","1","0.0","7.0","00:04:01"
"ту-48-19-39-85","Яндекс","1","1","0.0","1.0","00:00:23"
"ту14-22-57","Яндекс","1","1","0.0","2.0","00:00:54"
"ту14-22-57-92","Яндекс","1","1","0.0","1.0","00:00:15"
"ту48 19 39-85","Яндекс","1","1","0.0","1.0","00:00:22"
"ту48-13-16-91","Яндекс","1","1","0.0","1.0","00:00:17"
"ту48-19-10","Яндекс","1","1","0.0","1.0","00:00:19"
"ту48-19-203-85","Яндекс","1","1","1.0","1.0","00:00:00"
"ту48-19-251-77","Яндекс","1","1","0.0","1.0","00:00:15"
"ту48-19-254-77","Яндекс","1","1","0.0","2.0","00:15:50"
"ту48-19-264-85","Яндекс","1","1","0.0","1.0","00:00:15"
"ту48-19-286-91","Яндекс","1","1","0.0","1.0","00:00:15"
"ту48-19-315-89","Яндекс","1","1","0.0","1.0","00:00:15"
"ту48-19-316-92","Яндекс","1","1","0.0","3.0","00:01:10"
"ту48-19-39-85","Яндекс","1","1","0.0","1.0","00:00:15"
"ту48-19-447-88 читать","Яндекс","1","1","1.0","1.0","00:00:00"
"ту48-19-69-80","Яндекс","1","1","0.0","2.0","00:05:03"
"ту48-19–72-92","Яндекс","1","1","0.0","1.0","00:00:15"
"ту48-21-144-90","Яндекс","1","1","1.0","1.0","00:00:00"
"ту48-21-145-72","Яндекс","1","1","1.0","1.0","00:00:00"
"ту48-21-145-72скачать","Яндекс","1","1","0.0","1.0","00:00:15"
"ту48-4-272-73","Яндекс","1","1","0.0","2.0","00:06:16"
"ту48-4-374-76","Яндекс","1","1","0.0","3.0","00:13:07"
"ту48-9-45-67 скачать","Яндекс","1","1","0.0","3.0","00:00:50"
"ту4819273-91","Яндекс","1","1","0.0","1.0","00:00:15"
"ту 11‑89 яе0.021.105","Яндекс","1","1","0.0","1.0","00:00:15"
"ту 14-1-3013-80","Яндекс","1","1","0.0","1.0","00:00:23"
"ту 48‑4‑272‑73","Яндекс","1","1","1.0","1.0","00:00:00"
"тугоплавкие стали стоимость","Яндекс","1","1","0.0","1.0","00:00:15"
"тугоплавкость фехраля нихрома вольфрама","Яндекс","1","1","0.0","1.0","00:00:15"
"тухляк карбит","Яндекс","1","1","0.0","1.0","00:00:16"
"ударные поршни для разработки горных пород из какого материала изготавливаются","Яндекс","1","1","0.0","1.0","00:00:17"
"удельное сопротивлени хромели","Яндекс","1","1","0.0","1.0","00:00:15"
"удельное сопротивление алюмель","Яндекс","1","1","0.0","1.0","00:00:15"
"удельное сопротивление нихрома","Яндекс","1","1","1.0","1.0","00:00:00"
"удельное сопротивление нихрома в мм","Яндекс","1","1","0.0","2.0","00:00:14"
"удельное сопротивление фехраля гост","Яндекс","1","1","1.0","1.0","00:00:00"
"уена технического титана за тонну","Яндекс","1","1","1.0","1.0","00:00:00"
"управление нагрева нихромовой полосы без термодатчика с помощью изменения её сопротивления","Яндекс","1","1","0.0","1.0","00:00:19"
"упрочняющее кобальтовое покрытие на трущиеся детали","Яндекс","1","1","0.0","1.0","00:00:15"
"услуги на токарном станке дип-500","Яндекс","1","1","1.0","1.0","00:00:00"
"установка получения гидрида титана из йодидного титана","Яндекс","1","1","0.0","2.0","00:02:54"
"устройство термопары кгв 80 в развёртке","Яндекс","1","1","0.0","1.0","00:00:15"
"утилизация химреактивов в новосибирске","Яндекс","1","1","1.0","1.0","00:00:00"
"феронеобий","Яндекс","1","1","1.0","1.0","00:00:00"
"фероникель как определить","Яндекс","1","1","1.0","1.0","00:00:00"
"фероспла цена","Яндекс","1","1","0.0","1.0","00:00:15"
"ферроВОЛЬФРАМ - применение","Яндекс","1","1","0.0","1.0","00:00:15"
"ферроВольфрам цены в россии и вьетнаме и и индии","Яндекс","1","1","1.0","1.0","00:00:00"
"феррованадий гост","Яндекс","1","1","0.0","1.0","00:00:15"
"феррованадий на бирже цена","Яндекс","1","1","0.0","5.0","00:01:32"
"ферровольфрам","Яндекс","1","1","0.0","5.0","00:00:15"
"ферровольфрам (~18–20%) 1 кг","Яндекс","1","1","0.0","1.0","00:00:19"
"ферровольфрам в штабиках","Яндекс","1","1","0.0","1.0","00:00:15"
"ферровольфрам график цены","Яндекс","1","1","1.0","1.0","00:00:00"
"ферровольфрам мировые новости и цены","Яндекс","1","1","0.0","4.0","00:07:16"
"ферровольфрам мировые цены график","Яндекс","1","1","1.0","1.0","00:00:00"
"ферромагний для литья как может по другому называться","Яндекс","1","1","0.0","1.0","00:00:15"
"ферромарганец mn 78% min, c 8% max европа eur/mt 1020-1050","Яндекс","1","1","1.0","1.0","00:00:00"
"ферромарганец биржа","Яндекс","1","1","1.0","1.0","00:00:00"
"ферромарганец мировые цены","Яндекс","1","1","0.0","4.0","00:02:24"
"ферромарганец цена в азии бирже","Яндекс","1","1","1.0","1.0","00:00:00"
"ферроматериалы","Яндекс","1","1","0.0","1.0","00:00:14"
"ферромолибден стоимость на бирже","Яндекс","1","1","1.0","1.0","00:00:00"
"ферромолибден товарная биржа","Яндекс","1","1","0.0","2.0","00:23:33"
"ферромолибден цена за 1 кг на сегодня","Яндекс","1","1","1.0","1.0","00:00:00"
"ферронеобий","Яндекс","1","1","0.0","1.0","00:00:15"
"ферроникель","Яндекс","1","1","0.0","1.0","00:00:15"
"ферроникель картинки","Яндекс","1","1","1.0","1.0","00:00:00"
"ферроникель марка фн2 гост на отбор проб","Яндекс","1","1","0.0","1.0","00:00:15"
"ферроникель марки фни70 изготовители","Яндекс","1","1","0.0","2.0","00:24:13"
"ферроникель найти гост","Яндекс","1","1","0.0","1.0","00:00:15"
"ферроникель определение никеля","Яндекс","1","1","0.0","2.0","00:01:32"
"ферроникель состав","Яндекс","1","1","1.0","1.0","00:00:00"
"ферроникель ту","Яндекс","1","1","0.0","1.0","00:00:15"
"ферросиликомарганец 18 цена за тонну","Яндекс","1","1","1.0","1.0","00:00:00"
"ферросплав","Яндекс","1","1","0.0","1.0","00:00:15"
"ферросплав для сельского хозяйства","Яндекс","1","1","0.0","1.0","00:00:15"
"ферросплав легирование","Яндекс","1","1","0.0","3.0","00:06:15"
"ферросплав марки","Яндекс","1","1","0.0","2.0","00:01:32"
"ферросплав с si, ti, co, s","Яндекс","1","1","0.0","4.0","00:01:02"
"ферросплавы lme онлайн","Яндекс","1","1","0.0","3.0","00:02:49"
"ферросплавы в производстве стали","Яндекс","1","1","0.0","1.0","00:00:15"
"ферросплавы где и как применяются","Яндекс","1","1","0.0","1.0","00:00:15"
"ферросплавы как определить","Яндекс","1","1","0.0","28.0","00:04:45"
"ферросплавы как определить какой металл","Яндекс","1","1","0.0","1.0","00:00:15"
"ферросплавы какие применяются в металлургии фото","Яндекс","1","1","0.0","1.0","00:00:15"
"ферросплавы применение","Яндекс","1","1","0.0","1.0","00:00:16"
"ферросплавы с содержанием хрома","Яндекс","1","1","0.0","1.0","00:00:15"
"ферросплавы фото с описанием","Яндекс","1","1","1.0","1.0","00:00:00"
"ферросплавы что это такое","Яндекс","1","1","1.0","1.0","00:00:00"
"ферросплавы это черная металлургия или цветная","Яндекс","1","1","0.0","1.0","00:00:15"
"ферротитан","Яндекс","1","1","0.0","2.0","00:00:21"
"ферротитан обнинск","Яндекс","1","1","0.0","1.0","00:00:15"
"феррохром виды","Яндекс","1","1","0.0","1.0","00:00:15"
"феррохром расшифровка маркировки и содержание хрома в","Яндекс","1","1","0.0","1.0","00:00:20"
"феррохром содержащие материалы","Яндекс","1","1","0.0","1.0","00:00:15"
"феррохром цена за 1 кг","Яндекс","1","1","0.0","3.0","00:00:54"
"феррохром+1312+китай","Яндекс","1","1","1.0","1.0","00:00:00"
"фехралевая проволока диаметр количество в катушке фехраль марка","Яндекс","1","1","0.0","2.0","00:01:02"
"фехралевая проволока для чего она","Яндекс","1","1","1.0","1.0","00:00:00"
"фехралевая проволока удельное сопротивление","Яндекс","1","1","0.0","1.0","00:00:15"
"фехралевая сталь","Яндекс","1","1","0.0","2.0","00:02:27"
"фехраль 1.2 какую максимальная температура","Яндекс","1","1","0.0","1.0","00:00:14"
"фехраль gs sy 1мм купить","Яндекс","1","1","0.0","1.0","00:00:15"
"фехраль евро и суперфехраль разница","Яндекс","1","1","0.0","1.0","00:00:16"
"фехраль изделия","Яндекс","1","1","0.0","1.0","00:00:16"
"фехраль марки","Яндекс","1","1","0.0","2.0","00:00:50"
"фехраль обработка","Яндекс","1","1","0.0","1.0","00:00:18"
"фехраль от нихрома отличия?","Яндекс","1","1","1.0","1.0","00:00:00"
"фехраль применение","Яндекс","1","1","0.0","1.0","00:00:15"
"фехраль производстао","Яндекс","1","1","0.0","1.0","00:00:21"
"фехраль пх25ю6 химический состав","Яндекс","1","1","0.0","1.0","00:00:15"
"фехраль склонность к коррозии","Яндекс","1","1","0.0","1.0","00:00:15"
"фехраль сопротивление","Яндекс","1","1","0.0","1.0","00:00:14"
"фехраль характеристики","Яндекс","1","1","0.0","2.0","00:02:33"
"фехраль хим состав","Яндекс","1","1","1.0","1.0","00:00:00"
"фехраль что в составе","Яндекс","1","1","1.0","1.0","00:00:00"
"фехраль что это","Яндекс","1","1","1.0","1.0","00:00:00"
"фехраль что это за сплав","Яндекс","1","1","0.0","1.0","00:00:15"
"фехраль что это такое","Яндекс","1","1","0.0","1.0","00:00:15"
"фехраль+что+это+такое","Яндекс","1","1","1.0","1.0","00:00:00"
"физические и химические параметры титана","Яндекс","1","1","0.0","1.0","00:00:15"
"физические свойства и применение титана","Яндекс","1","1","0.0","1.0","00:00:15"
"физические свойства ниобия","Яндекс","1","1","0.0","1.0","00:00:16"
"физические характеристики нихрома по справочникам","Яндекс","1","1","0.0","4.0","00:00:58"
"фильтр металлический спеченный","Яндекс","1","1","0.0","2.0","00:00:26"
"фильтр пористый","Яндекс","1","1","0.0","2.0","00:02:08"
"фильтры из никеля трубки химсостав","Яндекс","1","1","0.0","1.0","00:00:15"
"фихралевая спираль 1.5","Яндекс","1","1","0.0","1.0","00:00:15"
"фольврам какая марка у стержня","Яндекс","1","1","0.0","2.0","00:00:22"
"фольга молибден гост","Яндекс","1","1","0.0","1.0","00:00:15"
"фольга молибденовая срок хранения","Яндекс","1","1","0.0","2.0","00:00:42"
"фольга молибденовая ту","Яндекс","1","1","0.0","1.0","00:00:15"
"фольга мч 48-19-245 ту расшифровка наименования","Яндекс","1","1","1.0","1.0","00:00:00"
"фольга фехраль","Яндекс","1","1","0.0","1.0","00:00:15"
"фольга фмэга мн-152(18)х1000","Яндекс","1","1","0.0","1.0","00:00:15"
"фольфрам","Яндекс","1","1","1.0","1.0","00:00:00"
"формула LME методика от 09.07.2026","Яндекс","1","1","0.0","10.0","00:07:45"
"формула расчета длины проволоки в зависимости от диаметра спирали","Яндекс","1","1","0.0","1.0","00:00:15"
"формулы расчета нихромовой проволоки","Яндекс","1","1","0.0","1.0","00:00:15"
"форум по продаже труб","Яндекс","1","1","1.0","1.0","00:00:00"
"фото и названия ферросплавов","Яндекс","1","1","0.0","2.0","00:01:52"
"фото сколько стоит металл 2026","Яндекс","1","1","1.0","1.0","00:00:00"
"фото формы для горячего прессования композитов","Яндекс","1","1","1.0","1.0","00:00:00"
"футеровка из стали 110г13л по чертежам заказчика","Яндекс","1","1","1.0","1.0","00:00:00"
"х12 тысяч тонн циркония стоимость","Яндекс","1","1","0.0","1.0","00:00:15"
"х20н80 н проволока","Яндекс","1","1","1.0","1.0","00:00:00"
"х20н80 расчет веса","Яндекс","1","1","0.0","1.0","00:00:16"
"х20н80, х23ю5т, х27ю5т сравнение","Яндекс","1","1","0.0","1.0","00:00:15"
"х23ю5т или х27ю5т для муфельной печи ?","Яндекс","1","1","0.0","1.0","00:00:15"
"х23ю5т сопротивление проволки","Яндекс","1","1","1.0","1.0","00:00:00"
"ха терпопара как расшифровывается","Яндекс","1","1","0.0","1.0","00:00:18"
"ха-термопара","Яндекс","1","1","0.0","1.0","00:00:16"
"характеристика металла тантал","Яндекс","1","1","0.0","2.0","00:06:26"
"характеристика металла титана","Яндекс","1","1","0.0","1.0","00:00:15"
"характеристика молибдена","Яндекс","1","1","1.0","1.0","00:00:01"
"характеристика никеля","Яндекс","1","1","0.0","1.0","00:00:15"
"характеристика химического элемента Mo","Яндекс","1","1","0.0","1.0","00:00:15"
"характеристика химического элемента рент","Яндекс","1","1","1.0","1.0","00:00:00"
"характеристики жаропрочных кругов","Яндекс","1","1","0.0","1.0","00:00:15"
"характеристики мельхиора мнжмц30-1-1","Яндекс","1","1","0.0","1.0","00:00:15"
"характеристики ниобия и нбц 1","Яндекс","1","1","0.0","1.0","00:00:15"
"характеристики смесей вк8 и вк15","Яндекс","1","1","0.0","1.0","00:00:15"
"характеристики термопары ка типа","Яндекс","1","1","0.0","1.0","00:00:14"
"хим состав в-10 вольфрамовый пруток","Яндекс","1","1","0.0","2.0","00:03:56"
"хим состав марка титана вт5 по ост1 90013-81","Яндекс","1","1","1.0","1.0","00:00:00"
"хим состав олова","Яндекс","1","1","0.0","1.0","00:00:15"
"хим состав сплава алюмель","Яндекс","1","1","0.0","1.0","00:00:15"
"хим состав титан кобальта","Яндекс","1","1","0.0","1.0","00:00:15"
"хим элемент ванадий","Яндекс","1","1","0.0","1.0","00:00:16"
"хим элементы, которые повышают жаростойкость","Яндекс","1","1","0.0","1.0","00:00:16"
"химическая стойкость химического никеля","Яндекс","1","1","0.0","3.0","00:15:36"
"химически стойкий титан марки","Яндекс","1","1","0.0","1.0","00:00:15"
"химические и электрохимические реакции, протекающие при проведении технологических операций гальванического никелирования","Яндекс","1","1","0.0","1.0","00:00:16"
"химический состав жаростойких сплавов","Яндекс","1","1","0.0","1.0","00:00:15"
"химический состав сплава монель","Яндекс","1","1","0.0","1.0","00:00:15"
"химический состав циркония","Яндекс","1","1","0.0","1.0","00:00:15"
"химический элемент рений","Яндекс","1","1","0.0","1.0","00:00:15"
"химический элемент рений при модификации чугуна","Яндекс","1","1","0.0","2.0","00:00:30"
"химический элемент титан","Яндекс","1","1","0.0","2.0","00:00:31"
"химический элемент цирконий доклад","Яндекс","1","1","0.0","1.0","00:00:15"
"химия 8 класс сообщение о олово","Яндекс","1","1","1.0","1.0","00:00:00"
"химия константан","Яндекс","1","1","0.0","1.0","00:00:15"
"химия титана","Яндекс","1","1","0.0","3.0","00:10:28"
"химсостав ванадий","Яндекс","1","1","0.0","1.0","00:00:15"
"химэдемент zr","Яндекс","1","1","0.0","1.0","00:00:15"
"хн60вт калькулятор","Яндекс","1","1","0.0","1.0","00:00:25"
"хн60т расчитать вес","Яндекс","1","1","0.0","1.0","00:00:21"
"хн78т калькулятор","Яндекс","1","1","0.0","2.0","00:00:21"
"хн78т листы расчиать вес","Яндекс","1","1","0.0","2.0","00:01:53"
"хн78т плотность аналог калькулятор","Яндекс","1","1","0.0","1.0","00:00:29"
"хн78т сталь калькулятор металла","Яндекс","1","1","1.0","1.0","00:00:00"
"хром где используется","Яндекс","1","1","0.0","2.0","00:02:45"
"хром и нго применение","Яндекс","1","1","0.0","1.0","00:00:15"
"хром как выглядит изделие","Яндекс","1","1","0.0","1.0","00:00:15"
"хром как легирующий элемент в сталях","Яндекс","1","1","0.0","2.0","00:00:36"
"хром молибден труба цена","Яндекс","1","1","0.0","1.0","00:00:15"
"хром молибденовый лист купить","Яндекс","1","1","1.0","1.0","00:00:00"
"хром по таблице менделеева","Яндекс","1","1","0.0","1.0","00:00:15"
"хром применения","Яндекс","1","1","0.0","1.0","00:00:15"
"хром свойства и применение","Яндекс","1","1","0.0","1.0","00:00:16"
"хром сплав","Яндекс","1","1","0.0","1.0","00:00:15"
"хром сплав характеристики металл","Яндекс","1","1","1.0","1.0","00:00:00"
"хром химический элемент","Яндекс","1","1","0.0","1.0","00:00:16"
"хром цена на lme","Яндекс","1","1","0.0","4.0","00:02:18"
"хром цена на лме","Яндекс","1","1","0.0","2.0","00:01:43"
"хром что за металл","Яндекс","1","1","1.0","1.0","00:00:00"
"хром это какой металл","Яндекс","1","1","1.0","1.0","00:00:00"
"хромаль это","Яндекс","1","1","0.0","1.0","00:00:14"
"хромель","Яндекс","1","1","0.0","1.0","00:00:16"
"хромель - алюмель wiki","Яндекс","1","1","0.0","1.0","00:00:15"
"хромель алюмель состав сплава","Яндекс","1","1","0.0","1.0","00:00:15"
"хромель алюмель это","Яндекс","1","1","0.0","1.0","00:00:15"
"хромель капель принцип работы","Яндекс","1","1","0.0","1.0","00:00:15"
"хромель копель это","Яндекс","1","1","0.0","1.0","00:00:15"
"хромель на копель","Яндекс","1","1","1.0","1.0","00:00:00"
"хромель состав","Яндекс","1","1","0.0","1.0","00:00:15"
"хромель состав сплава","Яндекс","1","1","0.0","1.0","00:00:15"
"хромель температурный коэффициент сопротивления","Яндекс","1","1","0.0","1.0","00:00:15"
"хромель термическая обработка","Яндекс","1","1","1.0","1.0","00:00:00"
"хромель фальга","Яндекс","1","1","1.0","1.0","00:00:00"
"хромель-алюмелевых проводов","Яндекс","1","1","0.0","1.0","00:00:15"
"хромель-алюмель и хромель-копель разница","Яндекс","1","1","0.0","1.0","00:00:16"
"хромель-копелевая термопара","Яндекс","1","1","0.0","1.0","00:00:16"
"хромелькопелевой термопары","Яндекс","1","1","0.0","1.0","00:00:15"
"хромелькопель","Яндекс","1","1","1.0","1.0","00:00:00"
"хромирование нержавеющей стали","Яндекс","1","1","0.0","1.0","00:00:15"
"хромовое покрытие оболочек циркониевых твэлов","Яндекс","1","1","0.0","1.0","00:00:15"
"хромовые безуглеродистые сплавы с низким содержанием кобальта","Яндекс","1","1","0.0","1.0","00:00:14"
"хэ-16-46нхтюм-ви","Яндекс","1","1","1.0","1.0","00:00:00"
"цвет циркония","Яндекс","1","1","0.0","1.0","00:00:15"
"цена  лме на 21.05.2026","Яндекс","1","1","1.0","1.0","00:00:00"
"цена 1 кг тантала","Яндекс","1","1","0.0","1.0","00:00:15"
"цена 1кг тантала и ниобия","Яндекс","1","1","0.0","6.0","00:06:37"
"цена 1кг титана в 2000 году","Яндекс","1","1","0.0","1.0","00:00:15"
"цена lme на вольфрам","Яндекс","1","1","0.0","3.0","00:00:53"
"цена lme свинец 10.06.2026","Яндекс","1","1","1.0","1.0","00:00:00"
"цена бокситовой руды","Яндекс","1","1","1.0","1.0","00:00:00"
"цена бронзы котировка в марте 2024 тгода","Яндекс","1","1","1.0","1.0","00:00:00"
"цена ванадий на бирже в рублях на сегодня за кг","Яндекс","1","1","1.0","1.0","00:00:00"
"цена ванадия за 1 кг","Яндекс","1","1","0.0","1.0","00:00:15"
"цена вольфрам график","Яндекс","1","1","1.0","1.0","00:00:00"
"цена вольфрам на бирже в китае сейчас","Яндекс","1","1","1.0","1.0","00:00:00"
"цена вольфрама в июле 2026","Яндекс","1","1","1.0","1.0","00:00:00"
"цена вольфрама за 1 кг на лондонской бирже","Яндекс","1","1","1.0","1.0","00:00:00"
"цена вольфрама за 1 кг на мировом рынке","Яндекс","1","1","1.0","1.0","00:00:00"
"цена вольфрама на бирже на бирже","Яндекс","1","1","1.0","1.0","00:00:00"
"цена вольфрама на бирже сегодня","Яндекс","1","1","1.0","1.0","00:00:00"
"цена вольфрама на лме","Яндекс","1","1","1.0","1.0","00:00:00"
"цена вольфрама на лондонской бирже 25 июля 2026 год","Яндекс","1","1","1.0","1.0","00:00:00"
"цена вольфрама на рынке лме","Яндекс","1","1","0.0","2.0","00:00:45"
"цена вольфрамового концентрата на бирже","Яндекс","1","1","1.0","1.0","00:00:00"
"цена вольфрамового концентрата с содержанием 65 %","Яндекс","1","1","0.0","3.0","00:01:25"
"цена вольфрамовое концентрат 65% за 1 кг, в китае","Яндекс","1","1","0.0","4.0","00:07:05"
"цена вольфрамовые штабики 99 95 на шанхайской бирже сегодня","Яндекс","1","1","0.0","1.0","00:00:15"
"цена вольфрамовых cif roterdam","Яндекс","1","1","0.0","2.0","00:01:08"
"цена железа на бирже за кг","Яндекс","1","1","1.0","1.0","00:00:00"
"цена за лом ниобия","Яндекс","1","1","0.0","3.0","00:17:31"
"цена за тантал","Яндекс","1","1","0.0","1.0","00:00:15"
"цена золота на бирже 13.09.23","Яндекс","1","1","1.0","1.0","00:00:00"
"цена кадмия за 1 кг на лондонской бирже","Яндекс","1","1","1.0","1.0","00:00:00"
"цена кобальта за 1 кг на бирже","Яндекс","1","1","1.0","1.0","00:00:00"
"цена концентрат вольфрама 65%на сегодня","Яндекс","1","1","1.0","1.0","00:00:00"
"цена концентрата вольфрама на лондонской бирже","Яндекс","1","1","1.0","1.0","00:00:01"
"цена лента копель мнмц43-0,5 1х280","Яндекс","1","1","0.0","3.0","00:05:13"
"цена лом жаропрочных никелевых сплавов","Яндекс","1","1","0.0","2.0","00:09:40"
"цена марганца на бирже","Яндекс","1","1","1.0","1.0","00:00:00"
"цена марганцовистой стали 18%","Яндекс","1","1","1.0","1.0","00:00:00"
"цена меди 2019","Яндекс","1","1","1.0","1.0","00:00:00"
"цена меди 7 августа 2025","Яндекс","1","1","1.0","1.0","00:00:00"
"цена меди lme за октябрь 2024","Яндекс","1","1","1.0","1.0","00:00:00"
"цена меди лме 01.08.2024","Яндекс","1","1","0.0","2.0","00:03:02"
"цена меди на бирже лондонской на 21.07.26","Яндекс","1","1","1.0","1.0","00:00:00"
"цена меди на лме 12.05.2025","Яндекс","1","1","1.0","1.0","00:00:00"
"цена меди на лме на 20.05.26","Яндекс","1","1","1.0","1.0","00:00:00"
"цена меди на лме на 30.06.2026","Яндекс","1","1","0.0","2.0","00:02:37"
"цена меди на сентябрь 2026","Яндекс","1","1","1.0","1.0","00:00:00"
"цена медь лондонская биржа на январь 2024","Яндекс","1","1","0.0","5.0","00:03:12"
"цена металла май 2026 - сентябрь 2026","Яндекс","1","1","1.0","1.0","00:00:00"
"цена металла на лондонской бирже","Яндекс","1","1","1.0","1.0","00:00:00"
"цена металла на лондонской бирже сегодня","Яндекс","1","1","1.0","1.0","00:00:00"
"цена металла тантал сегодня график","Яндекс","1","1","0.0","3.0","00:03:10"
"цена молибдена на лондонской бирже сегодня","Яндекс","1","1","0.0","3.0","00:23:56"
"цена монели за кг","Яндекс","1","1","0.0","1.0","00:00:15"
"цена на алюминий на бирже на 1 сентябре","Яндекс","1","1","1.0","1.0","00:00:01"
"цена на биржах на ферросплавы","Яндекс","1","1","0.0","3.0","00:01:35"
"цена на бирже сурьма","Яндекс","1","1","1.0","1.0","00:00:00"
"цена на боксит","Яндекс","1","1","1.0","1.0","00:00:00"
"цена на боксит содержанием оксида алюминия 50%","Яндекс","1","1","1.0","1.0","00:00:00"
"цена на вольфрам","Яндекс","1","1","1.0","1.0","00:00:01"
"цена на вольфрам и молибден","Яндекс","1","1","1.0","1.0","00:00:00"
"цена на вольфрам на бирже","Яндекс","1","1","0.0","2.0","00:02:24"
"цена на вольфрамовый пруток в 2020 году","Яндекс","1","1","0.0","3.0","00:05:56"
"цена на железную руду на лондонской бирже 2026 июль","Яндекс","1","1","1.0","1.0","00:00:00"
"цена на железо на бирже","Яндекс","1","1","1.0","1.0","00:00:00"
"цена на золото 21.05.2026 года на лондонской бирже","Яндекс","1","1","1.0","1.0","00:00:00"
"цена на кобальт на бирже с 01-08 сентябрь 2026","Яндекс","1","1","0.0","4.0","00:04:19"
"цена на кобальт на лондонской бирже 30.06.2026","Яндекс","1","1","1.0","1.0","00:00:00"
"цена на лондонской бирже металлов на сегодня радий","Яндекс","1","1","1.0","1.0","00:00:00"
"цена на медь на 07.04.2026 по лондонской бирже","Яндекс","1","1","0.0","2.0","00:00:26"
"цена на металл  14.08.2024","Яндекс","1","1","1.0","1.0","00:00:00"
"цена на металл июль 2026","Яндекс","1","1","1.0","1.0","00:00:00"
"цена на металл на бирже июль 2026","Яндекс","1","1","0.0","2.0","00:03:31"
"цена на металлический рений в мире 06.06.2026","Яндекс","1","1","0.0","4.0","00:09:00"
"цена на молибден на лондонской бирже в августе 2026","Яндекс","1","1","0.0","4.0","00:01:40"
"цена на нержавейку на лондонской бирже","Яндекс","1","1","0.0","2.0","00:12:57"
"цена на никель на 29.01.2026","Яндекс","1","1","1.0","1.0","00:00:00"
"цена на нихром","Яндекс","1","1","0.0","1.0","00:00:15"
"цена на осмий 99.998% на рынке","Яндекс","1","1","1.0","1.0","00:00:00"
"цена на палладий на 13.07.2026","Яндекс","1","1","1.0","1.0","00:00:00"
"цена на рений на китайском рынке на август 2026 года","Яндекс","1","1","0.0","2.0","00:00:11"
"цена на родий лондонская биржа на 28 мая 2026","Яндекс","1","1","1.0","1.0","00:00:00"
"цена на ст.р18 на лондонской бирже металлов","Яндекс","1","1","0.0","2.0","00:00:30"
"цена на сталь","Яндекс","1","1","1.0","1.0","00:00:00"
"цена на сталь на бирже","Яндекс","1","1","1.0","1.0","00:00:00"
"цена на сталь на бирже гонконга инвестинг","Яндекс","1","1","1.0","1.0","00:00:00"
"цена на сталь на лондонской бирже металлов","Яндекс","1","1","0.0","2.0","00:00:08"
"цена на сталь на лондонской бирже на сегодня","Яндекс","1","1","1.0","1.0","00:00:00"
"цена на сурьму на лондонской фондовой бирже металлов сегодня","Яндекс","1","1","1.0","1.0","00:00:00"
"цена на титан","Яндекс","1","1","0.0","1.0","00:00:15"
"цена на титан за тонну","Яндекс","1","1","0.0","2.0","00:00:52"
"цена на титан за тонну в долларах сша на китайском рынке","Яндекс","1","1","1.0","1.0","00:00:00"
"цена на хромитовую, руду 2026г,апрель","Яндекс","1","1","1.0","1.0","00:00:00"
"цена на цветные металлы на лондонской бирже","Яндекс","1","1","0.0","3.0","00:09:08"
"цена на цинк на лондонской бирже на 5 мая 2026","Яндекс","1","1","1.0","1.0","00:00:00"
"цена на черный метал на лондонской бирже","Яндекс","1","1","0.0","2.0","00:01:41"
"цена нержавеющего титана за кг","Яндекс","1","1","0.0","1.0","00:00:20"
"цена никеля на лондонской 2026","Яндекс","1","1","0.0","3.0","00:09:06"
"цена никеля по лондонской бирже за июнь 2026","Яндекс","1","1","1.0","1.0","00:00:00"
"цена нихром диаграмма биржа","Яндекс","1","1","0.0","2.0","00:00:48"
"цена пентоксид ванадия на бирже сегодня","Яндекс","1","1","1.0","1.0","00:00:00"
"цена порошок титана т65 ю35 интерметалид","Яндекс","1","1","1.0","1.0","00:00:00"
"цена рения на lme","Яндекс","1","1","1.0","1.0","00:00:00"
"цена серебра на лондонской торговой бирже 19 августа 2022 года","Яндекс","1","1","0.0","3.0","00:02:07"
"цена серы для добавления в метал на бирже","Яндекс","1","1","1.0","1.0","00:00:00"
"цена спот на apt $/mtu wo3","Яндекс","1","1","1.0","1.0","00:00:00"
"цена средняя на жаропрочка","Яндекс","1","1","0.0","1.0","00:00:15"
"цена стали на бирже на апрель 2025 г и на сегодняшний день","Яндекс","1","1","0.0","2.0","00:00:38"
"цена стали на лондонской бирже","Яндекс","1","1","1.0","1.0","00:00:00"
"цена стали на лондонской бирже 23 сентября 2024 года","Яндекс","1","1","1.0","1.0","00:00:00"
"цена стали на февраль 2026","Яндекс","1","1","0.0","2.0","00:00:32"
"цена сурьмы на бирже за тонну на сегодня","Яндекс","1","1","1.0","1.0","00:00:00"
"цена тантала и ниобия","Яндекс","1","1","0.0","1.0","00:00:15"
"цена тантала на мировом рынке","Яндекс","1","1","1.0","1.0","00:00:00"
"цена титан в россии","Яндекс","1","1","0.0","1.0","00:00:16"
"цена титана 1 кг","Яндекс","1","1","1.0","1.0","00:00:00"
"цена титана за 1 кг","Яндекс","1","1","1.0","1.0","00:00:00"
"цена титана и алюминия","Яндекс","1","1","0.0","2.0","00:00:55"
"цена титана на lme","Яндекс","1","1","0.0","2.0","00:00:22"
"цена титана на бирже за тонну на сегодня","Яндекс","1","1","1.0","1.0","00:00:01"
"цена титана на лондонской бирже","Яндекс","1","1","1.0","1.0","00:00:00"
"цена ферромарганса натоварномырьевой бирже лондон","Яндекс","1","1","0.0","3.0","00:08:10"
"цена ферромолибден биржа","Яндекс","1","1","1.0","1.0","00:00:00"
"цена ферромолибдена на бирже","Яндекс","1","1","1.0","1.0","00:00:00"
"цена феррохрома за тонну на lme","Яндекс","1","1","0.0","2.0","00:00:19"
"цена циркония в чушках код тнвэд 81 09 20000 0 чистота 99.978","Яндекс","1","1","0.0","1.0","00:00:15"
"цена циркония за 1 кг","Яндекс","1","1","0.0","2.0","00:24:10"
"цена чистого железа на лондонской бирже металла","Яндекс","1","1","0.0","2.0","00:01:08"
"цена+вольфрама+за+1+кг+на+мировом+рынке","Яндекс","1","1","1.0","1.0","00:00:00"
"цена+вольфрама+на+бирже+сегодня","Яндекс","1","1","1.0","1.0","00:00:00"
"ценана металл ноябрь 2025","Яндекс","1","1","1.0","1.0","00:00:00"
"ценй на лондонской бирже 1 августа на сталь","Яндекс","1","1","1.0","1.0","00:00:00"
"цены на вольфрам в сентябре график","Яндекс","1","1","1.0","1.0","00:00:00"
"цены на вольфрам на бирже","Яндекс","1","1","1.0","1.0","00:00:00"
"цены на вольфрам юань 26.06","Яндекс","1","1","0.0","2.0","00:00:58"
"цены на жаропрочные литейные сплавы температура 550-600 с","Яндекс","1","1","0.0","1.0","00:00:14"
"цены на карбид вольфрама в китае в мае 2026","Яндекс","1","1","1.0","1.0","00:00:00"
"цены на легирующие элементы","Яндекс","1","1","1.0","1.0","00:00:00"
"цены на лом молибдена мч","Яндекс","1","1","0.0","2.0","00:12:33"
"цены на лондонской бирже драгоценных металлов на 29.06.2026","Яндекс","1","1","1.0","1.0","00:00:00"
"цены на лондонской бирже цветного металла на 29 июля 2026","Яндекс","1","1","1.0","1.0","00:00:00"
"цены на металл 2026","Яндекс","1","1","1.0","1.0","00:00:00"
"цены на металл в 2026","Яндекс","1","1","1.0","1.0","00:00:00"
"цены на металл в в европу","Яндекс","1","1","0.0","2.0","00:01:16"
"цены на металл в европе","Яндекс","1","1","1.0","1.0","00:00:01"
"цены на металл на бирже в лондоне","Яндекс","1","1","1.0","1.0","00:00:00"
"цены на металлический хром в китае обрели устойчивость","Яндекс","1","1","1.0","1.0","00:00:00"
"цены на металлы для сплавов","Яндекс","1","1","1.0","1.0","00:00:00"
"цены на металлы на лондонской бирже на сегодня","Яндекс","1","1","1.0","1.0","00:00:00"
"цены на металлы цветные в 2026 на июле","Яндекс","1","1","1.0","1.0","00:00:00"
"цены на нержавейку сентябрь 2022","Яндекс","1","1","1.0","1.0","00:00:00"
"цены на российскин титан в рф","Яндекс","1","1","0.0","2.0","00:02:59"
"цены на сталь биржа","Яндекс","1","1","1.0","1.0","00:00:00"
"цены на сталь биржа июль 26","Яндекс","1","1","1.0","1.0","00:00:00"
"цены на твёрдый Сплав в Ногинске","Яндекс","1","1","0.0","1.0","00:00:15"
"цены на титан","Яндекс","1","1","1.0","1.0","00:00:00"
"цены на тугоплавкие металлы","Яндекс","1","1","0.0","3.0","00:00:16"
"цены на ферросплавы 2026","Яндекс","1","1","1.0","1.0","00:00:00"
"цены на ферросплавы на бирже сегодня","Яндекс","1","1","1.0","1.0","00:00:00"
"цены на ферросплавы на шанхайской бирже","Яндекс","1","1","1.0","1.0","00:00:00"
"цикл уфа валы монель","Яндекс","1","1","1.0","1.0","00:00:00"
"циркон сплав","Яндекс","1","1","0.0","1.0","00:00:15"
"циркони сколко стоиткилограм","Яндекс","1","1","0.0","1.0","00:00:15"
"циркониевая проволока применение","Яндекс","1","1","0.0","1.0","00:00:15"
"циркониевая труба","Яндекс","1","1","0.0","1.0","00:00:16"
"циркониевая труба э125 88","Яндекс","1","1","0.0","1.0","00:00:15"
"циркониевые катоды изготовить под заказ для вакуумного напыления","Яндекс","1","1","1.0","1.0","00:00:00"
"циркониевые трубы","Яндекс","1","1","0.0","2.0","00:02:06"
"циркониевый лист э110 ту 95.166-83 – толщина 0,3 -0,5 мм, площадь листа – 20,35 м2,","Яндекс","1","1","0.0","1.0","00:00:15"
"циркониевый сплав цена за грамм","Яндекс","1","1","1.0","1.0","00:00:00"
"цирконий ,чо это за металл?","Яндекс","1","1","0.0","1.0","00:00:15"
"цирконий 702 ту 48-4-390-76 что это значит?","Яндекс","1","1","1.0","1.0","00:00:00"
"цирконий Э125 состав","Яндекс","1","1","0.0","1.0","00:00:15"
"цирконий в металлургии","Яндекс","1","1","0.0","1.0","00:00:15"
"цирконий в радиодеталях","Яндекс","1","1","0.0","1.0","00:00:15"
"цирконий ванадий цена","Яндекс","1","1","0.0","2.0","00:02:56"
"цирконий где применяется для презентации","Яндекс","1","1","1.0","1.0","00:00:00"
"цирконий где применяется схема","Яндекс","1","1","1.0","1.0","00:00:00"
"цирконий для чего используется","Яндекс","1","1","0.0","1.0","00:00:15"
"цирконий его свойства и назначение","Яндекс","1","1","0.0","2.0","00:04:34"
"цирконий купить металл","Яндекс","1","1","0.0","1.0","00:00:15"
"цирконий металл купить","Яндекс","1","1","0.0","1.0","00:00:15"
"цирконий металл сколько стоит","Яндекс","1","1","0.0","1.0","00:00:15"
"цирконий оболочки твэлов история","Яндекс","1","1","0.0","1.0","00:00:16"
"цирконий описание характеристики","Яндекс","1","1","0.0","1.0","00:00:15"
"цирконий плотность","Яндекс","1","1","0.0","1.0","00:00:15"
"цирконий свойства","Яндекс","1","1","0.0","2.0","00:01:59"
"цирконий состав металла","Яндекс","1","1","0.0","1.0","00:00:14"
"цирконий температура плавления","Яндекс","1","1","0.0","1.0","00:00:15"
"цирконий цвет","Яндекс","1","1","0.0","2.0","00:03:32"
"цирконий цветной или чёрный металл","Яндекс","1","1","0.0","1.0","00:00:16"
"цирконий цена за 1 грамм в рублях сбербанк","Яндекс","1","1","0.0","1.0","00:00:17"
"цирконий цена за кг в рублях на сегодня","Яндекс","1","1","0.0","2.0","00:00:24"
"цирконий что за металл","Яндекс","1","1","0.0","1.0","00:00:15"
"цирконий это металл или не металл цена","Яндекс","1","1","0.0","1.0","00:00:15"
"цирконий это металл цена","Яндекс","1","1","0.0","1.0","00:00:15"
"цирконий это что","Яндекс","1","1","0.0","1.0","00:00:14"
"цирконий это что за химический элемент","Яндекс","1","1","0.0","1.0","00:00:15"
"цирконий+цена+за+1+грамм+в+рублях+на+сегодня","Яндекс","1","1","0.0","1.0","00:00:15"
"цм -2а","Яндекс","1","1","0.0","1.0","00:00:15"
"цм-4а предел прочности","Яндекс","1","1","0.0","1.0","00:00:15"
"цм2а состав","Яндекс","1","1","0.0","2.0","00:02:43"
"цм2а сплав","Яндекс","1","1","0.0","1.0","00:00:14"
"цмрконии","Яндекс","1","1","0.0","1.0","00:00:18"
"частные доски объявлений ""металлы""","Яндекс","1","1","1.0","1.0","00:00:00"
"чем грунтовать олово","Яндекс","1","1","1.0","1.0","00:00:00"
"чем изолируют нихром","Яндекс","1","1","0.0","1.0","00:00:15"
"чем лучше всего сварить литиевые аккумуляторы медно никелевый композит","Яндекс","1","1","0.0","1.0","00:00:18"
"чем можно заменить сплав платина с родием в нагревательных спиралях поджига","Яндекс","1","1","0.0","3.0","00:01:33"
"чем нагреть 1 мм нихромовую проволоку","Яндекс","1","1","0.0","1.0","00:00:15"
"чем отличается нержавейка от жаростойкой сталью","Яндекс","1","1","0.0","1.0","00:00:15"
"чем покрыть оловянные изделия для защиты лаки и смолы как финишное покрытие","Яндекс","1","1","0.0","1.0","00:00:15"
"чем полезен мельхиор","Яндекс","1","1","1.0","1.0","00:00:00"
"чем различаются оголовки термопары а 1 и а 2","Яндекс","1","1","1.0","1.0","00:00:00"
"чем склеивают аккумуляторные сборки","Яндекс","1","1","0.0","1.0","00:00:15"
"чем тантал отличается от титана","Яндекс","1","1","0.0","1.0","00:00:15"
"чередниченко в. с. электрические печи сопротивления. конструкции и эксплуатация электропечей сопротивления / в. с. чередниченко, а. с. бородачев, в. д. артемьев. новосибирск: изд-во нгту, 2006. – том 2. - 572 c.","Яндекс","1","1","0.0","1.0","00:00:13"
"чехлы для термопары для бариевых ванн .pdf","Яндекс","1","1","0.0","1.0","00:01:08"
"чистый молибден","Яндекс","1","1","1.0","1.0","00:00:00"
"читать ост1 90266-86","Яндекс","1","1","0.0","1.0","00:00:15"
"что входит в состав мельхиора входит","Яндекс","1","1","0.0","2.0","00:00:28"
"что делают из олова","Яндекс","1","1","1.0","1.0","00:00:00"
"что делают из циркония","Яндекс","1","1","0.0","1.0","00:00:20"
"что делают с катодным никелем","Яндекс","1","1","0.0","2.0","00:05:03"
"что дороже марганец или никель","Яндекс","1","1","1.0","1.0","00:00:00"
"что за метал в буровых коронках","Яндекс","1","1","0.0","1.0","00:00:15"
"что за метал титан","Яндекс","1","1","0.0","1.0","00:00:15"
"что за метал титан ?","Яндекс","1","1","1.0","1.0","00:00:01"
"что за метал титан и что из него произалдят","Яндекс","1","1","1.0","1.0","00:00:00"
"что за металл ""мельхиор""","Яндекс","1","1","1.0","1.0","00:00:04"
"что за металл на бурение на наконечнике","Яндекс","1","1","0.0","2.0","00:00:27"
"что за металл никель","Яндекс","1","1","0.0","2.0","00:01:51"
"что за минерал вольфрам","Яндекс","1","1","0.0","1.0","00:01:15"
"что за нагревательная нить, состоящая из провода и изоляторов","Яндекс","1","1","0.0","1.0","00:00:15"
"что значит в химии sn","Яндекс","1","1","0.0","2.0","00:00:22"
"что из перечисленного справедливо для модификаторов","Яндекс","1","1","0.0","2.0","00:00:29"
"что изготавливается из ферросплавов","Яндекс","1","1","0.0","1.0","00:00:17"
"что металл хром 20, маргонец 0,5, железо 20,кобальт 1,8 никель 50 молибден 8 ниобий 0,2 вольфрам 0,6","Яндекс","1","1","0.0","1.0","00:00:23"
"что обозначают цифры у никеля 37,38","Яндекс","1","1","1.0","1.0","00:00:02"
"что относится к твердым сплавам рисунки показать","Яндекс","1","1","0.0","1.0","00:00:15"
"что относиться к твердым сплавам","Яндекс","1","1","0.0","1.0","00:00:23"
"что такое ванадий","Яндекс","1","1","0.0","1.0","00:00:15"
"что такое вкф в металлургии","Яндекс","1","1","1.0","1.0","00:00:01"
"что такое вольфрам и где его используют","Яндекс","1","1","0.0","1.0","00:00:17"
"что такое карбид","Яндекс","1","1","0.0","1.0","00:00:15"
"что такое карбиды","Яндекс","1","1","0.0","1.0","00:00:23"
"что такое катодный никель","Яндекс","1","1","1.0","1.0","00:00:00"
"что такое олово","Яндекс","1","1","0.0","2.0","00:08:56"
"что такое прецизионные сплавы","Яндекс","1","1","0.0","1.0","00:00:15"
"что такое рабочий диапазон температур для термопары","Яндекс","1","1","0.0","1.0","00:00:15"
"что такое рений","Яндекс","1","1","1.0","1.0","00:00:00"
"что такое терморар","Яндекс","1","1","0.0","1.0","00:00:32"
"что такое титан","Яндекс","1","1","0.0","1.0","00:00:15"
"что такое фехралевая спираль.","Яндекс","1","1","0.0","1.0","00:00:15"
"что такое химический элемент никель","Яндекс","1","1","1.0","1.0","00:00:00"
"что такое хром и для чего он нужен в виде порошка","Яндекс","1","1","0.0","1.0","00:00:23"
"что такое хромирование металла","Яндекс","1","1","0.0","1.0","00:00:15"
"что такое хромовый сплав","Яндекс","1","1","0.0","2.0","00:00:29"
"что такое цирконий","Яндекс","1","1","1.0","1.0","00:00:00"
"что такое цирконий и его применение","Яндекс","1","1","0.0","1.0","00:00:15"
"что такое электропечи сопротивления","Яндекс","1","1","0.0","1.0","00:00:20"
"шахтные печи сопротивления что это","Яндекс","1","1","0.0","1.0","00:00:15"
"шестигранник калиброванный 38ха","Яндекс","1","1","1.0","1.0","00:00:00"
"шлак алюминия москва скупка","Яндекс","1","1","0.0","3.0","00:00:47"
"шликерное формование порошковых материалов","Яндекс","1","1","0.0","1.0","00:00:31"
"шлифуем карбид вольфрама","Яндекс","1","1","1.0","1.0","00:00:00"
"штабик вольфрамовый","Яндекс","1","1","0.0","1.0","00:00:18"
"штабик молибденовый шмо","Яндекс","1","1","0.0","3.0","00:11:09"
"штабик мшв молибденовый ту","Яндекс","1","1","0.0","1.0","00:00:17"
"штабик ниобиевый нбш ту","Яндекс","1","1","0.0","1.0","00:00:15"
"штабики ту","Яндекс","1","1","1.0","1.0","00:00:00"
"штамповка 34х34х38 вт3-1 ост 90000-70","Яндекс","1","1","0.0","1.0","00:00:15"
"штамповки и поковки из титановых сплавов ост","Яндекс","1","1","0.0","2.0","00:00:26"
"щас ту 48-19-57-91 швч","Яндекс","1","1","0.0","1.0","00:00:15"
"щетки меднографитовые скупка","Яндекс","1","1","1.0","1.0","00:00:01"
"э110 цирконий хим состав","Яндекс","1","1","1.0","1.0","00:00:00"
"эвл, эви, эвт (гост 29929, ту 48-19-27-77), фото","Яндекс","1","1","0.0","1.0","00:00:17"
"эдс термоппар","Яндекс","1","1","0.0","1.0","00:00:15"
"эл.печь сопротивлений закалочная н-45","Яндекс","1","1","0.0","1.0","00:00:15"
"электрические печи сопротивления","Яндекс","1","1","0.0","1.0","00:00:15"
"электрод 3.0 вольфрам ""л"" ту 48-19-27-88","Яндекс","1","1","0.0","2.0","00:03:03"
"электрод вольфрамовый э вл ø4-150","Яндекс","1","1","0.0","1.0","00:00:15"
"электрод вольфрамовый эвл 3-150 гост 23949-80","Яндекс","1","1","0.0","3.0","00:08:30"
"электрод ферротитан","Яндекс","1","1","1.0","1.0","00:00:00"
"электроды вольфрамовые эвч эвл какое содержание вольфрама","Яндекс","1","1","1.0","1.0","00:00:00"
"электролиз никеля","Яндекс","1","1","0.0","1.0","00:00:15"
"электролит гальванического никелирования","Яндекс","1","1","1.0","1.0","00:00:00"
"электролит для покрытия оловом","Яндекс","1","1","0.0","1.0","00:00:16"
"электролит калиево-литиевый как утилизировать новосибирск","Яндекс","1","1","1.0","1.0","00:00:00"
"электролитический порошок титана птэ 40мкм ту 48-10-22-85","Яндекс","1","1","1.0","1.0","00:00:00"
"электролитическое никелирование","Яндекс","1","1","0.0","1.0","00:00:15"
"электропечь сопротивления","Яндекс","1","1","0.0","1.0","00:00:26"
"электропечь сопротивления камерная сколько метров нихрома","Яндекс","1","1","1.0","1.0","00:00:00"
"электропечь сопротивления н-86 в","Яндекс","1","1","0.0","1.0","00:00:15"
"электропечь сопротивления это","Яндекс","1","1","0.0","1.0","00:00:15"
"электропроводимость углерод - wc","Яндекс","1","1","0.0","1.0","00:00:15"
"электрохимический способ лужения медной проволоки и гальванический способ лужения одно и то же или нет?","Яндекс","1","1","0.0","1.0","00:00:15"
"электрохимическое лужение","Яндекс","1","1","0.0","1.0","00:00:21"
"электрохимическое лужение дома различных металлов   гальванопластика","Яндекс","1","1","0.0","1.0","00:00:15"
"элемент co","Яндекс","1","1","1.0","1.0","00:00:00"
"элемент co название","Яндекс","1","1","0.0","1.0","00:00:15"
"элемент re 45%","Яндекс","1","1","0.0","1.0","00:00:15"
"элп-1 и элп-2","Яндекс","1","1","0.0","2.0","00:00:17"
"эп 961 сплав","Яндекс","1","1","1.0","1.0","00:00:00"
"эп578 ту на лист толщиной 2,0 мм","Яндекс","1","1","0.0","1.0","00:00:15"
"эп961-ви","Яндекс","1","1","1.0","1.0","00:00:00"
"эпрнх 0,15х600 н1 что за сплав","Яндекс","1","1","0.0","1.0","00:00:15"
"эрх ту 14-5-76","Яндекс","1","1","0.0","2.0","00:01:02"
"эскиз размещения проволочного эн в рабочей камере шахтной печи сопротивления","Яндекс","1","1","0.0","1.0","00:00:25"
"южный корея цена металл приёма","Яндекс","1","1","1.0","1.0","00:00:00"
"я просто сказала молибден применение","Яндекс","1","1","0.0","1.0","00:00:15"
"являются ли ферросплавы модификаторами","Яндекс","1","1","0.0","1.0","00:00:15"
"яе0.021+расшифровка","Яндекс","1","1","0.0","1.0","00:00:15"
"яе0.021.055","Яндекс","1","1","0.0","1.0","00:00:15"
"яе0.021.090 ту","Яндекс","1","1","0.0","2.0","00:18:37"
"яе0.021.091ту-84 ленты и полосы из меди вакуумной плавки","Яндекс","1","1","0.0","1.0","00:00:15"
"яе0.021.105ту скачать","Яндекс","1","1","0.0","1.0","00:00:15"
"яе0.021.110 ту","Яндекс","1","1","1.0","1.0","00:00:00"
"яе0.021.129 ту","Яндекс","1","1","0.0","2.0","00:06:20"
"яе0.021.131 ту мв-50-1-г-60","Яндекс","1","1","0.0","3.0","00:21:22"
"яео.021.056 ту","Яндекс","1","1","0.0","10.0","00:14:44"
"яео.021.105","Яндекс","1","1","0.0","2.0","00:00:45"
"яео.021.122 ту","Яндекс","1","1","0.0","2.0","00:00:34"
"яео.021.123 ту","Яндекс","1","1","0.0","2.0","00:01:02"
"яео.021.123ту","Яндекс","1","1","0.0","1.0","00:00:15"
"яео.021.142ту","Яндекс","1","1","0.0","2.0","00:03:56"
